iteration,best_fitness,best_cumulative_reward,cumulative_reward_of_best,beta,evaluation_time
0,856.40546,204.16797,204.16797,0.6,17.197598465000002
1,858.02313,250.30728,238.67339,0.6,1.9151422799999978
2,856.7791,336.47614,190.96263,0.6,1.9033210919999988
3,857.96027,290.9805,226.61626,0.6,1.938528961000003
4,856.2225,901.79474,195.77434,0.6,1.850702465000012
5,873.29395,904.0717,25.67718,0.6,1.874401554000002
6,879.8926,949.62274,25.447113,0.6,1.8955041900000111
7,877.18915,233.48111,25.067875,0.6,2.1019438439999902
8,2287.9355,286.97565,52.712696,0.6,1.9108787050000018
9,1983.7897,232.30908,139.47838,0.6,1.9133154419999983
10,1702.8938,335.29776,65.743614,0.6,1.8638958450000018
11,2087.0737,237.63647,61.64808,0.6,1.8944897149999917
12,2548.5251,229.48502,75.26466,0.6,1.8943231559999987
13,2852.7761,231.39153,98.68399,0.6,1.9049364319999995
14,2930.2188,238.80887,59.68125,0.6,1.8687494279999868
15,2891.5596,236.69939,56.54887,0.6,1.9449059199999965
16,2923.5176,251.42393,67.5384,0.6,2.030250475999992
17,2948.2231,266.41425,56.46223,0.6,1.9133458780000012
18,2904.086,242.00574,84.35713,0.6,2.034016316999981
19,2952.1255,978.18945,80.82253,0.6,1.9822343219999823
20,2950.5386,261.96118,137.23743,0.6,1.9843237170000236
21,2912.4841,230.22237,120.97564,0.6,1.9826928159999966
22,2783.647,984.14594,64.94661,0.6,2.1163625420000187
23,2946.7053,381.3119,98.84301,0.6,2.046369317
24,2806.555,922.27893,90.34734,0.6,2.003122582000003
25,2922.4187,317.38254,71.514465,0.6,1.8740438660000223
26,2813.137,239.16338,101.052025,0.6,1.9993662210000025
27,2783.947,498.35303,120.40783,0.6,2.015378159999983
28,2917.588,545.8488,62.344337,0.6,1.8522820670000044
29,2780.149,282.14264,147.23662,0.6,1.983585364999982
30,2788.9702,1008.12024,113.339165,0.6,1.860049217000011
31,2917.7722,1002.93085,54.55094,0.6,1.8498467560000051
32,2779.4863,1010.0475,157.7422,0.6,1.8595111249999832
33,2779.257,1006.7531,175.02063,0.6,2.2455792909999843
34,2779.0232,992.2233,99.975746,0.6,1.8923683140000094
35,2779.0955,243.1085,127.36184,0.6,1.9426614719999975
36,2778.1687,264.0966,115.8605,0.6,2.0042590980000057
37,2777.1309,726.71075,96.60055,0.6,2.147840961000014
38,2783.679,969.90704,79.747635,0.6,1.9880669060000002
39,2776.8276,736.7964,30.510015,0.6,1.935102905000008
40,2785.7935,259.78986,98.70471,0.6,1.9552519540000048
41,2783.0059,286.7813,94.42431,0.6,1.9816405320000001
42,2776.595,489.1538,121.36853,0.6,1.8949658759999863
43,2781.266,690.69745,36.76768,0.6,2.0487618430000225
44,2776.7112,272.9663,120.194756,0.6,1.882388657000007
45,2781.529,1015.9344,91.33105,0.6,1.903505942999999
46,2776.5566,1007.1471,89.23214,0.6,1.9233964409999942
47,2779.3713,999.1047,39.253796,0.6,2.5466998090000175
48,2782.6802,265.59796,113.204,0.6,1.9694411969999805
49,2781.333,259.7033,78.10693,0.6,1.9553621209999505
50,2782.6465,995.6242,62.67582,0.6,2.06986157099999
51,2778.104,1003.6222,104.50338,0.6,1.9151882150000006
52,2781.366,992.93085,83.16927,0.6,1.9040399089999482
53,2774.7498,457.66602,120.93709,0.6,1.9635457439999868
54,2782.035,248.35948,169.89839,0.6,2.340192118999994
55,2775.471,228.86502,29.090408,0.6,1.8725261289999935
56,2782.2468,236.55888,112.45933,0.6,2.0737384040000393
57,2780.1882,957.4427,256.69263,0.6,2.0910653739999816
58,2782.4602,772.64667,132.73328,0.6,2.019870612000034
59,2775.8625,985.1157,87.87388,0.6,2.0929973319999817
60,2784.348,199.21913,124.00264,0.6,2.076034113999981
61,2780.8381,254.3336,120.37184,0.6,2.2828107130000035
62,2776.2698,976.2775,195.12384,0.6,1.9802020950000383
63,2789.7866,227.05089,178.73534,0.6,1.9625312019999797
64,2778.1257,496.75723,101.75826,0.6,2.0548634109999853
65,2781.2368,983.2646,147.46143,0.6,2.016532679000022
66,2776.1333,979.91425,120.21521,0.6,2.0642052940000326
67,2779.47,392.64233,79.37368,0.6,2.063626536999948
68,2780.6216,906.1709,90.04601,0.6,2.322939474000009
69,2768.1248,990.37494,70.831276,0.6,2.036811979000049
70,2769.0127,1004.30023,87.58388,0.6,2.1138283209999713
71,2772.1934,1008.08673,145.30804,0.6,1.9354276909999726
72,2647.3308,985.3361,51.682655,0.6,1.9357028199999604
73,2658.8892,354.21878,51.337524,0.6,2.1863711169999647
74,2670.5964,823.2633,51.82688,0.6,2.1018564080000033
75,2629.868,959.3623,51.786037,0.6,2.3081015779999916
76,2645.5266,893.7593,51.763783,0.6,2.091525493000006
77,2633.7664,691.821,51.508343,0.6,1.902039163999973
78,2681.9055,337.04837,51.798763,0.6,2.239184874999978
79,2660.0837,353.54663,52.583035,0.6,1.9982226959999707
80,2650.6301,841.1076,51.95887,0.6,2.0343419330000074
81,2657.3308,970.90784,51.982525,0.6,1.9638312690000248
82,2641.9692,977.66113,51.82383,0.6,2.030437219000021
83,2647.7578,986.82635,52.947517,0.6,2.0734086960000013
84,2656.141,290.91382,52.04205,0.6,2.107748832000027
85,2678.7825,1009.5955,52.339138,0.6,2.303338210999982
86,2695.5845,427.4943,51.35022,0.6,1.973466524999992
87,2636.1804,995.1214,52.31544,0.6,2.0677445560000365
88,2674.9998,1011.8416,52.571827,0.6,2.037355059000049
89,2648.1848,1013.42035,52.67948,0.6,2.0689716499999804
90,2656.8909,889.22675,51.718903,0.6,1.9809230299999854
91,2650.239,1007.3051,52.412792,0.6,2.1052844829999913
92,2653.7332,964.3428,52.639477,0.6,2.2298189670000284
93,2645.3113,998.8022,51.88799,0.6,1.950282407999964
94,2665.698,998.785,51.479572,0.6,1.9367871000000036
95,2658.6177,1011.6172,51.770245,0.6,1.9792442989999586
96,2656.8125,1010.10785,52.382427,0.6,1.927903248000007
97,2655.6633,998.71625,52.412914,0.6,2.2633745460000227
98,2669.0845,721.1181,51.202503,0.6,2.1133152969999855
99,2637.266,484.69995,50.049923,0.6,1.9250828989999604
100,2650.655,715.16,52.082447,0.6,1.9924438959999975
101,2651.1465,249.92076,51.094074,0.6,1.985586026999954
102,2651.0212,441.06436,51.026863,0.6,2.0987722950000034
103,2638.635,1005.25214,51.907936,0.6,1.9592505649999907
104,2638.193,994.5709,51.184605,0.6,2.08350640499998
105,2635.7146,1017.10254,50.394527,0.6,1.9430648190000284
106,2669.2576,988.95557,53.340565,0.6,1.9456738549999955
107,2664.9216,965.0031,52.134808,0.6,2.166076922000002
108,2654.4888,996.4736,52.394543,0.6,1.9605241219999243
109,2629.302,985.12256,51.182858,0.6,1.904754181000044
110,2664.2773,703.27875,51.106697,0.6,1.8994753580000179
111,2657.3699,711.9144,52.561565,0.6,2.033373695000023
112,2634.8882,699.115,52.349525,0.6,1.90620800399995
113,2697.9707,726.102,51.0648,0.6,1.9194802709999976
114,2646.0432,970.6613,51.70934,0.6,1.898831008000002
115,2641.7036,915.27216,51.409218,0.6,1.9189968870000484
116,2662.6357,452.98312,51.419167,0.6,1.9263466070000277
117,2643.8562,248.47481,52.976612,0.6,2.014604488000032
118,2660.6538,692.64197,52.306202,0.6,2.1600350879999723
119,2646.6238,971.9098,52.764435,0.6,1.965818583999976
120,2667.7527,979.9964,51.224396,0.6,1.9892747389999386
121,2648.827,986.2244,52.431232,0.6,1.9359907980000344
122,2673.7195,973.46185,51.46946,0.6,2.023011088999965
123,2674.5747,1024.3555,50.184166,0.6,1.9258888210000578
124,2664.574,982.60315,50.942467,0.6,2.0320619579999857
125,2651.41,986.541,51.74435,0.6,1.9361463330000106
126,2634.535,205.92781,51.15931,0.6,1.9667975339999657
127,2639.1824,906.5791,51.1314,0.6,1.969402002000038
128,2663.4973,223.39742,51.998158,0.6,1.979064397000002
129,2657.3555,984.0127,51.400867,0.6,2.038690031999977
130,2674.571,999.2541,52.395557,0.6,1.9133470000000443
131,2663.7773,970.00226,52.519848,0.6,1.9341063130000293
132,2641.5232,986.82355,52.262074,0.6,2.0677314470000283
133,2681.1836,996.5737,51.948364,0.6,2.1755370899999207
134,2629.8142,701.3814,51.601826,0.6,2.08461055500004
135,2654.1794,994.8442,52.824043,0.6,2.02127024899994
136,2637.119,987.43097,51.775692,0.6,1.9765718300000117
137,2661.41,964.22473,51.961903,0.6,2.044093664000002
138,2659.3494,999.10394,52.320057,0.6,2.1748897440000974
139,2661.7122,1009.959,50.913837,0.6,2.2431137159999253
140,2652.8406,1003.01855,52.012184,0.6,2.5055920779999497
141,2639.6992,905.54047,52.125973,0.6,2.0651251499999717
142,2658.2769,906.42865,51.46344,0.6,2.2385126709999668
143,2638.2556,413.83643,52.44811,0.6,2.136807109000074
144,2656.3118,266.33176,51.624653,0.6,1.9815749720000895
145,2653.4792,683.2028,52.727028,0.6,1.9839587989999927
146,2655.9575,222.61494,51.588196,0.6,2.046244768000065
147,2652.8984,983.41455,51.466785,0.6,2.1395979799999623
148,2637.7427,983.6743,52.65269,0.6,1.9887657890000128
149,2694.3882,724.2064,52.592876,0.6,2.035208366000006
150,2652.9246,894.13293,51.552425,0.6,2.0644668800000545
151,2646.3364,993.584,51.481068,0.6,1.9056395050000674
152,2647.1833,983.7631,51.508434,0.6,1.9295587849999265
153,2664.562,994.2083,51.09834,0.6,1.8949354840000296
154,2675.2253,1004.6603,52.99546,0.6,2.079234493999934
155,2644.9077,986.7472,52.820045,0.6,1.9042173789999879
156,2655.2493,680.43353,52.268887,0.6,1.9197819729999992
157,2684.048,982.1968,51.536236,0.6,1.9087994120000076
158,2643.8418,987.6002,51.462696,0.6,2.0911502300000393
159,2658.6292,1005.6375,51.45904,0.6,2.0350331160000223
160,2676.1504,994.41986,51.131695,0.6,2.0527145049999262
161,2664.9036,978.86194,53.620922,0.6,1.9362004050000223
162,2638.571,985.3299,52.317837,0.6,2.2028729129999647
163,2656.3867,922.6857,52.036507,0.6,2.0284563840000374
164,2653.0159,277.9331,53.56365,0.6,1.9863478739999891
165,2640.7302,967.3201,52.349987,0.6,1.9802219140000261
166,2662.6997,983.21173,51.51792,0.6,2.014953021999986
167,2700.7354,1006.8862,52.391457,0.6,1.965742156000033
168,2643.388,983.4547,51.766174,0.6,1.9810409839999465
169,2700.654,1006.6865,155.02171,0.6,2.264806447999945
170,2629.002,423.57812,51.442104,0.6,1.9494919039999559
171,2704.299,404.90436,218.23233,0.6,2.024415997999995
172,2686.1238,995.20605,183.65326,0.6,2.140718657000093
173,2716.326,993.6867,148.81572,0.6,2.031226757000013
174,2681.1794,1012.74396,219.3983,0.6,2.2946040499999754
175,2639.6587,1015.75775,51.671852,0.6,2.2601038390000667
176,2649.1892,1012.9386,51.492565,0.6,2.202189671000042
177,2630.3318,1006.7584,51.93594,0.6,1.9253189199999952
178,2652.245,1010.1525,52.349865,0.6,2.08330907200002
179,2642.154,996.38983,54.41401,0.6,1.9919545309999194
180,2658.595,1019.2721,53.02431,0.6,1.90053604000002
181,2659.8435,1019.71173,52.434303,0.6,2.1463768130000744
182,2646.3079,1019.6362,53.900417,0.6,1.9131980799999155
183,2662.3293,1019.5461,52.338696,0.6,1.8962499169999774
184,2658.9377,982.65985,51.50528,0.6,1.8880652779999991
185,2660.0603,239.54549,52.421265,0.6,1.9562028960000362
186,2688.7227,1004.9801,52.023487,0.6,2.0417084150000164
187,2715.9583,835.166,54.558777,0.6,2.2525666239999964
188,2718.659,1020.31165,53.860043,0.6,2.280754663000039
189,2712.6438,1000.2046,53.23408,0.6,2.025806059000047
190,2714.8877,988.8712,53.8876,0.6,1.9209849420000182
191,2719.3418,1003.3042,53.61024,0.6,2.0072980679999546
192,2711.1062,624.1224,55.322674,0.6,2.01681900899996
193,2713.408,1007.4699,53.305653,0.6,1.9911894059999895
194,2715.0935,918.32227,53.200417,0.6,2.111293135999972
195,2709.7324,364.82126,52.340473,0.6,2.008007320000047
196,2712.457,985.9464,54.201473,0.6,2.042675843999973
197,2717.2278,982.3008,54.54081,0.6,1.9601268719999325
198,2712.1514,981.8932,53.272182,0.6,2.0752031870000565
199,2720.5996,498.10913,55.929394,0.6,1.9847629260000303
200,2714.941,1014.3262,53.825184,0.6,1.9908329999999523
201,2717.025,500.90622,54.302124,0.6,1.9771038620000354
202,2713.118,365.46823,52.725403,0.6,1.9741293480000195
203,2715.861,740.23584,53.993176,0.6,1.97133002999999
204,2721.5176,979.9134,52.76946,0.6,1.969263921999982
205,2714.5337,1000.25336,53.646206,0.6,2.132200823000062
206,2709.6785,713.2055,53.88523,0.6,2.0003412749999825
207,2714.9485,676.16003,53.597195,0.6,1.998935696999979
208,2718.198,288.4922,54.765938,0.6,1.9828395079999837
209,2721.3918,706.0549,54.481445,0.6,1.9475804690000587
210,2723.2332,997.8117,54.163685,0.6,1.980599990000087
211,2721.5227,971.8603,53.032116,0.6,2.0001019279999355
212,2715.7136,975.64026,53.329823,0.6,1.985816954000029
213,2718.2412,969.87225,54.289276,0.6,1.987396596999929
214,2727.6372,979.00684,52.761475,0.6,1.9946555909999688
215,2722.812,975.0578,53.90698,0.6,1.915153260000011
216,2715.2847,969.228,54.111927,0.6,2.255850720000012
217,2727.8367,980.4723,55.096405,0.6,1.9044829590000063
218,2715.5876,698.5724,53.840435,0.6,1.9070908620000182
219,2722.373,346.25964,53.29139,0.6,1.9076309470000297
220,2715.7703,606.91205,52.70304,0.6,2.039993928000058
221,2723.766,692.3323,53.39178,0.6,2.2909151659999907
222,2728.1633,717.7448,53.394917,0.6,2.0443890880000026
223,2718.3218,717.1845,55.0818,0.6,2.0618205409999746
224,2721.5322,870.6979,54.571774,0.6,1.9708789379999416
225,2720.288,338.0322,53.82388,0.6,1.966105999999968
226,2719.0586,923.94965,54.21516,0.6,2.0466155699999717
227,2722.354,1015.72723,54.502514,0.6,2.009470348000036
228,2717.8337,302.38315,55.2235,0.6,2.037720901000057
229,2722.9854,314.09885,55.155994,0.6,1.974118558999976
230,2721.4429,995.258,55.12695,0.6,1.9602102920000561
231,2722.1016,854.7884,53.764534,0.6,1.9620932679999896
232,2720.941,716.50604,53.60685,0.6,2.029107700000168
233,2724.2126,449.75546,53.863506,0.6,2.04028198900005
234,2719.6567,676.45166,53.691833,0.6,2.0024540079998587
235,2726.4941,989.34686,55.51662,0.6,2.066050296999947
236,2723.1511,653.20667,52.840027,0.6,2.1340716009999596
237,2725.0354,417.15802,55.52376,0.6,2.0774856160001036
238,2722.056,969.54443,52.91985,0.6,2.161355290000074
239,2727.8542,249.79155,53.651623,0.6,2.5362599979998777
240,2726.5623,462.29938,54.80132,0.6,1.9343200900000284
241,2730.3896,367.0828,53.452198,0.6,1.9867578910000248
242,2719.2043,637.2934,53.390594,0.6,2.040493546999869
243,2719.1938,594.7062,53.20514,0.6,1.9734565979999843
244,2720.7468,390.58408,53.539692,0.6,2.0689973339999597
245,2721.7236,793.44653,53.854378,0.6,2.014781139999968
246,2738.5542,847.944,53.657803,0.6,2.11826945100006
247,2724.0674,1004.54065,53.016506,0.6,1.9769701600000644
248,2726.3997,1005.93695,52.224068,0.6,2.011082864999935
249,2720.6335,308.78452,53.863697,0.6,2.118300371000032
250,2753.279,388.29678,224.37581,0.6,1.9779492889999801
251,2748.5806,1007.60284,213.70366,0.6,1.981260352999925
252,2766.6287,227.58096,215.98116,0.6,1.9498274799998399
253,2752.9727,488.48312,222.90005,0.6,2.1445273919998726
254,2752.7312,244.29297,218.56812,0.6,1.9972263120000662
255,2752.6577,214.94473,214.94473,0.6,2.0058648690001064
256,2759.9766,1000.0386,214.1356,0.6,2.1633989609999844
257,2759.4448,959.5706,221.85796,0.6,2.0612174390000746
258,2753.214,216.78079,216.78079,0.6,2.042039801999863
259,2760.0059,308.7676,219.6459,0.6,2.0681220760000087
260,2746.8806,213.196,213.196,0.6,2.2329112479999367
261,2753.1465,753.33966,218.89336,0.6,1.9906622419998712
262,2764.0627,213.27525,213.27525,0.6,1.9391169890000128
263,2754.8767,988.21075,219.39554,0.6,1.9160051210001257
264,2760.6191,221.78284,221.78284,0.6,1.9200514730000577
265,2757.5664,635.7601,214.9626,0.6,1.9177466139999524
266,2753.1377,380.66547,218.89566,0.6,1.8977556439999717
267,2755.153,325.4358,216.21089,0.6,2.0137350949999018
268,2757.9866,669.68695,217.18623,0.6,1.9869618709999486
269,2752.7812,344.9511,214.4062,0.6,1.9978097309999612
270,2761.9832,269.1722,215.28279,0.6,1.9821992479999153
271,2782.932,991.33704,53.56837,0.6,2.029949950999935
272,2778.4597,700.8907,52.83075,0.6,1.939970841999866
273,2780.8376,549.6955,53.858295,0.6,2.176900101000001
274,2822.4382,216.20152,214.36385,0.6,2.4305312189999313
275,2820.3518,277.04382,212.42032,0.6,2.208597241999996
276,2821.0857,262.9761,211.63911,0.6,2.318423088999907
277,2818.6003,304.9841,211.96086,0.6,2.1760772999998608
278,2821.9507,232.53824,213.09834,0.6,2.1838733980000598
279,2824.3484,566.78265,214.0172,0.6,2.1905574970001
280,2819.237,254.49161,212.48868,0.6,2.1405802549998043
281,2825.3484,232.18721,211.99796,0.6,2.2039440050000394
282,2820.7244,989.44806,214.56445,0.6,1.9792049529999076
283,2824.5696,291.06924,213.04947,0.6,1.9191689340000266
284,2823.1382,655.3461,211.17924,0.6,1.928899248000107
285,2823.4343,974.86975,212.70622,0.6,2.158728400999962
286,2818.6328,985.0639,212.07994,0.6,1.9326066139999512
287,2823.8735,229.23763,212.1007,0.6,1.9385556649999671
288,2823.2634,226.84752,211.93211,0.6,1.9162229389999084
289,2820.5784,327.51318,211.57866,0.6,1.9195571309999195
290,2826.5989,251.9503,212.51329,0.6,1.915713420999964
291,2824.916,257.20786,212.11638,0.6,1.9131907280000178
292,2824.9822,261.86484,212.46092,0.6,1.928897164999853
293,2823.021,267.19586,212.2985,0.6,1.9253288950001206
294,2823.0225,271.99258,211.25903,0.6,1.9244686769998225
295,2828.1167,227.6187,211.44102,0.6,1.934729262000019
296,2823.548,230.11441,210.17615,0.6,2.021768374999965
297,2825.4836,231.37364,210.84422,0.6,2.003938565999988
298,2175.8389,886.509,212.26736,0.7,2.0010504289998607
299,2138.4749,229.94754,225.3022,0.7,1.9877837039998667
300,1901.5536,288.8303,72.516205,0.7,2.4414373590000196
301,1845.05,290.03412,211.04382,0.7,1.9999925289998828
302,2047.7559,315.95197,212.67159,0.7,1.935865516000149
303,2179.4226,244.74873,212.58269,0.7,2.0826544700000795
304,2071.027,256.46536,226.0898,0.7,1.930316146999985
305,2044.3131,242.87071,212.54468,0.7,1.981940786999985
306,2010.9436,383.32007,211.69063,0.7,1.9908992240000316
307,2040.1937,228.22852,228.22852,0.7,2.000309942000058
308,2366.4558,288.0217,212.74446,0.7,1.97570397100003
309,2153.6301,338.59668,211.09032,0.7,1.972942496999849
310,2285.8552,284.6865,210.53027,0.7,2.0348124189999908
311,2068.3708,248.65425,226.9294,0.7,1.9902356940001482
312,2363.0115,230.55449,211.00633,0.7,1.9894618359999185
313,2047.0016,228.04338,214.15787,0.7,1.9666950150001412
314,2183.1663,460.03497,210.56094,0.7,1.908492618000082
315,2178.4526,1038.921,211.9753,0.7,1.895000287999892
316,2242.1804,912.7886,216.18433,0.7,1.9202169039999717
317,2331.0215,989.8008,211.45203,0.7,1.8765191539998796
318,1839.9274,1004.64984,212.20352,0.7,1.989926050000122
319,2255.4648,1032.0775,72.55776,0.7,1.9965127160000975
320,2357.0571,234.6158,212.38521,0.7,1.8922639330000948
321,2112.6409,256.40112,72.32334,0.7,1.8812196799999583
322,1983.6211,229.70377,210.75818,0.7,1.8849349009999514
323,2352.7056,441.60464,210.65372,0.7,2.105644925999968
324,2195.358,616.9462,212.87744,0.7,2.0080662300001677
325,2103.963,248.31128,212.73279,0.7,2.0049688999999944
326,2410.4177,228.20596,212.65977,0.7,1.9593060590000277
327,2133.699,313.17636,226.26416,0.7,2.2122215409999626
328,2117.0735,237.3339,223.59941,0.7,1.9929393830000208
329,1936.5364,280.5869,212.18652,0.7,1.9598320569998577
330,2007.6914,253.86275,214.21768,0.7,1.9782796069998767
331,2079.2207,226.37907,212.20738,0.7,2.050529220000044
332,2059.6707,607.40204,223.43962,0.7,1.9613404149999951
333,2082.605,258.81625,210.2707,0.7,1.9899238810000952
334,2037.1669,228.88896,228.14273,0.7,2.3211531100000684
335,1996.0793,303.32013,212.5775,0.7,1.995922567999969
336,2358.2139,296.49722,212.12024,0.7,2.0165256880000015
337,2303.2695,271.63718,212.99297,0.7,1.9887897989999601
338,2329.879,239.00835,211.93443,0.7,1.921445482000081
339,2074.4421,279.96317,211.46622,0.7,1.9704689810000673
340,2316.509,847.9254,212.50972,0.7,1.9650970610000513
341,2526.466,497.56485,211.87466,0.7,1.9849218910001127
342,2032.236,286.62836,211.11101,0.7,1.9647348979999606
343,2102.1055,280.81616,212.62508,0.7,2.0643879039998865
344,2181.5051,269.64874,211.64078,0.7,1.9588228170000548
345,2684.7263,258.6132,226.05766,0.7,1.916196963999937
346,2560.1091,240.52237,235.95166,0.7,1.9285464259999117
347,2407.8843,471.38458,240.09793,0.7,2.1692256359999647
348,2659.9177,999.5641,195.15898,0.7,1.978708321999875
349,2674.8877,928.54144,222.22305,0.7,1.9286435440001242
350,2632.649,924.88007,237.14354,0.7,1.9350537249999888
351,2766.297,860.2724,197.20772,0.7,1.9267746860000443
352,2606.6274,965.35516,200.94952,0.7,1.934446165000054
353,2528.2227,965.2646,249.56485,0.7,2.0183893339999486
354,2689.6965,227.03667,194.42279,0.7,2.0025718420001795
355,2596.5437,276.06573,206.15335,0.7,1.9988915339999949
356,2891.8801,255.28616,133.07204,0.7,1.9961655300000984
357,2965.8298,302.1968,233.18372,0.7,1.9379642910000712
358,2724.0547,293.57352,139.48154,0.7,2.231876899999861
359,2828.2498,669.3637,143.66626,0.7,1.9685289209999155
360,2958.075,240.67798,140.16331,0.7,2.0262273759999516
361,2760.2544,242.66653,188.51753,0.7,2.011923354999908
362,3010.9421,262.62802,142.39659,0.7,1.9891639489999307
363,3008.584,273.63385,150.59683,0.7,1.9986511050001354
364,2982.2156,250.95958,140.28313,0.7,1.9314775489999647
365,3021.257,264.15378,153.48212,0.7,1.9630975499999295
366,3052.527,279.03134,144.0503,0.7,1.96636720399988
367,3032.5806,248.12183,148.09892,0.7,1.923666257999912
368,3041.0784,292.22763,143.04356,0.7,2.032844323999825
369,3040.886,298.5221,155.5096,0.7,2.229848003000143
370,2997.3235,240.08398,142.06812,0.7,1.9570583469999292
371,2991.1538,280.45538,129.06396,0.7,1.9164841229999183
372,3043.6655,231.62788,150.8029,0.7,1.914664797999876
373,3020.475,278.44427,147.20949,0.7,1.9246138729999984
374,3013.937,232.8665,160.9345,0.7,2.2179675590000443
375,3030.9475,220.55174,144.2085,0.7,2.024505212000122
376,3031.8523,207.0087,167.76665,0.7,2.120877156000006
377,3037.295,246.48628,144.85794,0.7,1.9929204689999551
378,2994.1575,281.7505,140.21487,0.7,2.006908204999945
379,3058.0793,263.46313,134.97295,0.7,1.99548219899998
380,3044.0627,259.10904,136.27419,0.7,1.9154282550000516
381,3015.2388,418.71393,136.80542,0.7,1.9255953019999197
382,3044.6685,338.23788,141.49153,0.7,1.9161145190000752
383,3036.5254,268.79587,146.84102,0.7,1.9178211460000512
384,3046.834,332.15805,133.72974,0.7,2.082265313000107
385,3000.5312,237.8748,129.333,0.7,2.1525597679999464
386,3023.3477,233.90535,146.6339,0.7,2.048633721999977
387,3027.61,237.93384,142.1575,0.7,2.216813722000097
388,3040.9363,244.27603,131.70372,0.7,1.9889795619999404
389,3035.611,334.9122,147.26286,0.7,2.022742712000081
390,3057.218,306.46817,141.38713,0.7,2.1253783679999287
391,3039.134,239.13463,143.54443,0.7,2.0209057160000157
392,3041.97,202.84131,166.25575,0.7,1.9553858780000155
393,3020.667,280.0253,169.90099,0.7,2.0584326600001077
394,3054.7715,251.10391,139.10867,0.7,2.0527331339999364
395,3017.8047,242.26147,152.32393,0.7,1.9692672099999982
396,3005.494,225.23087,136.04881,0.7,2.1447371750000457
397,3037.6968,268.35782,146.51616,0.7,2.0986979790000078
398,2973.8208,257.91586,157.76355,0.7,2.2392328050000287
399,2974.6543,338.11703,140.89462,0.7,2.015451636999842
400,3008.5112,350.25708,127.44942,0.7,2.0022899200000666
401,3043.7231,560.6792,157.51357,0.7,2.032552745999965
402,3010.588,246.47842,148.29633,0.7,2.0016269499999453
403,2993.1733,244.3037,142.39197,0.7,1.9085057849999885
404,3021.813,264.6168,139.30913,0.7,2.3817779099999825
405,3058.3884,270.04324,142.03522,0.7,2.2291082259998802
406,3046.316,435.95752,141.593,0.7,1.9902633789999982
407,2957.5183,306.10776,135.52603,0.7,1.9811214549999931
408,2986.6904,294.20972,153.11479,0.7,2.0950115160001133
409,2948.8086,242.981,132.46751,0.7,2.1699873160000607
410,2961.3826,724.4181,140.47,0.7,1.9566939259998435
411,2992.0842,235.03911,143.73128,0.7,1.9617610709999553
412,2969.883,258.14026,132.30638,0.7,2.164639809999926
413,2955.909,358.4096,138.19507,0.7,2.0139543700001923
414,2967.8074,241.02051,144.19864,0.7,2.0092513150000286
415,2966.9805,337.96094,137.58643,0.7,2.028457240999842
416,2987.7712,242.4254,135.12943,0.7,2.0924613280001267
417,2978.3828,208.90596,160.2285,0.7,1.9878704819998347
418,2987.9773,275.55905,133.61632,0.7,2.072259843999973
419,2959.5679,247.32161,135.86438,0.7,1.9732471979998536
420,2988.0762,311.93173,140.159,0.7,2.0176640849999785
421,2950.181,286.45944,145.56763,0.7,2.0744770119999885
422,2973.0098,293.59778,142.82806,0.7,2.0989649319999444
423,2984.643,243.0374,161.4167,0.7,2.284463323999944
424,2996.781,248.16264,159.76224,0.7,2.0547024840000176
425,3022.9077,262.04874,127.78308,0.7,1.9323666079999384
426,2960.5317,237.47993,154.62305,0.7,1.921964958999979
427,2984.11,351.60214,156.05446,0.7,1.9312188210001295
428,3008.4875,376.12448,131.37007,0.7,2.030362981000053
429,2977.5913,241.78502,148.15746,0.7,2.0027949620000527
430,2970.8372,414.46115,159.51237,0.7,2.304986577999898
431,2983.7273,264.90347,144.35417,0.7,1.9831301940000685
432,2993.4617,257.50647,151.70482,0.7,1.934474985000179
433,2982.6724,257.643,145.91484,0.7,1.916579031999845
434,2977.6255,260.61227,136.69878,0.7,1.9559415850001187
435,2982.398,263.8956,144.92104,0.7,1.9285132150000663
436,2983.3647,246.88794,152.6583,0.7,1.9669950759998756
437,3034.6787,212.20071,154.7481,0.7,2.22204783899997
438,2982.4001,263.93936,156.02055,0.7,2.040966307999952
439,2965.9583,295.02304,151.06392,0.7,2.0762686389998635
440,3018.524,244.3146,129.74948,0.7,2.04487767899991
441,2974.684,256.9952,140.58214,0.7,2.2218646510000326
442,3011.4768,225.9517,147.68396,0.7,2.057137394000165
443,2968.022,235.70891,137.34071,0.7,2.0670522749999236
444,2998.1528,222.6044,149.19603,0.7,2.0144106129998818
445,2960.6497,249.55972,136.92758,0.7,1.8998525110000628
446,2973.9543,272.68954,141.64426,0.7,1.9204121820000637
447,3013.9265,269.84317,145.14404,0.7,2.195087838000063
448,2977.668,222.13261,196.74844,0.7,2.259653604999812
449,2963.9324,250.28398,150.33325,0.7,1.9936492239999097
450,2971.9277,262.91367,154.21466,0.7,1.971044701999972
451,2984.2908,249.50357,146.55058,0.7,1.9002578059998996
452,2959.0774,235.65067,145.21529,0.7,1.8744134099999883
453,2968.6953,259.91724,153.96092,0.7,1.913204480999866
454,2971.518,305.4129,156.08359,0.7,1.916654433000076
455,2971.1394,657.6663,139.93443,0.7,1.9218214239999725
456,2974.2954,278.35043,179.50821,0.7,1.9963430279999557
457,2992.81,222.44742,133.039,0.7,2.0083599540000705
458,3032.0886,876.0996,142.08653,0.7,1.995280874999935
459,2985.8638,235.67964,154.57669,0.7,1.9988708140001563
460,2989.2585,219.5834,140.32166,0.7,1.9054299659999288
461,2976.129,284.21094,141.25972,0.7,1.9003359949999776
462,3047.744,241.29419,146.8083,0.7,1.9037625260000368
463,2995.6558,242.08586,146.38147,0.7,1.9297673869998562
464,2983.0916,224.07715,146.87364,0.7,1.9243365590000394
465,2987.6638,447.36826,153.13777,0.7,1.8794382539999788
466,2998.2266,304.8518,182.60359,0.7,1.8782654400001775
467,3005.2546,240.73775,136.77684,0.7,1.9532037020001098
468,2962.3333,336.2817,151.61923,0.7,1.8705106470001738
469,2960.9531,995.98016,153.50333,0.7,1.8707759470000838
470,2976.3528,1048.794,137.63036,0.7,1.911936125000011
471,2972.6758,945.6867,138.99425,0.7,1.9918552659999023
472,2980.0242,946.1069,137.72116,0.7,1.9590280099998836
473,2994.0125,248.5769,137.73796,0.7,1.9729475740000453
474,2969.5725,999.42365,143.44121,0.7,1.98084380399996
475,3001.7913,264.7885,136.59119,0.7,1.9918606349999664
476,2985.9832,280.38223,172.33282,0.7,1.9920049770000787
477,2985.209,239.29301,151.88954,0.7,1.8712252549998993
478,2981.487,256.47574,173.377,0.7,1.870403374000034
479,2985.783,232.84094,137.11101,0.7,1.870021208000253
480,2999.778,248.54399,147.1691,0.7,1.874675803000173
481,2992.2898,306.5495,140.97057,0.7,1.8868118559998948
482,2982.6086,371.23044,152.47174,0.7,1.9297937619999175
483,3007.3074,594.2461,150.23366,0.7,1.868282722999993
484,2980.2732,411.83527,158.5186,0.7,1.8696940720001294
485,3005.3208,372.35928,147.37758,0.7,1.86564381900007
486,3008.9346,353.14404,159.49107,0.7,2.0785350249998373
487,3026.2,304.93948,146.27672,0.7,1.8717643489999318
488,3016.5903,267.9556,146.78148,0.7,1.918852956000137
489,3020.7449,237.19112,134.82579,0.7,1.9135492609998437
490,3008.9204,258.76108,154.79826,0.7,1.9362941039998987
491,3015.9646,264.90625,136.75835,0.7,1.958176930999798
492,3002.5337,239.41284,191.34634,0.7,1.9545949170001222
493,3036.3723,969.40576,147.89934,0.7,1.9627371990000029
494,3050.8206,344.415,148.71721,0.7,1.966440221999619
495,3029.5413,267.61337,129.66875,0.7,1.9544929569997294
496,3042.0525,215.37341,155.00015,0.7,1.9549529090004398
497,3011.0964,232.2827,140.2338,0.7,1.9060370279999006
498,3010.6863,239.63457,155.32603,0.7,1.9190721639997719
499,3008.9753,239.88713,150.18677,0.7,1.9054341510000086
500,3047.6553,387.2783,155.1037,0.7,1.89979117699977
501,3017.0525,382.5388,143.38152,0.7,1.9123373559996253
502,3000.0034,227.1794,143.49446,0.7,1.915553999000167
503,3022.7634,247.79735,148.04382,0.7,1.9217915530002756
504,2996.6658,236.92459,143.34468,0.7,1.9544282790002399
505,3000.1902,212.41084,147.29976,0.7,1.9899554889998399
506,3013.1538,218.92021,145.70406,0.7,1.9622183140004381
507,3007.938,213.35094,157.15285,0.7,1.9642132789999778
508,2997.0479,254.45259,131.3151,0.7,1.9552127759998257
509,2997.2,253.51152,137.50464,0.7,1.9735676020000028
510,2997.8096,249.7607,139.78809,0.7,1.9589585030003036
511,3001.7527,225.8573,137.81874,0.7,1.966211387000385
512,3008.0996,375.99512,152.43114,0.7,1.962632943999779
513,3059.8416,252.8765,139.10005,0.7,1.9651167729998633
514,2991.4246,263.19357,196.18036,0.7,1.9533685940000396
515,2999.5066,260.11703,136.78137,0.7,1.9611292620002132
516,3018.205,243.38599,141.9181,0.7,1.9779943210000965
517,3025.57,313.59497,136.8081,0.7,1.907081930000004
518,2983.321,225.36583,151.32602,0.7,1.890917293000257
519,3012.7947,951.3708,145.55418,0.7,1.9238568109999505
520,3004.386,239.7117,148.35207,0.7,1.9212032939999517
521,2985.6978,297.9989,144.97466,0.7,1.9079992619999757
522,3011.3738,249.01534,152.81003,0.7,1.8783161910000672
523,3067.3704,310.04913,153.74751,0.7,1.8666712270000971
524,3075.7673,265.1489,140.33528,0.7,1.8715964329999224
525,2991.8367,222.77141,161.15096,0.7,1.879867387000104
526,2988.8965,293.44333,155.74028,0.7,1.8738272619998497
527,3038.4832,419.61142,148.8114,0.7,1.8683260439997866
528,3033.779,341.45792,145.36314,0.7,1.880948214
529,3021.7324,359.34604,153.36832,0.7,1.911985063999964
530,3075.6846,243.90245,141.32518,0.7,1.924223666999751
531,3055.0386,248.06181,139.24048,0.7,1.916263656999945
532,3059.647,267.15265,142.46965,0.7,1.917357825000181
533,3064.5076,308.46622,153.85323,0.7,1.9231693590004397
534,3039.5103,337.1489,151.84615,0.7,1.923111648000031
535,3004.5547,245.47551,136.05354,0.7,1.9068956750002144
536,3019.444,237.71036,141.28868,0.7,1.9248182669998641
537,3043.5754,281.92303,144.87689,0.7,2.015127580999888
538,3089.4915,250.9545,142.23428,0.7,2.0085391249999702
539,3029.774,222.5793,138.42986,0.7,1.9784368720002021
540,3040.818,242.18712,150.32243,0.7,1.9041419399995902
541,3030.311,258.32794,139.7638,0.7,1.9128094020002209
542,3055.8262,241.43457,146.23271,0.7,1.9148798510000233
543,3037.1472,261.29852,233.281,0.7,1.9067848400000003
544,3092.6423,290.3343,129.02121,0.7,1.9026994800001376
545,3025.3618,292.66278,161.21362,0.7,1.9012143879999712
546,3040.6545,252.69014,131.82878,0.7,1.9159942880000926
547,3066.2578,224.51416,187.31169,0.7,1.92861040400021
548,3061.736,259.83734,145.90831,0.7,1.9091588920000504
549,3024.4316,307.57306,192.87769,0.7,1.9098428470001636
550,3046.9688,285.9356,150.81569,0.7,1.911549369000113
551,3065.6658,240.94058,149.63135,0.7,1.898491579000165
552,3080.674,231.85722,146.44258,0.7,1.9013784819999273
553,3067.9612,316.93674,135.19775,0.7,1.9054283710001982
554,3040.5356,320.18488,190.46011,0.7,1.9078396820000307
555,3056.7976,232.4521,140.29805,0.7,1.9125499750002746
556,3056.2227,343.7199,128.95036,0.7,1.8706803190002574
557,3060.625,223.80086,152.53654,0.7,1.8694685619998381
558,3036.7654,211.41777,154.70049,0.7,1.9554154729999027
559,3049.675,288.8889,149.71504,0.7,1.9598913840000023
560,3039.4324,278.08298,147.29324,0.7,1.9604226439996637
561,3057.926,252.45226,162.28307,0.7,1.952825139000197
562,3024.0269,247.78545,143.7677,0.7,1.9786384019998877
563,3013.9941,223.26152,159.56163,0.7,1.9259520010000415
564,3059.6594,228.85782,126.61993,0.7,1.920187697000074
565,3042.83,219.33199,134.45506,0.7,1.9155056410004363
566,3056.3171,271.99722,149.17772,0.7,1.9291415970001253
567,3073.5613,257.90146,157.1903,0.7,1.9597095650001393
568,3064.9143,275.70068,150.78603,0.7,1.9519944819999182
569,3033.921,215.34111,148.75858,0.7,1.9550906209997265
570,3030.463,245.3686,138.84944,0.7,1.9679688200003511
571,3067.6626,244.09721,134.74002,0.7,1.9701660630003062
572,3076.7004,246.12944,144.09895,0.7,1.9859845709997899
573,3076.9707,300.40344,137.90112,0.7,1.9873018509997564
574,3038.8733,296.00803,137.99602,0.7,1.981425606999892
575,3046.3066,254.5006,160.30882,0.7,1.9787525510000705
576,3078.7524,275.2414,138.13808,0.7,1.9859797210001489
577,3084.084,274.00784,166.0262,0.7,1.9343182849997902
578,3108.8923,273.2317,146.73302,0.7,1.9089794210003674
579,3070.2654,247.02505,136.48592,0.7,1.9521652389998962
580,3080.3696,239.5935,137.09526,0.7,1.9580468609997297
581,3042.6853,240.74638,141.50603,0.7,1.887392593000186
582,3081.4192,278.6071,145.31285,0.7,1.8649039850001827
583,3074.4587,386.31805,147.06036,0.7,1.866683508999813
584,3067.323,242.40593,131.90878,0.7,1.8624681199999031
585,3060.4128,230.83316,146.6183,0.7,1.8826239439999881
586,3073.9082,246.70227,137.82666,0.7,1.9744806809999318
587,3078.2263,324.21286,141.49309,0.7,1.9690958490000412
588,3061.777,283.09485,146.41669,0.7,1.976009501000135
589,3072.2021,266.22653,143.68254,0.7,1.9742895869999302
590,3081.3972,297.65698,146.98271,0.7,1.9799872070002493
591,3079.4841,317.5925,160.8348,0.7,1.9788728550001906
592,3123.0278,238.42229,148.23534,0.7,2.00807612699964
593,3076.0916,382.43784,149.43524,0.7,1.9752836509996996
594,3079.114,259.74216,148.20027,0.7,1.972042533000149
595,3047.9192,294.24072,155.63289,0.7,1.9712746509999306
596,3060.0369,289.98224,148.39442,0.7,1.9966403310004353
597,1573.2188,264.51035,162.05707,0.7999999999999999,1.9680379930000527
598,2110.8022,258.82907,171.27495,0.7999999999999999,1.9961056400002235
599,1975.8645,977.0981,166.06274,0.7999999999999999,1.9681216710000626
600,2894.5867,232.79399,82.12168,0.7999999999999999,1.9667267509998965
601,1979.3008,269.95532,82.11359,0.7999999999999999,1.9673254180002004
602,3001.9111,292.0961,82.59432,0.7999999999999999,1.9687431449997348
603,2651.1472,335.45047,82.21978,0.7999999999999999,1.9696528780000335
604,2585.0566,375.68115,80.806656,0.7999999999999999,1.9660478189998685
605,2289.9866,288.28738,82.52494,0.7999999999999999,1.9668175060000976
606,2813.3367,264.45834,81.44846,0.7999999999999999,1.981637005000266
607,2840.8223,242.91386,82.20734,0.7999999999999999,1.9932451559998299
608,2769.754,264.6451,83.380066,0.7999999999999999,1.970783124999798
609,2915.3274,210.00574,82.42118,0.7999999999999999,1.9871748760001537
610,2778.485,248.01294,198.45642,0.7999999999999999,1.9059880480003812
611,2873.4844,328.18475,82.540794,0.7999999999999999,1.902391987000101
612,2944.257,370.69687,81.76363,0.7999999999999999,1.9605474569998478
613,2944.2034,244.43457,82.238075,0.7999999999999999,1.9758127609998155
614,2834.2537,227.02417,82.67663,0.7999999999999999,1.9636015910000424
615,2853.9185,257.871,83.01206,0.7999999999999999,1.9672553599998537
616,2790.9292,269.00534,181.62334,0.7999999999999999,1.9512559439999677
617,3050.5369,296.4981,81.833496,0.7999999999999999,1.95639458200003
618,2820.6638,226.88614,81.67822,0.7999999999999999,1.9751729810000143
619,2896.6052,219.13428,82.35458,0.7999999999999999,1.9568013739999515
620,2889.1821,254.35802,81.61936,0.7999999999999999,1.952206675999605
621,3008.0007,594.07776,81.542725,0.7999999999999999,1.952602957000181
622,2787.923,281.5223,194.02797,0.7999999999999999,1.9692873509998208
623,2802.067,223.96788,83.17073,0.7999999999999999,1.9463859820002654
624,2814.034,219.43652,183.93706,0.7999999999999999,1.9539630259996557
625,2881.3357,646.5747,82.26547,0.7999999999999999,1.9552286860002823
626,2914.8872,229.39705,82.79932,0.7999999999999999,1.9537351140002102
627,2972.018,313.03238,81.61145,0.7999999999999999,1.9756918699999915
628,2834.3909,612.02295,82.4367,0.7999999999999999,1.9520264709999537
629,2936.1543,984.1683,82.087,0.7999999999999999,1.9499720399999205
630,2802.0916,987.90393,170.13916,0.7999999999999999,1.944349830000192
631,2947.0417,984.7602,81.106514,0.7999999999999999,1.9485619540000698
632,2888.8188,226.70137,81.20308,0.7999999999999999,1.9438842489998933
633,2846.7615,251.19756,82.55973,0.7999999999999999,1.9666160060000948
634,2821.0105,254.02715,82.1064,0.7999999999999999,1.9482017499999529
635,2934.1465,261.53888,82.37112,0.7999999999999999,1.9531292120000217
636,2859.033,362.0477,82.022484,0.7999999999999999,1.8992780689995925
637,2889.576,289.40317,82.88214,0.7999999999999999,1.919683047000035
638,2812.6853,249.69572,207.4677,0.7999999999999999,1.8689711860001808
639,2797.7834,292.9716,189.20703,0.7999999999999999,1.8637638250002055
640,2803.1438,261.24545,183.50536,0.7999999999999999,1.8694730180000079
641,2803.748,263.55856,199.19307,0.7999999999999999,1.8759385990001647
642,2810.2732,261.99594,192.0008,0.7999999999999999,1.878660944999865
643,2808.559,990.34125,210.55396,0.7999999999999999,1.8780965070000093
644,2815.9238,1007.4255,198.32431,0.7999999999999999,1.9049632390001534
645,2815.824,1011.2954,196.67143,0.7999999999999999,1.9214577390002887
646,2812.1165,1007.4332,195.84909,0.7999999999999999,1.9098977759999798
647,2811.829,993.1128,197.16357,0.7999999999999999,1.913906864999717
648,2816.5278,1011.8442,177.70787,0.7999999999999999,1.8960146869999335
649,2810.8093,248.39693,191.89221,0.7999999999999999,1.8988386250002804
650,2809.6497,228.60562,191.17923,0.7999999999999999,1.8675999179999963
651,2811.2522,232.96753,194.97014,0.7999999999999999,1.871422684999743
652,2809.276,289.16193,191.27644,0.7999999999999999,1.8748239159999684
653,2812.9094,278.67935,195.30406,0.7999999999999999,1.9125066550000156
654,2811.0981,318.2524,201.01352,0.7999999999999999,1.9428703409998889
655,2808.43,218.8855,197.26505,0.7999999999999999,1.9606617839999672
656,2803.7717,250.00212,222.26355,0.7999999999999999,1.9762139180002123
657,2804.9817,293.41962,191.9666,0.7999999999999999,1.9765594659997987
658,2804.2786,253.90547,212.14957,0.7999999999999999,1.9222355819997574
659,2815.0784,287.93997,200.43144,0.7999999999999999,1.9218027769998116
660,2807.1562,362.87085,199.54965,0.7999999999999999,1.9585567809999702
661,2816.53,358.9675,189.251,0.7999999999999999,1.9288086450001174
662,2824.2307,307.7506,185.31859,0.7999999999999999,1.9158545730001606
663,2801.7205,307.52692,206.98296,0.7999999999999999,1.9137616020002497
664,2819.515,995.70996,207.85399,0.7999999999999999,1.931125191999854
665,2825.0515,1018.88495,220.7373,0.7999999999999999,1.9198498729997482
666,2799.1548,336.1044,192.80978,0.7999999999999999,1.9132011669998974
667,2821.5054,360.8296,201.39426,0.7999999999999999,1.9098259129996222
668,2824.1177,239.12633,195.28372,0.7999999999999999,1.9260464399999364
669,2806.0947,1001.3586,211.85728,0.7999999999999999,1.9140321399995628
670,2811.2097,360.22473,212.30742,0.7999999999999999,1.9152375700000448
671,2818.0452,259.65778,198.17145,0.7999999999999999,1.970629162000023
672,2818.0496,749.2316,190.33159,0.7999999999999999,1.9699283499999183
673,2814.7166,294.92917,200.17325,0.7999999999999999,1.9650633559999733
674,2821.0876,249.99815,203.97484,0.7999999999999999,1.9554543720000765
675,2809.7146,266.04218,235.60352,0.7999999999999999,1.9729022890001033
676,2835.3357,241.04222,189.77937,0.7999999999999999,1.9552095079998253
677,2851.1365,284.04086,239.84306,0.7999999999999999,1.9670434099998602
678,2802.2485,250.89053,241.70036,0.7999999999999999,1.9121279679998224
679,2841.5156,254.87198,233.17168,0.7999999999999999,1.9272538639997947
680,2869.8826,243.97237,223.16832,0.7999999999999999,1.9146099360000335
681,2846.3762,251.37598,181.55815,0.7999999999999999,2.0159423579998474
682,2825.8337,341.31265,194.34459,0.7999999999999999,1.9695015219999732
683,2816.4973,249.88785,194.33644,0.7999999999999999,1.917247559000316
684,2813.1965,240.7819,203.89923,0.7999999999999999,1.9195794829997794
685,2810.963,262.7941,241.72452,0.7999999999999999,1.9202268959998037
686,2818.5376,246.27946,187.66351,0.7999999999999999,1.91305236900007
687,2802.8992,230.38379,199.01892,0.7999999999999999,1.9068936640001084
688,2815.4688,509.86978,240.56462,0.7999999999999999,1.9367207719997168
689,2792.177,604.83105,196.63724,0.7999999999999999,1.92911119900009
690,2816.9785,257.27692,205.82353,0.7999999999999999,1.9456225909998466
691,2825.5789,256.38428,205.78877,0.7999999999999999,1.9309159149997868
692,2806.6555,259.1713,226.02415,0.7999999999999999,1.963806405000014
693,2811.294,250.9899,193.70221,0.7999999999999999,1.9714272669998536
694,2818.0576,230.1969,213.05025,0.7999999999999999,1.9846807200001422
695,2814.948,275.02496,192.61523,0.7999999999999999,1.9291333629998917
696,2817.0789,264.58017,194.12044,0.7999999999999999,1.9085532429999148
697,2814.3826,1015.16156,187.44603,0.7999999999999999,1.9115184780002892
698,2805.1992,231.86612,195.5123,0.7999999999999999,1.9107100199998968
699,2807.6855,260.23383,192.84087,0.7999999999999999,1.923518101999889
700,2814.2314,439.2776,196.23515,0.7999999999999999,1.9189744980003525
701,2808.9832,225.2102,181.6934,0.7999999999999999,1.9506074619998799
702,2810.6394,274.41122,217.70511,0.7999999999999999,1.9367974229999163
703,2804.516,253.38863,241.70195,0.7999999999999999,1.930311029999757
704,2815.3792,238.123,206.02644,0.7999999999999999,1.9548283220001395
705,2804.5027,230.68628,195.56166,0.7999999999999999,2.052011042000231
706,2831.893,341.3503,280.72287,0.7999999999999999,1.9285191450003367
707,2828.273,282.97784,237.70422,0.7999999999999999,1.943580968000333
708,2806.3816,663.154,200.28972,0.7999999999999999,1.9422772989996702
709,2814.2212,482.9524,190.81183,0.7999999999999999,1.9751459679996515
710,2820.5647,967.61035,207.68692,0.7999999999999999,1.974371176999739
711,2823.154,260.70212,223.76787,0.7999999999999999,1.9718365349999658
712,2825.5752,244.77885,206.41861,0.7999999999999999,2.003985102000115
713,2817.6157,259.13626,242.84761,0.7999999999999999,1.9877845670002898
714,2821.1726,280.19604,231.31474,0.7999999999999999,2.1272558629998457
715,2808.1487,313.18048,313.18048,0.7999999999999999,2.001276219999909
716,2828.618,251.96507,215.02222,0.7999999999999999,2.268959822999932
717,2848.7817,258.0287,258.0287,0.7999999999999999,1.9208012079998298
718,2830.7903,233.04224,222.80354,0.7999999999999999,1.926644254999701
719,2841.1226,244.57042,244.57042,0.7999999999999999,2.033139375000246
720,2831.9019,609.48566,238.45958,0.7999999999999999,1.9226769410001907
721,2829.533,232.58018,196.58095,0.7999999999999999,2.2125624430000244
722,2855.9119,276.51385,225.04788,0.7999999999999999,1.9875959249998232
723,2838.9915,337.61823,259.367,0.7999999999999999,2.0097865749999073
724,2825.661,997.9415,190.41911,0.7999999999999999,1.9280939740001486
725,2837.885,250.76163,250.76163,0.7999999999999999,1.9462896450004337
726,2823.316,263.81577,219.70645,0.7999999999999999,1.9774280229999022
727,2842.034,274.381,274.381,0.7999999999999999,2.0642816119998315
728,2843.2363,267.2085,213.12349,0.7999999999999999,1.9939325010000175
729,2850.9792,660.7268,228.70958,0.7999999999999999,1.9658381000003828
730,2838.3464,336.54102,263.1918,0.7999999999999999,1.9176816399999552
731,2830.6003,265.8574,265.8574,0.7999999999999999,1.9938878230000228
732,2830.9172,259.40533,215.1271,0.7999999999999999,1.9297444449998693
733,2816.6482,265.16367,256.73126,0.7999999999999999,1.91588220299991
734,2837.608,296.48007,219.20616,0.7999999999999999,1.913756144999752
735,2843.0269,299.96793,230.8431,0.7999999999999999,2.1628395720003937
736,2828.6707,988.81213,212.7836,0.7999999999999999,1.9303280480003195
737,2834.6997,276.0664,220.04219,0.7999999999999999,1.911492000999715
738,2834.0256,271.36057,271.36057,0.7999999999999999,1.9204379079997125
739,2832.1118,289.71533,289.71533,0.7999999999999999,2.161997594999775
740,2848.232,1003.0086,192.70226,0.7999999999999999,1.9226808379999056
741,2834.0017,1005.69824,249.18053,0.7999999999999999,1.9225251749999188
742,2832.3093,1013.7297,307.88266,0.7999999999999999,1.9478033919999689
743,2840.6362,225.04729,215.67851,0.7999999999999999,1.937063697999747
744,2840.2937,293.87253,216.89302,0.7999999999999999,1.929971635000129
745,2849.4158,320.71667,186.56964,0.7999999999999999,1.9477452229998562
746,2838.9453,283.54044,249.84602,0.7999999999999999,1.9422635920000175
747,2847.0027,298.549,236.47289,0.7999999999999999,1.9477909090001049
748,2843.332,1002.6938,235.87173,0.7999999999999999,1.9518340650001846
749,2835.7964,1021.17004,240.3671,0.7999999999999999,1.895292762000281
750,2842.2263,257.8583,225.63359,0.7999999999999999,2.0111379479999414
751,2829.8457,251.96255,207.24979,0.7999999999999999,1.971105222999995
752,2827.2285,1000.7363,208.89229,0.7999999999999999,2.006023416000062
753,2847.8984,998.8639,249.67395,0.7999999999999999,2.0381133099999715
754,2839.1191,346.52838,251.28123,0.7999999999999999,2.1375577460003115
755,2830.726,324.74567,218.52315,0.7999999999999999,2.092442320000373
756,2834.3503,271.57376,240.28526,0.7999999999999999,1.9712863319996359
757,2840.1348,277.30887,243.63354,0.7999999999999999,1.9767856290000054
758,2841.6667,272.9249,252.82303,0.7999999999999999,2.0343111460001637
759,2830.901,275.43854,196.60245,0.7999999999999999,1.9916637299998001
760,2828.4846,273.7779,240.12589,0.7999999999999999,2.024914360999901
761,2836.522,262.9974,238.18155,0.7999999999999999,2.240950951999821
762,2839.7644,293.5962,200.98253,0.7999999999999999,2.002299070999925
763,2834.2283,268.75858,233.82642,0.7999999999999999,2.001084387999981
764,2845.311,267.0422,243.81546,0.7999999999999999,1.9947259819996361
765,2844.9373,265.73422,221.24077,0.7999999999999999,1.9965445120001277
766,2832.9043,263.9991,218.76717,0.7999999999999999,2.0009476430000177
767,2851.8125,261.13693,228.98662,0.7999999999999999,2.003527569000198
768,2838.6113,264.15765,217.87418,0.7999999999999999,2.247925080999721
769,2836.078,420.7313,209.16023,0.7999999999999999,2.01512058399976
770,2834.863,284.04785,230.71336,0.7999999999999999,1.9960406850000254
771,2835.5417,441.98654,223.25322,0.7999999999999999,2.004243127999871
772,2846.6802,253.70068,241.53833,0.7999999999999999,1.9372036119998484
773,2838.1035,503.88046,216.33858,0.7999999999999999,1.9294614299997193
774,2840.6777,265.26144,222.94641,0.7999999999999999,1.9382516740001847
775,2842.6553,327.65988,194.21846,0.7999999999999999,1.9371550270002444
776,2835.473,327.65802,187.64648,0.7999999999999999,1.9304236430002675
777,2825.5032,557.2358,204.10309,0.7999999999999999,1.9396466240000336
778,2845.5168,988.4619,246.606,0.7999999999999999,2.264199440000084
779,2847.469,466.22858,208.55424,0.7999999999999999,1.9265439589999005
780,2838.283,489.9462,258.31577,0.7999999999999999,1.9278985699997975
781,2833.1277,296.1065,212.25244,0.7999999999999999,1.9366572429998996
782,2836.1736,268.72437,265.60724,0.7999999999999999,1.902463880999676
783,2827.4348,267.93216,234.6005,0.7999999999999999,1.942742312000064
784,2845.478,999.77295,255.48401,0.7999999999999999,1.928205170000183
785,2837.9905,296.71857,215.21837,0.7999999999999999,1.929080926000097
786,2840.2747,305.70032,222.47313,0.7999999999999999,1.9482583220001288
787,2845.412,286.39386,259.22385,0.7999999999999999,1.9771332000000257
788,2838.5605,272.0843,239.72073,0.7999999999999999,1.966362456999832
789,2847.4568,286.66193,248.6296,0.7999999999999999,1.9465490079996925
790,2845.478,274.689,249.09032,0.7999999999999999,1.9170569899997645
791,2820.6873,279.41,228.64038,0.7999999999999999,1.9556636370002707
792,2828.034,307.06906,236.03929,0.7999999999999999,1.9459511760001078
793,2839.763,285.0765,236.92456,0.7999999999999999,1.9548605869999847
794,2833.581,878.7131,272.99545,0.7999999999999999,1.9347126799998478
795,2846.2742,561.1359,239.56148,0.7999999999999999,1.9213941149996572
796,2851.4854,276.09045,202.74043,0.7999999999999999,1.8774124149999807
797,2844.7566,257.09662,255.524,0.7999999999999999,2.0539772170000106
798,2853.4934,267.17197,237.55504,0.7999999999999999,2.014360203999786
799,2835.7024,369.12943,257.85016,0.7999999999999999,1.9320998500002133
800,2835.9302,266.52353,241.63623,0.7999999999999999,1.939438101000178
801,2833.2053,308.06763,223.23535,0.7999999999999999,1.9547806840000703
802,2844.3813,280.1738,242.78604,0.7999999999999999,1.9743351219999568
803,2837.27,853.5473,234.1888,0.7999999999999999,1.9906035740000334
804,2845.725,270.88452,205.12817,0.7999999999999999,2.4512652720000006
805,2841.115,1060.878,222.58873,0.7999999999999999,2.302461091999703
806,2837.2244,1060.7926,211.89478,0.7999999999999999,2.101517038000111
807,2843.0,268.2565,212.28258,0.7999999999999999,1.9923411519998808
808,2830.7495,277.9069,237.81377,0.7999999999999999,2.0722837960001925
809,2847.2466,524.95374,205.6897,0.7999999999999999,1.9725041780002357
810,2848.0579,319.93268,238.68175,0.7999999999999999,2.011055079000016
811,2842.5835,356.09677,225.80339,0.7999999999999999,2.640623731999767
812,2843.7434,1012.71155,229.37837,0.7999999999999999,2.3134861039998214
813,2844.71,395.0016,256.89523,0.7999999999999999,2.0014144330002637
814,2844.977,269.701,245.99004,0.7999999999999999,2.036839138999767
815,2852.9604,411.86978,227.98741,0.7999999999999999,2.066654080000262
816,2843.654,282.70233,219.94084,0.7999999999999999,2.0804086210000605
817,2842.8994,278.3036,277.9257,0.7999999999999999,2.038922622999962
818,2845.5837,282.043,229.5839,0.7999999999999999,2.3520421769999302
819,2838.5085,251.76884,231.41626,0.7999999999999999,2.035409526999956
820,2835.6614,267.8792,238.32095,0.7999999999999999,1.9121442820000993
821,2852.5154,485.76154,251.9814,0.7999999999999999,1.9265484039997318
822,2844.053,281.78906,245.70259,0.7999999999999999,1.9626881230001345
823,2839.472,303.86176,225.69035,0.7999999999999999,2.266710186000182
824,2852.7788,278.6184,220.17496,0.7999999999999999,2.2452139899996837
825,2841.909,275.45245,256.88226,0.7999999999999999,2.46508870200023
826,2836.6272,584.0822,220.07535,0.7999999999999999,2.079649410000002
827,2835.6863,1007.6463,221.22903,0.7999999999999999,1.9916941189999307
828,2839.9304,300.3907,233.93535,0.7999999999999999,2.0695861289996174
829,2839.0154,276.48495,253.4106,0.7999999999999999,2.061114903000089
830,2846.5916,276.87125,204.42271,0.7999999999999999,2.000567592000152
831,2835.5725,284.5103,227.7865,0.7999999999999999,2.17162652900015
832,2840.8662,269.7996,235.88716,0.7999999999999999,2.242682969999805
833,2836.097,608.8195,222.62297,0.7999999999999999,2.469651736000287
834,2841.9485,742.10834,202.8099,0.7999999999999999,2.0634349370002383
835,2830.2454,422.0383,230.84961,0.7999999999999999,2.128948634000153
836,2834.5676,992.8183,203.48961,0.7999999999999999,1.9979289269999754
837,2847.8223,994.0444,267.37363,0.7999999999999999,1.952456672000153
838,2846.2063,1009.159,225.57246,0.7999999999999999,1.933481324999775
839,2843.3423,278.95126,274.7552,0.7999999999999999,1.9545477880001272
840,2843.1191,718.80896,224.37773,0.7999999999999999,1.9524973880002108
841,2842.8745,265.6205,204.2834,0.7999999999999999,1.9320005879999371
842,2841.9634,273.4292,209.56555,0.7999999999999999,1.9521117329995832
843,2827.3809,296.56216,239.11372,0.7999999999999999,1.9800635550000152
844,2832.3945,280.9405,224.95752,0.7999999999999999,1.9787054560001707
845,2847.8533,284.48117,236.19331,0.7999999999999999,1.9773835070000132
846,2835.5176,272.529,220.11308,0.7999999999999999,2.0102709779998804
847,2836.5425,271.46237,237.65625,0.7999999999999999,1.9804444260003038
848,2844.034,340.44235,236.8994,0.7999999999999999,2.004502020000018
849,2849.6055,252.7041,248.30386,0.7999999999999999,1.9914554030001455
850,2830.021,302.33325,202.62218,0.7999999999999999,2.0054651850000482
851,2846.0261,276.41602,245.84183,0.7999999999999999,1.9974234309997883
852,2840.4102,637.52716,235.6095,0.7999999999999999,1.9959283569996842
853,2832.5017,304.35382,259.6975,0.7999999999999999,2.0185970960001214
854,2837.026,552.63306,234.77078,0.7999999999999999,1.9950979469999766
855,2853.4229,298.09833,206.39653,0.7999999999999999,2.0053823240000384
856,2852.1936,279.5754,241.51126,0.7999999999999999,1.9887325859999692
857,2843.6055,507.08795,220.77689,0.7999999999999999,1.982588233000115
858,2854.1526,279.94385,206.75008,0.7999999999999999,1.9688922740001544
859,2850.2043,988.58594,216.17378,0.7999999999999999,1.999102383999798
860,2833.7598,262.51392,262.51392,0.7999999999999999,1.9885070400000586
861,2852.1216,278.90518,231.28209,0.7999999999999999,1.9842944080000962
862,2850.9028,291.32248,231.2491,0.7999999999999999,1.902059374000146
863,2869.6338,352.8714,246.03203,0.7999999999999999,1.90689305099977
864,2856.5234,302.9805,232.30281,0.7999999999999999,1.8862124480001512
865,2841.061,579.9008,254.77501,0.7999999999999999,1.8938957989998926
866,2863.1304,278.78247,226.72044,0.7999999999999999,1.8950512530000196
867,2865.8767,290.6168,188.86665,0.7999999999999999,1.9954327280001962
868,2837.3955,300.3574,240.6038,0.7999999999999999,2.0388271580000037
869,2871.236,291.77728,223.29752,0.7999999999999999,1.8795346779998
870,2869.0486,272.67654,227.06734,0.7999999999999999,1.887913634999677
871,2850.125,281.83765,281.83765,0.7999999999999999,1.8762765510000463
872,2859.2136,294.11212,210.63704,0.7999999999999999,2.0577009739999994
873,2846.594,559.5686,219.65881,0.7999999999999999,1.9776444560002346
874,2857.4536,335.4659,229.96904,0.7999999999999999,1.9635999960000845
875,2869.2822,306.48734,245.42973,0.7999999999999999,1.962030612000035
876,2863.2766,252.84464,231.40489,0.7999999999999999,1.915196219000336
877,2859.615,695.04706,217.28941,0.7999999999999999,1.9132079609998982
878,2849.2585,401.65775,259.76108,0.7999999999999999,1.9283356169999024
879,2858.4158,297.1577,260.92502,0.7999999999999999,1.9198811470000692
880,2854.7332,293.0633,246.23924,0.7999999999999999,1.9247517399999197
881,2854.0752,285.84058,246.31119,0.7999999999999999,1.9379560129996207
882,2845.9885,767.8105,239.82964,0.7999999999999999,1.9299480130002848
883,2855.368,380.348,181.3548,0.7999999999999999,2.0828632990001097
884,2843.0676,264.85376,220.14587,0.7999999999999999,1.9354552770000737
885,2848.015,275.48172,222.98662,0.7999999999999999,1.9755483700000696
886,2839.913,283.38278,198.23412,0.7999999999999999,1.9394685259999278
887,2836.0874,289.9661,289.9661,0.7999999999999999,2.0166629029999967
888,2845.0444,468.02863,217.48438,0.7999999999999999,1.9400107520000347
889,2841.2358,460.2962,236.64285,0.7999999999999999,1.9242444989999967
890,2859.1038,468.14816,214.33511,0.7999999999999999,1.9358185589999266
891,2841.4956,956.2912,205.20488,0.7999999999999999,1.9333160239998506
892,2848.7979,288.93094,227.70723,0.7999999999999999,1.9242995060003523
893,2852.6453,996.6369,244.9414,0.7999999999999999,1.9354441929999666
894,2841.5242,961.34033,210.11563,0.7999999999999999,1.9487616549999984
895,2852.8406,294.54056,217.0443,0.7999999999999999,1.9259524399999464
896,226.53935,285.87692,210.8241,0.8999999999999999,1.936987605000013
897,1014.8696,1010.63007,1010.63007,0.8999999999999999,1.9376396839998051
898,1014.8593,1010.76263,1010.76263,0.8999999999999999,1.9309616350001306
899,1014.8789,1011.1253,1010.527,0.8999999999999999,1.918052962999809
900,1014.9891,1010.9598,1010.8096,0.8999999999999999,1.9327446659999623
901,1015.1797,1010.8012,1010.8012,0.8999999999999999,1.923371386999861
902,1015.29315,1010.8727,1010.2119,0.8999999999999999,1.950395664000098
903,1015.94696,1011.13574,1010.6494,0.8999999999999999,1.9231080260001363
904,1015.61395,1010.9086,1010.9086,0.8999999999999999,1.917770007999934
905,1016.73047,1011.17816,1010.83105,0.8999999999999999,1.9258009159998437
906,1023.43945,1011.3305,824.39844,0.8999999999999999,1.9928046529998937
907,1023.0959,1011.9401,825.0335,0.8999999999999999,1.9206569020002462
908,1023.7672,1012.2277,629.29816,0.8999999999999999,1.919040815000244
909,1029.4408,1019.9006,824.58466,0.8999999999999999,1.9786339620000035
910,1024.1326,1020.8934,632.7207,0.8999999999999999,1.9827703199998723
911,1023.5314,1020.9954,38.29807,0.8999999999999999,1.9811339009997937
912,1026.7433,1019.6432,43.848305,0.8999999999999999,1.9654818660001183
913,1027.1528,998.8029,35.069202,0.8999999999999999,1.9566818059997786
914,1027.6029,989.79846,36.044117,0.8999999999999999,1.9643394549998447
915,1027.5751,998.58496,37.445606,0.8999999999999999,1.9717272019997836
916,1027.6173,998.4176,34.987377,0.8999999999999999,1.9696040240000912
917,1027.9271,985.74335,37.714203,0.8999999999999999,2.000910117999865
918,1027.7781,1015.9412,38.769806,0.8999999999999999,1.963594020999608
919,1028.4486,998.8293,40.20888,0.8999999999999999,1.9800114950003262
920,1028.2795,999.09045,40.33267,0.8999999999999999,1.9950761800000691
921,1031.9225,990.57404,37.073277,0.8999999999999999,2.0047519069999
922,1031.5204,998.1852,35.23907,0.8999999999999999,2.0071678520002934
923,1031.651,989.675,37.533295,0.8999999999999999,2.0108044930002507
924,1031.233,997.4875,36.89219,0.8999999999999999,1.9516904780002733
925,1027.8777,998.5495,37.158764,0.8999999999999999,1.975022423000155
926,1031.5977,998.7211,34.68014,0.8999999999999999,2.1287455970000337
927,1031.497,999.3165,36.38028,0.8999999999999999,1.9707810150002842
928,1028.3473,999.2015,37.40183,0.8999999999999999,1.9709548720002203
929,1028.0479,1010.67206,38.688614,0.8999999999999999,1.9806732100000772
930,1028.1974,992.80676,37.288757,0.8999999999999999,1.979154306000055
931,1027.8508,1010.6689,39.14758,0.8999999999999999,1.966297738999856
932,1028.1559,1010.59686,37.952526,0.8999999999999999,1.9597288049999406
933,1028.3153,1011.5219,39.275856,0.8999999999999999,1.977003429999968
934,1028.1703,997.74084,36.898888,0.8999999999999999,1.9290483510003469
935,1028.2987,998.04944,38.078224,0.8999999999999999,2.0010522440002205
936,1028.2743,247.6522,36.039898,0.8999999999999999,1.8682357570000931
937,1027.9153,986.7137,38.877335,0.8999999999999999,1.887710111999695
938,1028.0547,998.0623,38.645584,0.8999999999999999,1.892362377000154
939,1028.3446,1013.22577,36.964397,0.8999999999999999,1.8915655850000803
940,1028.0868,995.5395,37.667248,0.8999999999999999,1.8798850080002012
941,1028.0074,1013.5322,37.200592,0.8999999999999999,2.0795521109998845
942,1028.6826,240.21411,36.85137,0.8999999999999999,1.886785492999934
943,1028.1,464.87262,36.70597,0.8999999999999999,1.8855292079997525
944,1028.1733,300.874,37.467243,0.8999999999999999,1.8853302709999298
945,1028.1707,821.9336,38.86882,0.8999999999999999,1.9984645190002084
946,1028.1396,972.1266,38.570248,0.8999999999999999,2.028898677000143
947,1028.3124,1013.3887,39.491535,0.8999999999999999,2.027222703999996
948,1027.9888,990.5752,35.85093,0.8999999999999999,1.9465539309999258
949,1039.8105,998.8968,286.37778,0.8999999999999999,1.9420311659996514
950,1047.495,1011.0568,974.0379,0.8999999999999999,1.9321061099999497
951,1039.6255,1001.9516,447.7793,0.8999999999999999,2.057503276999796
952,1047.132,974.0382,974.0382,0.8999999999999999,2.1289103180001803
953,1040.0002,987.07745,554.0924,0.8999999999999999,1.971402365999893
954,1040.2699,1000.08344,576.9093,0.8999999999999999,1.928437995999957
955,1047.4845,999.39105,973.7881,0.8999999999999999,1.9490699459997813
956,1047.116,1004.8674,973.6603,0.8999999999999999,1.9374003249999987
957,1046.1127,998.8159,974.27484,0.8999999999999999,1.9322475549997762
958,1040.1559,974.3639,471.183,0.8999999999999999,1.9299071370001002
959,1046.645,999.05756,974.04443,0.8999999999999999,1.9714786999998068
960,1046.0483,988.4131,973.9096,0.8999999999999999,1.9789925109998876
961,1040.3424,974.25616,608.5661,0.8999999999999999,1.9458253669999976
962,1047.2932,974.1367,973.81415,0.8999999999999999,2.593041959999937
963,1047.0615,983.99164,973.96075,0.8999999999999999,2.080721228999664
964,1039.9717,984.1408,532.1403,0.8999999999999999,2.03658690400016
965,1046.3479,984.12445,133.86234,0.8999999999999999,2.0044574050002666
966,1042.6471,949.338,377.01926,0.8999999999999999,2.0010260259996357
967,1042.8667,998.8249,334.7093,0.8999999999999999,1.9198127419999764
968,1043.2356,995.36444,371.316,0.8999999999999999,1.9786655900002188
969,1043.4213,974.4248,469.9498,0.8999999999999999,2.021798235999995
970,1043.4349,975.264,224.8066,0.8999999999999999,1.8703452720001223
971,1043.7142,996.9787,888.44904,0.8999999999999999,1.8690992859997095
972,1043.222,995.8229,257.14792,0.8999999999999999,1.8760865379999814
973,1043.4537,971.18964,401.6879,0.8999999999999999,1.9708397979998153
974,1043.3876,971.06885,372.96524,0.8999999999999999,1.9300069020000592
975,1043.4711,980.85205,529.4468,0.8999999999999999,2.0268958669998938
976,1043.3472,973.77747,175.15164,0.8999999999999999,1.922570351000104
977,1043.318,970.9547,576.09393,0.8999999999999999,1.9248957739996513
978,1043.1495,622.52527,622.52527,0.8999999999999999,1.9168358209999496
979,1043.4589,991.4848,155.11345,0.8999999999999999,2.043107636000059
980,1043.4016,991.2917,285.41846,0.8999999999999999,1.9147525829998813
981,1043.5214,990.64594,371.14044,0.8999999999999999,1.9160962040000413
982,1043.739,646.1486,330.40875,0.8999999999999999,1.9181689550000556
983,1043.3641,997.8541,411.83887,0.8999999999999999,2.14829068500012
984,1043.5785,998.1011,456.7928,0.8999999999999999,1.940581026000018
985,1043.3906,997.5553,169.74577,0.8999999999999999,1.9447100229999705
986,1043.7096,997.8129,726.6458,0.8999999999999999,1.9705798740005775
987,1043.6677,975.44867,245.84378,0.8999999999999999,1.9333249450000949
988,1043.9194,995.5875,729.491,0.8999999999999999,1.9639381019997018
989,1043.5924,971.7508,274.13467,0.8999999999999999,1.9953567120001026
990,1043.7816,973.75977,573.2923,0.8999999999999999,2.0900471929999185
991,1043.8639,687.5846,241.05518,0.8999999999999999,2.043439948000014
992,1043.4137,1006.56506,733.6115,0.8999999999999999,2.0360982269994565
993,1043.7106,973.85754,578.0611,0.8999999999999999,2.0475979550001284
994,1043.6182,975.2002,223.51753,0.8999999999999999,2.38258167999993
995,1043.7441,733.2261,441.18106,0.8999999999999999,2.1123095800003284
996,1043.5798,579.082,372.3313,0.8999999999999999,2.029197277000094
997,1043.6864,995.1326,572.63104,0.8999999999999999,2.1812059329995463
998,1043.9379,770.6672,336.91672,0.8999999999999999,2.1813736209996932
999,1043.6475,998.9172,443.07162,0.8999999999999999,2.073278166999444
1000,1046.3137,967.5871,226.21094,0.8999999999999999,2.006566351999936
1001,1043.5923,997.8979,416.3492,0.8999999999999999,2.0524034159998337
1002,1044.9999,961.85077,177.57738,0.8999999999999999,1.9332324580000204
1003,1043.8301,995.8585,383.29877,0.8999999999999999,1.9862877269997625
1004,1043.8473,996.46234,273.6539,0.8999999999999999,2.0247175229997083
1005,1045.4348,995.4396,329.92856,0.8999999999999999,1.9934530820000873
1006,1043.691,992.42773,433.95084,0.8999999999999999,1.9693386790004297
1007,1047.0134,981.68066,175.71124,0.8999999999999999,2.010061055000733
1008,1043.9364,967.9266,417.3497,0.8999999999999999,2.34580463400016
1009,1050.3865,973.97284,973.97284,0.8999999999999999,2.048771883999507
1010,1043.371,973.8494,231.42027,0.8999999999999999,2.0626325199991697
1011,1043.5917,998.2096,380.98108,0.8999999999999999,1.9988232830000925
1012,1043.4977,998.5306,378.3635,0.8999999999999999,2.067939208000098
1013,1043.3782,989.3969,338.94193,0.8999999999999999,2.1548383539993665
1014,1043.4814,738.18915,555.3476,0.8999999999999999,2.2640994439998394
1015,1043.6703,1000.4381,625.6477,0.8999999999999999,2.407415963999483
1016,1043.4772,984.9338,233.11856,0.8999999999999999,2.1998404480000318
1017,1043.5697,961.1631,285.30515,0.8999999999999999,1.946676536999803
1018,1043.5903,961.00354,263.38828,0.8999999999999999,1.9250704199994289
1019,1043.805,975.16797,730.2166,0.8999999999999999,2.011798604999967
1020,1043.5663,998.82733,353.43802,0.8999999999999999,2.116851513000256
1021,1043.6642,999.2797,212.08789,0.8999999999999999,1.9173473979999471
1022,1043.8236,999.3504,370.53226,0.8999999999999999,1.9191101320002417
1023,1043.389,969.5754,405.13925,0.8999999999999999,1.9237183310006003
1024,1043.5094,969.53577,599.1789,0.8999999999999999,1.9218074809996324
1025,1043.2438,998.8185,281.31592,0.8999999999999999,1.9160134169997036
1026,1043.4514,971.83417,260.96524,0.8999999999999999,1.9209155179996742
1027,1043.6237,605.5341,304.97665,0.8999999999999999,1.9290276419997099
1028,1043.54,995.79425,288.98752,0.8999999999999999,1.9160767049997958
1029,1050.7137,996.63226,973.72235,0.8999999999999999,2.005849116000718
1030,1043.4436,973.80225,299.17883,0.8999999999999999,1.9257367419995717
1031,1043.5791,1000.22784,393.3762,0.8999999999999999,2.02922115399997
1032,1043.6998,1023.7204,255.26805,0.8999999999999999,2.140171432999523
1033,1043.5103,970.8605,374.26678,0.8999999999999999,1.9386860180002259
1034,1043.3241,998.39764,327.68362,0.8999999999999999,1.9464003020002565
1035,1043.7074,994.45294,370.38806,0.8999999999999999,1.9367141949996949
1036,1043.6705,993.7753,570.70734,0.8999999999999999,1.9511780980001276
1037,1043.4965,974.69965,428.52206,0.8999999999999999,1.936872676999883
1038,1043.7616,994.4479,305.90298,0.8999999999999999,1.9370139000002382
1039,1043.5734,971.1857,369.66464,0.8999999999999999,1.882287235000149
1040,1043.586,967.3213,373.62192,0.8999999999999999,2.0490832719997343
1041,1043.5306,987.0295,328.10178,0.8999999999999999,2.0369133519998286
1042,1046.958,997.83685,211.05586,0.8999999999999999,1.9956786129996544
1043,1047.7852,973.63495,532.24554,0.8999999999999999,2.1092318399996657
1044,1047.8125,974.7467,416.05908,0.8999999999999999,1.9190093959996375
1045,1048.1771,1011.8167,245.33183,0.8999999999999999,1.9280150750000757
1046,1047.5472,973.6969,252.15117,0.8999999999999999,1.9415810029995555
1047,1047.473,994.24915,251.13394,0.8999999999999999,2.1995691050005917
1048,1048.1135,954.5596,256.3569,0.8999999999999999,2.0637176979998912
1049,1047.9381,971.0828,334.10626,0.8999999999999999,1.9147021400003723
1050,1047.8866,974.701,526.39716,0.8999999999999999,1.9209471249996568
1051,1048.0468,982.12616,258.2558,0.8999999999999999,1.9406085099999473
1052,1048.0282,970.5512,336.7712,0.8999999999999999,1.9908740250002666
1053,1047.7682,967.6385,223.23851,0.8999999999999999,1.9933342799995444
1054,1048.0718,971.1753,216.33585,0.8999999999999999,2.0545075920008458
1055,1047.9125,956.7965,219.17998,0.8999999999999999,2.0163234609999563
1056,1048.0638,970.5878,359.88483,0.8999999999999999,2.0343250199994145
1057,1047.9958,974.0726,176.08133,0.8999999999999999,2.0212248390007517
1058,1047.9359,967.5602,242.76012,0.8999999999999999,2.042945187999976
1059,1047.9752,996.2493,261.59137,0.8999999999999999,2.013349281000046
1060,1047.974,761.913,222.08809,0.8999999999999999,1.9051692650000405
1061,1048.2844,974.5356,258.6097,0.8999999999999999,1.8831681479996405
1062,1048.0775,974.46545,288.70956,0.8999999999999999,1.9053971260000253
1063,1047.9089,970.6533,257.08838,0.8999999999999999,1.88855281799988
1064,1048.0745,987.77814,255.92818,0.8999999999999999,1.96002486100042
1065,1047.743,974.07733,536.90204,0.8999999999999999,2.0768899159993452
1066,1048.1561,1000.65155,333.04483,0.8999999999999999,1.9645962810000128
1067,1048.015,857.8969,175.84502,0.8999999999999999,2.0238480819998586
1068,1048.0603,949.61426,333.11603,0.8999999999999999,1.99604868500046
1069,1048.0498,1004.8044,172.6851,0.8999999999999999,1.993120366999392
1070,1070.7098,1002.31,998.98596,0.8999999999999999,1.9885480869997991
1071,1065.3502,999.08905,999.08905,0.8999999999999999,2.0225243670001873
1072,1073.6907,998.9479,998.9479,0.8999999999999999,1.9726715810002133
1073,1062.6047,999.3173,999.3173,0.8999999999999999,2.040528839000217
1074,1067.9591,999.66327,999.66327,0.8999999999999999,1.9776612949999617
1075,1065.1555,1001.72015,999.10126,0.8999999999999999,2.020140423000157
1076,1070.791,999.18695,999.18695,0.8999999999999999,1.9278740280005877
1077,1070.5951,999.6463,999.38995,0.8999999999999999,2.2489075269995737
1078,1067.2834,999.35736,998.7332,0.8999999999999999,1.9376913720006996
1079,1075.8864,1003.4033,998.5148,0.8999999999999999,1.941110734999711
1080,1070.6395,1024.5101,999.2129,0.8999999999999999,1.9378775490004045
1081,1069.025,1019.04315,998.8835,0.8999999999999999,1.9532077889998618
1082,1073.9534,1010.4277,999.42596,0.8999999999999999,1.9731916889995773
1083,1072.3383,1022.3804,998.9306,0.8999999999999999,1.931035747000351
1084,1075.5038,1005.95746,999.6214,0.8999999999999999,1.9246818960000383
1085,1070.3707,1004.4674,999.45764,0.8999999999999999,1.9322136920000048
1086,1078.2052,1021.8758,998.9318,0.8999999999999999,1.927203320999979
1087,1071.7594,1021.72406,998.7785,0.8999999999999999,1.9242743019995032
1088,1075.532,999.4043,998.9256,0.8999999999999999,1.9258777469995039
1089,1073.1771,1022.07697,998.8083,0.8999999999999999,2.118170232999546
1090,1071.4397,999.5965,998.853,0.8999999999999999,2.127294608999364
1091,1071.8333,1024.2365,999.1593,0.8999999999999999,1.9673746519993074
1092,1075.9064,1000.2207,998.7887,0.8999999999999999,2.031137509000473
1093,1070.1283,1020.4897,998.8883,0.8999999999999999,1.9762981270005184
1094,1076.2725,999.2137,998.61475,0.8999999999999999,1.9601106749996688
1095,1073.5438,1019.0377,999.04816,0.8999999999999999,2.2678684800002884
1096,1074.3129,1024.819,998.70087,0.8999999999999999,1.949956387000384
1097,1073.0067,1031.4713,998.8629,0.8999999999999999,1.954776927000239
1098,1071.7499,1006.75507,998.6764,0.8999999999999999,2.1664761559995895
1099,1074.1093,1008.88544,999.1927,0.8999999999999999,2.1673800580001625
1100,1075.2085,1020.0179,998.7961,0.8999999999999999,1.968320500000118
1101,1074.3716,1006.8754,999.1583,0.8999999999999999,2.0404192810001405
1102,1076.0455,1004.5498,998.67523,0.8999999999999999,2.3057632290001493
1103,1069.6415,1002.89825,999.31506,0.8999999999999999,1.99621695299993
1104,1075.6965,1003.0617,999.7213,0.8999999999999999,1.919283023999924
1105,1074.6908,1022.137,998.7342,0.8999999999999999,1.917479609000111
1106,1076.7008,1002.8714,998.57776,0.8999999999999999,1.9237461299999268
1107,1073.1753,1003.6574,999.15186,0.8999999999999999,1.9266254030007985
1108,1075.1044,999.7388,998.35077,0.8999999999999999,1.9197951750002176
1109,1074.9867,1000.4279,998.89764,0.8999999999999999,1.9097721280004407
1110,1071.5569,1011.7869,999.03174,0.8999999999999999,1.9264419659994019
1111,1072.2965,1016.8914,998.58673,0.8999999999999999,1.9190082189998066
1112,1076.5917,1018.1945,999.9757,0.8999999999999999,1.9406627189991923
1113,1070.2495,1033.4445,998.41077,0.8999999999999999,1.9631044919997294
1114,1071.9668,1008.6613,998.85516,0.8999999999999999,1.9385468039999978
1115,1070.1672,1008.2028,999.63947,0.8999999999999999,1.945963459000268
1116,1072.6653,1016.60126,998.9582,0.8999999999999999,2.0201003319998563
1117,1073.4847,1030.0165,998.9422,0.8999999999999999,2.2524122779996105
1118,1069.653,1024.1132,999.33734,0.8999999999999999,1.934243054000035
1119,1073.9127,1018.1411,998.8346,0.8999999999999999,1.9769460090001303
1120,1084.3378,1000.61536,984.0368,0.8999999999999999,1.9853080009997939
1121,1100.5504,1000.99945,985.4891,0.8999999999999999,2.003801676999501
1122,1092.8102,1001.52747,984.5215,0.8999999999999999,2.0094448810004906
1123,1090.9562,1022.6679,983.59735,0.8999999999999999,2.003805967000517
1124,1094.974,1022.247,943.6442,0.8999999999999999,2.011228934999963
1125,1085.9838,1016.58734,896.4588,0.8999999999999999,2.0026005170002463
1126,1099.9213,1016.902,988.27374,0.8999999999999999,1.9937227309992522
1127,1090.3989,1007.8834,792.0165,0.8999999999999999,2.0116720919995714
1128,1093.1774,999.3375,657.9533,0.8999999999999999,2.0390281360005247
1129,1087.4838,1031.0873,894.5841,0.8999999999999999,1.93107238399989
1130,1092.4125,1031.997,871.6738,0.8999999999999999,1.942135130000679
1131,1072.5305,1032.6428,998.56586,0.8999999999999999,1.9812356120000914
1132,1074.0387,1006.75745,999.05707,0.8999999999999999,1.9948598969995146
1133,1075.148,1015.48505,998.8893,0.8999999999999999,2.022505158000058
1134,1071.9086,1015.52875,999.3188,0.8999999999999999,2.038077878999502
1135,1077.813,1027.6487,999.2299,0.8999999999999999,2.096306693999395
1136,1073.4683,1004.1955,999.2033,0.8999999999999999,1.9338341500006209
1137,1074.8265,1020.8256,998.94183,0.8999999999999999,1.9547864940004729
1138,1087.4492,1031.3002,1001.5618,0.8999999999999999,1.9571350020005411
1139,1070.6777,1029.9526,999.3888,0.8999999999999999,1.943319959999826
1140,1076.8384,1032.4846,999.10254,0.8999999999999999,1.9935982659999354
1141,1071.4506,1023.17694,999.6053,0.8999999999999999,1.9952797640007702
1142,1069.6045,1024.9437,1000.8339,0.8999999999999999,1.950432704999912
1143,1071.0416,1024.3213,999.30176,0.8999999999999999,1.9434165729999222
1144,1070.6927,1022.43634,999.04877,0.8999999999999999,1.89483246600048
1145,1075.22,1015.09326,999.03107,0.8999999999999999,1.889413070000046
1146,1074.4062,1020.811,999.366,0.8999999999999999,1.8918516789999558
1147,1081.2863,1016.16095,998.7373,0.8999999999999999,1.88348741199934
1148,1076.8793,1024.5631,998.5304,0.8999999999999999,1.8771101919992361
1149,1075.7296,1025.055,999.14026,0.8999999999999999,1.8871396620006635
1150,1075.9381,1009.24786,999.55725,0.8999999999999999,1.8917696540001998
1151,1073.6727,1014.4678,999.36975,0.8999999999999999,1.8767618000001676
1152,1074.4169,1019.4578,998.14514,0.8999999999999999,1.8822320859999309
1153,1066.7396,1009.6419,998.6476,0.8999999999999999,1.877178021999498
1154,1072.1265,1007.8888,999.2619,0.8999999999999999,2.055401126000106
1155,1074.3379,1041.2681,999.01953,0.8999999999999999,1.8867316420000861
1156,1074.2181,1091.564,998.77734,0.8999999999999999,1.8755505560002348
1157,1074.8008,1024.5038,999.56836,0.8999999999999999,1.886766995000471
1158,1070.3568,1011.9604,999.43115,0.8999999999999999,2.0919553899993844
1159,1074.5999,1024.4619,999.5044,0.8999999999999999,1.880986350999592
1160,1074.3424,1000.24786,1000.24786,0.8999999999999999,1.8875053430001572
1161,1072.501,1025.5238,999.26874,0.8999999999999999,1.884803728999941
1162,1070.4739,1022.31635,1000.1645,0.8999999999999999,2.1051001750001888
1163,1069.928,1000.5553,999.33417,0.8999999999999999,1.9279809999998179
1164,1074.8436,1001.5927,999.16614,0.8999999999999999,1.9333811719998266
1165,1074.7294,1015.24524,1000.2965,0.8999999999999999,1.9605401779999738
1166,1073.3959,1015.3014,998.4971,0.8999999999999999,1.9392076730000554
1167,1073.1986,1005.6098,998.9924,0.8999999999999999,1.9367961030002334
1168,1069.6598,1025.2203,998.9792,0.8999999999999999,1.9169863269999041
1169,1071.4869,1023.72845,999.3179,0.8999999999999999,1.9236355960001674
1170,1073.2513,1022.94745,999.0348,0.8999999999999999,1.9252053529999102
1171,1072.7997,1008.31854,999.1719,0.8999999999999999,1.9270830880004723
1172,1082.5266,1020.3086,998.9393,0.8999999999999999,1.9262343800000963
1173,1074.555,1024.3303,999.68164,0.8999999999999999,1.9610241099999257
1174,1073.8531,1000.13153,999.0583,0.8999999999999999,1.9264546319991496
1175,1076.6012,1032.2816,998.62775,0.8999999999999999,1.942343081999752
1176,1072.4381,1018.9059,999.02924,0.8999999999999999,1.9239883720001671
1177,1073.1266,1000.4723,999.29083,0.8999999999999999,1.9430767019994164
1178,1081.5575,1003.1811,998.3918,0.8999999999999999,1.9152372099997592
1179,1076.5707,1024.5862,999.3242,0.8999999999999999,1.9474766989997079
1180,1077.8773,1024.4623,999.4555,0.8999999999999999,1.935920124000404
1181,1096.3175,1022.1264,1001.54785,0.8999999999999999,1.9511546000003364
1182,1092.736,1012.09,1000.12714,0.8999999999999999,1.9407042720004029
1183,1072.9117,1002.93616,998.6141,0.8999999999999999,1.9398820449996492
1184,1074.597,1024.1641,1000.3981,0.8999999999999999,1.9482378379998408
1185,1095.3645,1000.8922,1000.8922,0.8999999999999999,1.9425637900003494
1186,1078.4176,1024.663,1000.05255,0.8999999999999999,1.9439054450003823
1187,1088.9679,1030.764,1000.6255,0.8999999999999999,1.934950089999802
1188,1081.3906,1020.91565,999.8732,0.8999999999999999,1.9462253349993262
1189,1090.2782,1026.0842,1001.2848,0.8999999999999999,2.020032207999975
1190,1095.2235,1025.3805,1000.41144,0.8999999999999999,1.877976591999868
1191,1088.1243,1018.66425,1001.3717,0.8999999999999999,1.9351225029995476
1192,1084.791,1005.7016,999.0688,0.8999999999999999,1.9558582979998391
1193,1095.247,1003.7049,1001.1722,0.8999999999999999,2.0241091899997627
1194,1097.9203,1017.7714,1001.4235,0.8999999999999999,2.0117088449997027
1195,1033.2334,1033.0863,1033.0863,0.9999999999999999,2.004601958999956
1196,1032.8977,1033.0676,1033.0676,0.9999999999999999,2.0170196649996797
1197,1033.1545,1033.5814,1033.5814,0.9999999999999999,2.0052771220007344
1198,1033.2714,1032.8291,1032.8291,0.9999999999999999,1.9065621340005237
1199,1033.0966,1033.3099,1033.3099,0.9999999999999999,1.8864762680004787
1200,1033.1432,1033.3763,1033.3763,0.9999999999999999,1.8774485359999744
1201,1033.2188,1033.5696,1033.5696,0.9999999999999999,1.8707498599997052
1202,1033.7585,1033.6377,1033.6377,0.9999999999999999,1.8764695640002174
1203,1033.1792,1032.9656,1032.4979,0.9999999999999999,1.8914181799991638
1204,1032.9564,1033.2411,1033.0112,0.9999999999999999,1.8791218149999622
1205,1033.4142,1033.2571,1033.2571,0.9999999999999999,1.8813131489996522
1206,1033.0673,1033.3008,1032.8822,0.9999999999999999,1.8773462489998565
1207,1033.5424,1033.1686,1033.143,0.9999999999999999,1.9848276370003077
1208,1033.3802,1033.6702,1032.9984,0.9999999999999999,1.8839830580000125
1209,1033.6055,1033.5682,1032.9636,0.9999999999999999,1.8862142280004264
1210,1033.0895,1033.2544,1032.7617,0.9999999999999999,1.8890356660003818
1211,1033.3955,1033.3617,1032.551,0.9999999999999999,2.066395894999914
1212,1033.3856,1033.469,1032.7572,0.9999999999999999,1.8833963140004926
1213,1033.3782,1033.2611,1032.8793,0.9999999999999999,1.8803235350005707
1214,1033.1814,1033.4027,1033.4027,0.9999999999999999,1.8846730100003697
1215,1033.1945,1033.3184,1033.2623,0.9999999999999999,2.0357070219997695
1216,1033.2512,1033.177,1032.9257,0.9999999999999999,1.8910114000000249
1217,1033.2135,1033.0442,1032.6953,0.9999999999999999,1.88584405399979
1218,1033.3848,1033.4127,1032.7175,0.9999999999999999,1.920389750999675
1219,1033.3867,1033.3114,1033.0956,0.9999999999999999,2.158946888999708
1220,1033.3375,1033.3558,1032.5586,0.9999999999999999,1.8953514100003304
1221,1033.4663,1033.37,1033.1504,0.9999999999999999,1.929393476999394
1222,1033.5314,1033.3932,1032.8145,0.9999999999999999,1.880343984999854
1223,1033.3684,1033.6176,1033.3949,0.9999999999999999,1.8852978269997038
1224,1033.455,1033.5312,1033.0009,0.9999999999999999,1.8754103770006623
1225,1033.344,1033.5472,1033.5472,0.9999999999999999,1.8928294990000722
1226,1033.3137,1033.5464,1033.1674,0.9999999999999999,1.8840018460005012
1227,1033.4696,1033.2992,1033.1555,0.9999999999999999,1.921878592000212
1228,1033.4789,1033.3616,1033.0281,0.9999999999999999,1.9231771670001763
1229,1033.3414,1033.5126,1032.9199,0.9999999999999999,1.9153457769998568
1230,1033.4137,1033.217,1032.708,0.9999999999999999,1.926524974000131
1231,1033.2651,1033.4778,1032.6732,0.9999999999999999,1.9391692260005584
1232,1033.392,1033.3478,1032.867,0.9999999999999999,1.9416627070004324
1233,1033.4528,1033.3383,1033.1438,0.9999999999999999,1.9429685670002073
1234,1033.3885,1033.1943,1033.0446,0.9999999999999999,2.0060323280004013
1235,1033.1978,1033.392,1032.8158,0.9999999999999999,1.9736316250000527
1236,1033.2393,1033.2405,1032.8534,0.9999999999999999,1.9795505980000598
1237,1033.4371,1033.1201,1032.929,0.9999999999999999,1.9734339759997965
1238,1033.3036,1033.5385,1032.8676,0.9999999999999999,1.986535138000363
1239,1033.4773,1033.39,1032.8811,0.9999999999999999,1.9812955540000985
1240,1033.261,1033.4027,844.0256,0.9999999999999999,1.9664324650002527
1241,1033.3143,1033.6783,1033.3881,0.9999999999999999,1.973369659999662
1242,1033.2952,1033.5935,1033.5935,0.9999999999999999,1.9822706969998762
1243,1033.4496,1033.6224,1032.7338,0.9999999999999999,1.971364982000523
1244,1033.2876,1033.491,1032.4032,0.9999999999999999,1.972916604000602
1245,1033.3818,1033.4362,1033.4362,0.9999999999999999,1.99656125599995
1246,1033.215,1033.4912,1032.7043,0.9999999999999999,1.973393379999834
1247,1033.311,1033.4072,1032.7421,0.9999999999999999,1.9724170290000984
1248,1033.529,1033.1725,1032.3073,0.9999999999999999,1.9671862600007444
1249,1033.4226,1033.459,1033.072,0.9999999999999999,1.9506066059993827
1250,1033.2755,1033.5175,1032.6849,0.9999999999999999,1.9390929529999994
1251,1033.546,1033.4061,1032.996,0.9999999999999999,1.91949268100052
1252,1033.3925,1033.4573,1032.9706,0.9999999999999999,1.913651695000226
1253,1033.5208,1033.4556,1033.0281,0.9999999999999999,1.9292929050006933
1254,1033.3612,1033.5101,1032.9924,0.9999999999999999,1.9675992840002436
1255,1033.2008,1033.3193,1032.8009,0.9999999999999999,1.9828928580000138
1256,1033.2708,1033.2743,1032.9686,0.9999999999999999,1.9791304079999463
1257,1033.3547,1033.455,1032.9039,0.9999999999999999,1.9262355230002868
1258,1033.5258,1033.4374,1032.7324,0.9999999999999999,1.937302751000061
1259,1033.3387,1033.3055,1033.0172,0.9999999999999999,1.930897181000546
1260,1033.3011,1033.3353,1032.4858,0.9999999999999999,1.9512641399996937
1261,1033.4176,1033.246,1033.0417,0.9999999999999999,1.9266193359999306
1262,1033.3871,1033.3569,1032.765,0.9999999999999999,1.9262429710006472
1263,1033.559,1033.2124,1032.9999,0.9999999999999999,1.931772751000608
1264,1033.3687,1033.4257,1032.7526,0.9999999999999999,2.039886706999823
1265,1033.4062,1033.4893,1032.7256,0.9999999999999999,2.014031814000191
1266,1033.2323,1033.4614,1032.8925,0.9999999999999999,2.004379555000014
1267,1033.2965,1033.6637,1033.5254,0.9999999999999999,2.0046684499993717
1268,1033.5809,1033.2377,1033.1816,0.9999999999999999,2.0248465760005274
1269,1033.1971,1033.4744,1032.6708,0.9999999999999999,2.0057047059999604
1270,1033.5416,1033.62,1033.3596,0.9999999999999999,1.9897209869996004
1271,1033.3151,1033.6488,1032.9652,0.9999999999999999,1.8998124839999946
1272,1033.2975,1033.2383,1032.7471,0.9999999999999999,1.8871960140004376
1273,1033.392,1033.3506,1033.077,0.9999999999999999,1.9424281709998468
1274,1033.3903,1033.4697,1033.0881,0.9999999999999999,1.9404739920000793
1275,1033.2798,1033.5687,1033.114,0.9999999999999999,1.9615302890006205
1276,1033.4415,1033.2812,1033.2294,0.9999999999999999,1.9246914610002932
1277,1033.5255,1033.2255,1032.5848,0.9999999999999999,1.9225707819996387
1278,1033.3352,1033.4371,1032.478,0.9999999999999999,1.9200062049994813
1279,1035.5752,1033.8412,1033.8412,0.9999999999999999,1.9426467620005496
1280,1048.7375,1048.4329,1048.4329,0.9999999999999999,1.9284431989999575
1281,1048.1995,1047.9738,1047.9738,0.9999999999999999,1.9238604700003634
1282,1047.5793,1048.1632,1048.1632,0.9999999999999999,1.9152017169999453
1283,1048.1866,1046.8983,1046.8983,0.9999999999999999,1.9294853009996586
1284,1048.5204,1048.7352,1039.9827,0.9999999999999999,1.9220325649994265
1285,1049.3135,1048.8016,1047.0748,0.9999999999999999,1.9230795839994244
1286,1049.6146,1047.9905,1046.8973,0.9999999999999999,1.924832905000585
1287,1052.8219,1054.7098,1054.7098,0.9999999999999999,1.9311683579999226
1288,1053.2026,1052.2391,1052.2391,0.9999999999999999,1.9233918019999692
1289,1052.4418,1054.0577,1053.8728,0.9999999999999999,1.9194516949992249
1290,1054.7971,1054.1771,1053.3998,0.9999999999999999,1.9471140139994532
1291,1053.7422,1055.3265,1051.1722,0.9999999999999999,1.918811495999762
1292,1053.1194,1054.7467,1053.51,0.9999999999999999,1.93022467100036
1293,1055.0344,1053.3646,1053.3646,0.9999999999999999,1.923313207999854
1294,1055.2051,1054.1403,1053.3221,0.9999999999999999,1.9507908710002084
1295,1054.37,1054.6995,1053.141,0.9999999999999999,1.9298086720000356
1296,1059.2131,1059.5123,1059.5123,0.9999999999999999,1.9682035329997234
1297,1060.5057,1060.9735,1059.589,0.9999999999999999,1.9827417149999746
1298,1060.4551,1060.1864,1059.2904,0.9999999999999999,1.920709347000411
1299,1061.0165,1060.5531,1060.5531,0.9999999999999999,1.909477786000025
1300,1060.4556,1060.2854,1060.0096,0.9999999999999999,1.9122581869996793
1301,1060.8074,1060.2307,1059.3127,0.9999999999999999,1.9208817580001778
1302,1097.3016,1060.7362,749.01807,0.9999999999999999,1.9139174740003
1303,1112.4309,1108.9576,1108.9576,0.9999999999999999,1.9068181459997504
1304,1087.8529,1105.112,645.2199,0.9999999999999999,1.916068333000112
1305,1100.8074,1101.3402,1101.3402,0.9999999999999999,1.9125195569995412
1306,1101.8386,1100.0413,1089.0297,0.9999999999999999,1.9216221480000968
1307,1100.8839,1098.3623,921.2729,0.9999999999999999,1.9093830129995695
1308,1097.8668,1102.2926,953.89764,0.9999999999999999,1.8836984839999786
1309,1101.015,1104.3124,1104.3124,0.9999999999999999,1.8938032089999979
1310,1104.6328,1105.4714,936.1268,0.9999999999999999,1.8783239849999518
1311,1096.6167,1098.7133,738.31805,0.9999999999999999,1.9298148119996767
1312,1092.6715,1062.118,925.63153,0.9999999999999999,1.9312152490001608
1313,1109.6351,1096.6722,1096.6722,0.9999999999999999,1.9425847620004788
1314,1097.8632,1102.998,923.23175,0.9999999999999999,1.939355732999502
1315,1081.4536,1104.5862,1104.5862,0.9999999999999999,1.9282870759998332
1316,1061.4081,1092.3566,1059.4696,0.9999999999999999,1.9358343330004573
1317,1060.7793,1061.1764,1061.1764,0.9999999999999999,1.9451962189996266
1318,1061.454,1061.8514,1061.8514,0.9999999999999999,1.9285604999995485
1319,1062.913,1093.8246,1060.5531,0.9999999999999999,1.9309486329993888
1320,1060.9283,1062.7448,1060.4504,0.9999999999999999,1.9281039980005517
1321,1061.6971,1061.1334,1059.6302,0.9999999999999999,1.933931462000146
1322,1061.9364,1061.6884,1061.1642,0.9999999999999999,1.9272096359991338
1323,1064.0118,1061.6885,1060.0413,0.9999999999999999,1.9273068920001606
1324,1077.6722,1062.2614,965.3232,0.9999999999999999,1.9156458039997233
1325,1061.6665,1062.6073,1061.4921,0.9999999999999999,1.936586513000293
1326,1066.7449,1063.05,883.5029,0.9999999999999999,1.93338597499951
1327,1062.5846,1062.2161,1061.0703,0.9999999999999999,1.9287771050003357
1328,1065.2506,1061.9178,1034.9056,0.9999999999999999,1.9324555590001182
1329,1061.9065,1062.4592,1060.0271,0.9999999999999999,1.937822158999552
1330,1062.2637,1062.0336,1060.5498,0.9999999999999999,1.9178683399995862
1331,1062.7107,1061.2819,1060.7596,0.9999999999999999,1.92170755799998
1332,1062.8806,1061.4521,1049.0765,0.9999999999999999,1.9500842150000608
1333,1062.1241,1063.4039,1059.8842,0.9999999999999999,1.9340243790002205
1334,1064.1083,1062.2445,1049.5823,0.9999999999999999,1.9216234490004354
1335,1062.717,1062.7416,1060.723,0.9999999999999999,1.9221135329999015
1336,1063.034,1065.2699,1065.2699,0.9999999999999999,1.949011652000081
1337,1064.1859,1065.2083,1065.2083,0.9999999999999999,1.9337464489999547
1338,1063.4049,1062.4688,1057.0323,0.9999999999999999,1.96855915299966
1339,1063.9977,1065.111,1062.1815,0.9999999999999999,1.9326228840000113
1340,1065.9076,1065.5992,1065.5992,0.9999999999999999,1.9297002260000227
1341,1064.8397,1063.3281,1042.516,0.9999999999999999,1.9502474810005879
1342,1062.4056,1063.7301,1060.997,0.9999999999999999,1.929208796000239
1343,1063.3915,1063.8588,1063.623,0.9999999999999999,1.9369644979997247
1344,1063.0717,1062.953,1062.5569,0.9999999999999999,1.9415856330006136
1345,1063.7709,1064.2229,1064.2229,0.9999999999999999,1.9327626720005355
1346,1064.7982,1063.7693,1062.2645,0.9999999999999999,1.923130258999663
1347,1063.7025,1062.4427,1061.6434,0.9999999999999999,1.9430867270002636
1348,1063.9408,1064.1887,1063.8425,0.9999999999999999,1.9330934630006595
1349,1062.3324,1062.8809,1061.3857,0.9999999999999999,1.9421490210006596
1350,1063.0247,1063.3102,1062.9475,0.9999999999999999,1.925005592999696
1351,1065.159,1062.8257,1057.9175,0.9999999999999999,1.9462429670002166
1352,1064.0995,1065.0774,1061.6934,0.9999999999999999,1.9335177180000755
1353,1063.5022,1062.5741,1061.9813,0.9999999999999999,1.930079919000491
1354,1064.8931,1064.4797,1060.8412,0.9999999999999999,1.9747063989998423
1355,1063.2865,1064.0211,1064.0211,0.9999999999999999,1.9749969389995385
1356,1063.032,1064.2842,1064.2177,0.9999999999999999,1.970898646999558
1357,1062.0576,1063.1411,1063.1411,0.9999999999999999,1.9614757789995565
1358,1063.0787,1063.919,1019.1733,0.9999999999999999,1.9723483070001748
1359,1062.701,1064.1005,1060.705,0.9999999999999999,2.0020077799999854
1360,1062.5924,1062.0834,1045.018,0.9999999999999999,1.9859056919995055
1361,1062.7406,1062.2695,1060.233,0.9999999999999999,1.988420345999657
1362,1065.8859,1062.389,1025.6215,0.9999999999999999,2.0318771959991864
1363,1062.0353,1062.5809,1061.2815,0.9999999999999999,1.985898480999822
1364,1062.11,1062.5858,1060.0067,0.9999999999999999,1.9837928629995076
1365,1061.7064,1062.3442,1060.2559,0.9999999999999999,1.9882736050003587
1366,1062.2715,1061.641,1061.1887,0.9999999999999999,1.98867854800028
1367,1064.7557,1064.6315,1064.6315,0.9999999999999999,1.9697400650002237
1368,1062.0182,1062.1664,1060.3608,0.9999999999999999,1.9747694940006113
1369,1062.7097,1062.2675,1060.9255,0.9999999999999999,1.9629429560000062
1370,1061.3662,1062.4857,1060.284,0.9999999999999999,1.9686705209996944
1371,1061.9095,1061.5814,1060.7806,0.9999999999999999,1.9669685519993436
1372,1062.1631,1061.7227,1060.6381,0.9999999999999999,1.9617450400000962
1373,1062.3812,1061.8118,1061.4467,0.9999999999999999,1.9921797819997664
1374,1062.3063,1062.5955,1059.4452,0.9999999999999999,1.9661040949995368
1375,1108.1268,1061.8429,1032.22,0.9999999999999999,1.9714549639993493
1376,1065.4072,1095.6996,1095.6996,0.9999999999999999,1.9831201210008658
1377,1061.9519,1118.5045,1062.0612,0.9999999999999999,2.007451497999682
1378,1061.6283,1081.1913,1061.5887,0.9999999999999999,1.9722636129999955
1379,1062.0397,1061.5326,1061.47,0.9999999999999999,1.9735550160003186
1380,1062.3132,1062.3518,1061.6483,0.9999999999999999,1.9708278229991265
1381,1062.0317,1062.4086,1060.7002,0.9999999999999999,1.9723227470003621
1382,1062.1149,1062.1884,1060.5459,0.9999999999999999,1.9739470979993712
1383,1062.3645,1062.8256,1062.8256,0.9999999999999999,1.9581609320002826
1384,1061.9358,1061.942,1059.9879,0.9999999999999999,1.9723028199996406
1385,1062.2828,1061.7148,1060.9232,0.9999999999999999,1.965614075999838
1386,1061.9475,1062.5028,1061.2567,0.9999999999999999,1.977496143999815
1387,1062.0557,1062.0824,1060.9418,0.9999999999999999,1.9768921949998912
1388,1064.2045,1064.5121,1064.5121,0.9999999999999999,1.9613738050002212
1389,1062.4072,1065.5431,1062.0061,0.9999999999999999,1.9838616710003407
1390,1062.1176,1062.0927,1061.0009,0.9999999999999999,1.993784477999725
1391,1062.2373,1062.499,1060.1165,0.9999999999999999,1.9917162829997324
1392,1062.1646,1061.8475,1059.9768,0.9999999999999999,1.9206437080001706
1393,1062.7031,1061.5088,1059.9966,0.9999999999999999,1.9980528380001488
1394,1061.6967,1061.7662,1061.1288,0.9999999999999999,2.0039557350000905
1395,1062.2568,1061.694,1059.7421,0.9999999999999999,1.9922773700000107
1396,1061.6946,1061.5537,1060.9166,0.9999999999999999,1.9841900629999145
1397,1062.3945,1061.6786,1059.5505,0.9999999999999999,1.9935191190006663
1398,1062.4694,1062.1692,1062.1454,0.9999999999999999,1.9814291939992472
1399,1062.1322,1061.4553,1060.3376,0.9999999999999999,2.015102917999684
1400,1062.155,1062.004,1060.8656,0.9999999999999999,1.9899471949993313
1401,1061.6246,1061.9863,1061.5248,0.9999999999999999,1.9076715230003174
1402,1062.1548,1061.7489,1061.7489,0.9999999999999999,1.9199875020003674
1403,1062.3944,1061.934,1061.0537,0.9999999999999999,1.926148311000361
1404,1062.0756,1062.1317,1062.1317,0.9999999999999999,1.911693226999887
1405,1062.298,1062.6389,1060.8162,0.9999999999999999,1.8885649330004526
1406,1095.4727,1062.6049,934.3932,0.9999999999999999,1.8753602040005717
1407,1089.0853,1097.0812,908.876,0.9999999999999999,1.9215108429998509
1408,1088.7426,1062.6061,1029.4315,0.9999999999999999,1.919541699000547
1409,1084.4137,1090.8575,1090.8575,0.9999999999999999,1.9352537140002823
1410,1061.3417,1089.3154,1060.6266,0.9999999999999999,1.941562895000061
1411,1061.7408,1062.0651,1061.0917,0.9999999999999999,1.9331140650001544
1412,1061.9274,1062.122,1060.89,0.9999999999999999,1.9404068370004097
1413,1062.0518,1062.1946,1060.918,0.9999999999999999,1.9347101060002387
1414,1061.9099,1061.8998,1061.4906,0.9999999999999999,1.9359964539999055
1415,1062.5725,1075.991,1061.375,0.9999999999999999,1.9247666579994984
1416,1061.9971,1062.2317,1060.1442,0.9999999999999999,1.9325306020000426
1417,1061.845,1061.8251,1060.3368,0.9999999999999999,1.937164839999241
1418,1061.8646,1061.5641,1060.5975,0.9999999999999999,1.9521017550005126
1419,1062.3661,1061.5819,1060.802,0.9999999999999999,1.9275889640002788
1420,1061.6022,1061.5819,1061.5819,0.9999999999999999,1.9457403369997337
1421,1061.9537,1062.4789,1060.9218,0.9999999999999999,1.9380042279999543
1422,1061.8524,1062.23,1060.3065,0.9999999999999999,2.062856235000254
1423,1061.6738,1062.1151,1061.4851,0.9999999999999999,1.926033730999734
1424,1099.7797,1061.6123,1007.56683,0.9999999999999999,1.9281972349999705
1425,1094.089,1102.3016,1088.9886,0.9999999999999999,1.927140849999887
1426,1105.254,1095.3835,777.792,0.9999999999999999,1.9422152320003079
1427,1105.4082,1094.7919,1094.7919,0.9999999999999999,2.001537438000014
1428,1061.6996,1099.9264,1061.0328,0.9999999999999999,1.981503122000504
1429,1098.3282,1061.765,769.3288,0.9999999999999999,1.9822612399993886
1430,1102.5261,1095.7346,917.0141,0.9999999999999999,1.986908143000619
1431,1097.1333,1096.3336,953.41815,0.9999999999999999,1.9923016970005847
1432,1088.2096,1080.1082,909.1097,0.9999999999999999,1.9861231269997006
1433,1097.6932,1091.7937,1091.7937,0.9999999999999999,2.0280681779995575
1434,1100.5228,1086.9698,1081.6438,0.9999999999999999,1.9890648299997338
1435,1097.6361,1096.9574,1017.2301,0.9999999999999999,1.9792088340000191
1436,1101.5303,1102.2288,1087.6986,0.9999999999999999,2.000891562000106
1437,1108.1102,1099.9481,1090.7115,0.9999999999999999,1.9914644179998504
1438,1099.7897,1102.4272,1094.0211,0.9999999999999999,1.9157541920003496
1439,1096.318,1110.7865,1092.6062,0.9999999999999999,1.8756901850001668
1440,1103.2904,1101.8237,1101.8237,0.9999999999999999,1.8827186219996292
1441,1171.0647,1095.7524,1015.9557,0.9999999999999999,1.889772878000258
1442,1102.701,1107.1732,1107.1732,0.9999999999999999,1.8751974490005523
1443,1103.8994,1099.4967,928.3732,0.9999999999999999,1.9387289759997657
1444,1101.3837,1096.6708,1094.8798,0.9999999999999999,1.9352884419995462
1445,1105.4146,1096.6741,975.1584,0.9999999999999999,1.9321335550002914
1446,1108.4493,1104.8118,1093.9174,0.9999999999999999,1.881744991999767
1447,1105.8844,1103.1658,1094.6014,0.9999999999999999,1.9722766499999125
1448,1111.6847,1114.4137,949.7692,0.9999999999999999,2.0055732949995217
1449,1104.4836,1108.3411,1098.8032,0.9999999999999999,1.9842860400003701
1450,1108.6184,1104.4208,1093.87,0.9999999999999999,1.9767609749997064
1451,1102.9911,1105.5042,1098.1722,0.9999999999999999,1.9728265550002106
1452,1103.724,1106.8649,1097.2588,0.9999999999999999,1.91955416699966
1453,1099.627,1109.8423,1095.6763,0.9999999999999999,1.9223557200002688
1454,1105.3082,1102.9645,913.25433,0.9999999999999999,1.9314743819995783
1455,1102.9874,1101.8353,994.0582,0.9999999999999999,1.9205062199998792
1456,1147.1383,1155.1625,1155.1625,0.9999999999999999,1.9514714910001203
1457,1103.4115,1144.5552,996.7332,0.9999999999999999,1.9241324439999516
1458,1098.7142,1098.4596,1078.9818,0.9999999999999999,1.9662150989997826
1459,1102.703,1097.8016,1091.5264,0.9999999999999999,1.9696179950005899
1460,1103.7509,1101.4081,1100.2256,0.9999999999999999,1.9745130020000943
1461,1101.537,1100.3317,1100.3317,0.9999999999999999,1.9748405469999852
1462,1102.0709,1106.6134,924.55725,0.9999999999999999,1.9790392260001681
1463,1099.9193,1105.618,908.13184,0.9999999999999999,1.9879716189998362
1464,1122.0756,1098.2839,876.7075,0.9999999999999999,1.9743159800000285
1465,1127.4291,1114.3164,1114.3164,0.9999999999999999,1.9640826329996344
1466,1107.2754,1129.369,933.2012,0.9999999999999999,1.9769683509994138
1467,1099.4081,1097.0692,902.40375,0.9999999999999999,1.9939141960003326
1468,1096.3263,1100.786,1094.3091,0.9999999999999999,1.9780272789994342
1469,1098.3236,1104.5057,905.1211,0.9999999999999999,1.9719339610001043
1470,1106.9648,1104.859,1104.859,0.9999999999999999,1.965318262999972
1471,1102.4247,1104.4185,1097.3484,0.9999999999999999,1.9655320070005473
1472,1102.4252,1098.9098,1096.3004,0.9999999999999999,1.9765964389998771
1473,1107.232,1099.4065,754.1928,0.9999999999999999,1.9607338749992778
1474,1103.8856,1090.7252,1090.7252,0.9999999999999999,1.9934267869994073
1475,1105.8372,1104.4583,935.8178,0.9999999999999999,1.964186035000239
1476,1105.2921,1100.8494,1100.8494,0.9999999999999999,1.9773352180000074
1477,1096.038,1099.7242,1099.4086,0.9999999999999999,1.9721370100005515
1478,1107.7303,1106.0315,1106.0315,0.9999999999999999,1.9948453979995975
1479,1091.4238,1100.7103,1090.5116,0.9999999999999999,1.9670028559994535
1480,1098.2031,1098.493,1062.5505,0.9999999999999999,1.9600273200003357
1481,1174.9862,1094.7617,1014.1793,0.9999999999999999,1.9676419350007563
1482,1171.4052,1094.3651,1028.1039,0.9999999999999999,1.9785437330001514
1483,1170.6053,1141.57,1141.57,0.9999999999999999,1.9741195939996032
1484,1122.9717,1142.3353,1142.3353,0.9999999999999999,1.9494296570001097
1485,1148.4199,1163.6962,1163.6962,0.9999999999999999,1.9713711340000373
1486,1161.1742,1153.7936,1068.442,0.9999999999999999,1.9661904690001393
1487,1140.2328,1123.718,1026.0233,0.9999999999999999,1.9657463900002767
1488,1157.4059,1173.1882,803.7625,0.9999999999999999,1.9742754849994526
1489,1151.0306,1173.5205,1171.7928,0.9999999999999999,1.9806979240001965
1490,1164.7168,1169.6454,1053.18,0.9999999999999999,1.9688418499999898
1491,1174.9965,1155.1354,1148.2894,0.9999999999999999,1.9724226560001625
1492,1173.1006,1153.5912,1107.634,0.9999999999999999,1.9771887870001592
1493,1153.9948,1150.2723,1150.2723,0.9999999999999999,1.9147559990005902
1494,1175.3059,1175.3059,1175.3059,1,1.9045464390001143
1495,1161.6062,1161.6062,1161.6062,1,1.9146398909997515
1496,1163.6796,1163.6796,1163.6796,1,1.9057438919999186
1497,1130.6577,1130.6577,1130.6577,1,1.8989176790000784
1498,1101.7982,1101.7982,1101.7982,1,1.912607071999446
1499,1152.2123,1152.2123,1152.2123,1,1.9207793940004194
iteration,best_fitness,best_cumulative_reward,cumulative_reward_of_best,beta,evaluation_time
0,856.3006,204.16916,204.16916,0.6,17.477310776000003
1,858.01965,250.31526,238.67204,0.6,2.161815464
2,857.03754,336.86172,215.25456,0.6,2.39972215600001
3,858.98334,249.77916,219.54993,0.6,2.1265409869999985
4,857.2791,972.68896,209.21378,0.6,2.174609103999998
5,875.8169,874.5795,25.67723,0.6,2.1359126020000048
6,877.9299,949.6922,25.447124,0.6,2.2160165660000075
7,878.74084,233.4763,25.06787,0.6,2.1700606659999977
8,1071.827,286.54614,132.66667,0.6,2.1781817299999915
9,1221.2239,255.78471,201.44878,0.6,2.2277481020000067
10,1371.5262,257.48297,219.44908,0.6,2.4754098109999916
11,1584.1625,245.02,210.64415,0.6,2.542539683000001
12,2384.5525,230.92932,206.08289,0.6,2.4188914530000005
13,2023.1504,245.0089,23.707235,0.6,2.1151214289999984
14,2034.4501,343.246,24.404615,0.6,2.108284495000021
15,2162.5125,348.76303,20.419744,0.6,2.1882329050000067
16,2355.9988,267.141,25.292517,0.6,2.1123986270000046
17,2358.8955,272.0979,193.22627,0.6,2.08320063299999
18,2410.3926,276.73752,209.90709,0.6,2.0634328910000193
19,2431.8806,780.332,42.25719,0.6,2.131194023000006
20,2439.8926,356.42453,44.152416,0.6,2.1487814040000046
21,2657.939,266.4755,39.134453,0.6,2.0287669150000056
22,2643.4866,252.24638,41.15251,0.6,2.2623432169999944
23,2606.7622,493.06064,42.50457,0.6,2.047684858000025
24,2659.0142,291.32556,41.972298,0.6,2.4296658229999935
25,2676.403,285.74545,43.701313,0.6,2.400032558000021
26,2686.8586,262.7901,47.18858,0.6,2.096294849000003
27,2693.608,241.77898,47.348568,0.6,2.113905966999994
28,2765.2937,262.65884,43.430367,0.6,2.1328306419999876
29,2717.5964,255.03372,51.15551,0.6,2.2836854570000185
30,2722.4246,982.80194,50.460594,0.6,2.1619038469999907
31,2846.1543,362.2125,48.445995,0.6,2.116795656999983
32,2721.345,995.3009,41.960503,0.6,2.6497917340000186
33,2734.9333,980.72424,47.354687,0.6,2.5468515569999965
34,2721.319,276.2718,43.520725,0.6,2.122732180000014
35,2720.5667,205.24365,43.53128,0.6,2.342834759999988
36,2717.902,290.67642,43.24162,0.6,2.270924182000016
37,2722.7712,278.42075,39.811653,0.6,2.130396263999984
38,2723.3318,202.50845,46.42289,0.6,2.270273904999982
39,2733.0566,239.41646,47.980625,0.6,2.3060353609999993
40,2725.7805,832.01776,41.12937,0.6,2.2207727130000023
41,2734.0532,375.02246,48.96356,0.6,2.176312309000025
42,2722.536,771.84393,45.337063,0.6,2.0768571120000274
43,2722.536,945.2887,50.35653,0.6,2.078484068000023
44,2733.7017,988.9365,49.11236,0.6,2.0975931620000097
45,2737.7502,226.78267,40.948944,0.6,2.1492792230000077
46,2740.2634,232.60957,44.95644,0.6,2.0898993049999603
47,2729.5078,237.21985,44.05781,0.6,2.100132183000028
48,2722.5862,1014.7801,46.296394,0.6,2.1642022419999876
49,2733.7993,1016.9761,48.76946,0.6,2.2218730710000045
50,2728.0051,829.35077,40.457672,0.6,2.234321418000036
51,2725.4187,239.20186,42.257763,0.6,2.202530789999969
52,2725.0098,224.47063,40.837738,0.6,2.2747510860000375
53,2732.3855,250.02896,36.613876,0.6,2.2955194900000038
54,2741.097,215.59976,49.232555,0.6,2.2977700640000194
55,2732.3323,974.3217,48.47041,0.6,2.3154730360000144
56,2738.693,947.3249,50.56252,0.6,2.1638838239999814
57,2739.1196,211.23108,52.679104,0.6,2.307902882999997
58,2730.985,208.67586,46.8585,0.6,2.243343029000016
59,2738.535,325.9465,40.092285,0.6,2.280064564999975
60,2738.7605,975.05975,46.72951,0.6,2.3112319450000314
61,2738.3289,335.76004,56.013447,0.6,2.051927949000003
62,2734.475,260.9769,49.92846,0.6,2.062573662000034
63,2745.1907,210.20923,47.666428,0.6,2.0792367560000002
64,2734.6633,215.15039,42.90699,0.6,2.060962847999974
65,2736.0723,216.17659,45.932972,0.6,2.078978538000001
66,2736.3967,237.6685,49.712135,0.6,2.034662164999986
67,2740.4126,841.5866,45.747086,0.6,2.0272915380000427
68,2743.3223,986.7944,47.972775,0.6,2.0346627399999875
69,2743.149,971.9669,49.406727,0.6,2.2443923029999837
70,2735.1067,217.89085,54.074596,0.6,2.0439118689999987
71,2734.1697,496.48312,42.613937,0.6,2.0375666450000267
72,2739.0264,207.45195,42.275494,0.6,2.036206858000014
73,2741.1926,223.70323,52.170727,0.6,2.042462962000002
74,2740.6997,197.38783,42.76283,0.6,2.040852556999994
75,2740.9634,367.78055,57.31136,0.6,2.028916412000001
76,2742.7852,199.1727,48.06663,0.6,2.2676896090000014
77,2748.7986,203.01756,48.823082,0.6,2.0951283439999884
78,2735.1987,246.71228,50.40386,0.6,2.1151561419999894
79,2740.3188,220.13199,49.095913,0.6,2.1051283950000084
80,2739.2551,622.63324,52.216152,0.6,2.121371188000012
81,2778.5837,989.04706,49.038998,0.6,2.1259278509999717
82,2741.9026,448.67407,44.257915,0.6,2.218981017000033
83,2737.3354,203.29794,46.388847,0.6,2.0991827910000325
84,2739.9111,349.16684,46.25594,0.6,2.0873468180000145
85,2742.9915,193.38972,42.565598,0.6,2.2870823730000325
86,2755.408,993.1584,43.478985,0.6,2.2339326039999605
87,2741.4028,993.477,48.60626,0.6,2.2436834309999654
88,2742.74,347.61398,44.486732,0.6,2.2124511069999926
89,2735.2983,208.76285,49.25681,0.6,2.2644067649999897
90,2740.5686,218.31535,46.527576,0.6,2.307253150000008
91,2743.192,679.77856,50.76547,0.6,2.2188744110000016
92,2741.4802,834.45996,46.958157,0.6,2.1778553749999787
93,2739.6235,955.23303,41.55264,0.6,2.1454995359999884
94,2746.4246,196.21037,44.66963,0.6,2.1909335729999952
95,2740.2642,996.1673,51.20287,0.6,2.309787865999965
96,2742.5222,336.38525,45.89431,0.6,2.2963293139999905
97,2740.7085,232.8264,51.027184,0.6,2.3049605140000153
98,2737.3574,366.2507,49.910885,0.6,2.2913970449999965
99,2735.362,725.4936,43.35801,0.6,2.329802414000028
100,2741.0652,270.75278,40.42051,0.6,2.2884105649999356
101,2741.6257,467.9842,50.022144,0.6,2.0646425669999644
102,2741.0315,288.75046,56.223152,0.6,2.0851225330000034
103,2738.887,314.1868,53.03139,0.6,2.0797386529999358
104,2743.8115,838.2176,43.371437,0.6,2.0982828280000376
105,2889.193,754.4748,42.375076,0.6,2.0715989080000554
106,2883.5444,218.20592,30.246534,0.6,2.0983278839999002
107,2892.6802,265.07413,33.12831,0.6,2.437321056999963
108,2892.287,561.53864,34.88898,0.6,2.0451394489999757
109,2887.782,392.08838,27.984785,0.6,2.080989165999995
110,2886.1406,265.79758,30.628195,0.6,2.0938926139999694
111,2895.069,393.20758,44.435955,0.6,2.0970107430000553
112,2895.921,316.46997,20.829464,0.6,2.22526582699993
113,2891.3018,887.3459,30.617401,0.6,2.226292136999973
114,2899.2751,203.13379,42.969967,0.6,2.158069074000082
115,2893.507,988.458,34.591137,0.6,2.2508590080000204
116,2896.3206,929.9793,37.473705,0.6,2.2638438589999623
117,2886.505,652.10516,33.115448,0.6,2.1739791669999704
118,2889.0886,211.54155,42.172123,0.6,2.1496080580000125
119,2894.811,847.2719,38.148922,0.6,2.151324262000003
120,2875.5637,948.9694,32.461727,0.6,2.182953655999995
121,2890.033,726.64185,40.01544,0.6,2.2848849619999783
122,2890.147,205.04158,46.53954,0.6,2.243361983
123,2897.946,233.4253,45.7319,0.6,2.2737936559999525
124,2901.8123,231.92451,30.211668,0.6,2.252075148000017
125,2947.1272,233.25662,29.675653,0.6,2.2619015850000324
126,2946.213,734.07043,35.457645,0.6,2.0505909710000196
127,2952.0874,196.52615,18.598036,0.6,2.0347423489999983
128,2948.3074,220.68457,28.523954,0.6,2.02932557500003
129,2948.6394,197.83228,32.926987,0.6,2.097883048999961
130,2951.6895,276.10538,23.68165,0.6,2.064545565000003
131,2945.1514,219.08064,31.414814,0.6,2.0791388930000494
132,2941.973,223.9694,27.144012,0.6,2.052760662999958
133,2944.6626,213.73282,20.710009,0.6,2.3158764720000136
134,2942.7546,988.87695,23.983301,0.6,2.234369099999981
135,2949.029,214.42496,26.179365,0.6,2.485318369999959
136,2953.402,228.07066,32.391857,0.6,2.340644741999995
137,2942.9373,970.7541,21.130722,0.6,2.325901864000002
138,2947.278,217.17957,35.10984,0.6,2.215585368999996
139,2968.8718,651.0799,33.77336,0.6,2.0852292829999897
140,2969.946,374.61288,21.31653,0.6,2.1095151870000564
141,2964.494,246.40196,31.874954,0.6,2.1055744889999914
142,2972.4211,197.74242,34.15401,0.6,2.101716243999931
143,2972.21,186.02777,27.82611,0.6,2.0866822410000623
144,2973.8877,243.21216,28.611069,0.6,2.0977660369999285
145,2969.4807,998.0346,20.799929,0.6,2.2886363490000576
146,2973.2761,193.08772,37.883495,0.6,2.2685218020000093
147,2971.947,206.05907,22.660196,0.6,2.1821159309999985
148,2972.2146,620.38666,20.263838,0.6,2.3003795540000738
149,2972.7983,213.82266,23.526691,0.6,2.3252022629999374
150,2972.676,989.27844,17.998816,0.6,2.2563857879999887
151,2969.531,257.01315,37.678295,0.6,2.313085041000022
152,2974.858,204.99869,34.831295,0.6,2.191173611999943
153,2977.4763,270.66693,20.11183,0.6,2.04054514500001
154,2968.2776,198.15457,17.888863,0.6,2.0557449460000043
155,2972.6228,205.46611,22.974201,0.6,2.0591068319999977
156,2973.7341,188.47368,27.043013,0.6,2.0788296550000496
157,2972.543,156.72623,25.937134,0.6,2.038542700999983
158,2972.6724,230.61392,26.695578,0.6,2.0561150999999427
159,2974.9465,216.3228,19.1883,0.6,2.0361004510000384
160,2971.3198,221.45755,29.261545,0.6,2.0892970180000248
161,2974.5457,253.72379,43.138985,0.6,2.0943012339999996
162,2975.6296,261.53244,15.264963,0.6,2.0930181680000715
163,2973.8862,209.29524,19.259443,0.6,2.126218476999952
164,2973.0193,220.90181,22.271881,0.6,2.139282802000025
165,2974.5244,960.24945,26.123688,0.6,2.116477895999992
166,2975.4358,289.86078,21.778666,0.6,2.106353002999981
167,2976.688,370.15118,21.809107,0.6,2.0938805740000817
168,2975.42,525.09784,26.06548,0.6,2.0703754520000075
169,2974.1394,237.85832,31.760687,0.6,2.0995420829999603
170,2977.1814,202.3114,15.135152,0.6,2.276649306999957
171,2974.4229,239.86143,22.227299,0.6,2.2799886029999925
172,2976.2651,191.68863,12.949816,0.6,2.2689070520000314
173,2972.0203,217.32034,25.791656,0.6,2.3408275900000035
174,2976.1575,259.57013,33.356106,0.6,2.2788231800000176
175,2973.7324,244.02847,21.295918,0.6,2.3377461620000304
176,2978.0344,931.4002,37.350136,0.6,2.314360965999981
177,2975.951,249.3535,21.073835,0.6,2.2752764829999705
178,2973.9702,214.94522,39.47163,0.6,2.289427154000009
179,2979.1726,224.64932,23.561941,0.6,2.2276716090000264
180,2977.416,248.90283,36.964043,0.6,2.3098217329999216
181,2974.8835,195.89769,20.636944,0.6,2.316685242999938
182,2982.4817,166.13112,20.504004,0.6,2.2293556549999494
183,2976.064,199.55602,14.151477,0.6,2.2335067449999997
184,2974.8765,1014.82355,29.352854,0.6,2.317063523999991
185,2977.3484,995.4936,22.142134,0.6,2.3033162440000297
186,2977.712,999.2711,31.753647,0.6,2.3427636669999856
187,2980.771,248.09138,35.766937,0.6,2.292199858999993
188,2978.0925,252.30411,37.594242,0.6,2.3222964000000275
189,2972.7864,250.22305,24.218649,0.6,2.354398151000055
190,2976.568,217.37056,19.814213,0.6,2.0441600990000097
191,2972.5222,241.17793,32.854237,0.6,2.0357542990000184
192,2974.1443,263.5844,32.138527,0.6,2.035411806999946
193,2975.6953,206.63994,22.158884,0.6,2.043887421000022
194,2973.0657,693.9217,26.744955,0.6,2.0476284320000104
195,2975.3186,283.07062,35.604366,0.6,2.0551792960000057
196,2973.3657,333.53806,13.54732,0.6,2.0809385210000073
197,2973.0906,332.93793,15.0007925,0.6,2.057665352000072
198,2976.1716,187.68436,21.19105,0.6,2.0452812400000084
199,2970.2556,193.16441,25.399973,0.6,2.068357149999997
200,2977.0745,378.1487,29.741064,0.6,2.127349314000071
201,2973.9407,217.30554,19.872,0.6,2.046805094999968
202,2983.4568,252.60701,28.62794,0.6,2.0500259020000158
203,2973.4812,185.24603,14.52436,0.6,2.1679492179999897
204,2973.5317,1002.4002,21.671696,0.6,2.047683796000001
205,2974.9421,396.60733,44.120758,0.6,2.0387585019999506
206,2972.3328,191.27406,22.532578,0.6,2.059258371999931
207,2974.6704,209.34752,28.162476,0.6,2.1079228359999433
208,2973.9548,155.47835,25.093573,0.6,2.042427861999954
209,2972.9324,194.54033,23.663029,0.6,2.062484583000014
210,2972.73,287.68204,34.744167,0.6,2.1249682420000227
211,2975.5603,877.0994,32.48818,0.6,2.11233490799998
212,2971.5564,243.44249,27.624853,0.6,2.087388938999993
213,2972.0364,315.59604,36.87947,0.6,2.1455231889999595
214,2973.2625,197.26236,30.663511,0.6,2.1196505079999497
215,2976.5066,236.99995,9.320571,0.6,2.101498367999966
216,2977.4148,270.66034,25.1781,0.6,2.0884513900000456
217,2971.7275,243.00117,23.674814,0.6,2.186078428999963
218,2979.6238,969.423,34.147926,0.6,2.150201471999935
219,2974.0046,270.5242,14.424456,0.6,2.099098326999865
220,2973.3857,251.59451,23.179884,0.6,2.1801229600000624
221,2975.5598,237.82445,17.054401,0.6,2.3162671290001526
222,2975.852,253.73721,34.30415,0.6,2.251584861999845
223,2974.5847,219.46191,37.08845,0.6,2.3257167419999405
224,2972.266,268.52866,28.42215,0.6,2.270371166000132
225,2972.097,202.84898,27.372269,0.6,2.071273216999998
226,2973.254,883.17804,14.976346,0.6,2.0720372789999146
227,2973.995,998.99817,25.343246,0.6,2.1322135460000027
228,2973.44,260.4065,29.905048,0.6,2.078107940999871
229,2975.8835,261.29773,24.334478,0.6,2.071964886999922
230,2973.2537,231.80858,20.16944,0.6,2.076201028000014
231,2973.0781,196.12413,19.448553,0.6,2.0926031859999057
232,2974.3796,205.57104,35.372402,0.6,2.0859872089999953
233,2978.701,232.57918,17.56971,0.6,2.1183739880000303
234,2974.2375,240.80762,30.360632,0.6,2.11232902200004
235,2974.097,247.80122,28.98435,0.6,2.090857480000068
236,2976.9163,210.71622,26.339203,0.6,2.099384509999936
237,2976.46,258.72488,24.412169,0.6,2.1009797439999147
238,2976.4934,247.6628,13.453101,0.6,2.1000728950000394
239,2974.1665,258.7739,27.859364,0.6,2.09516570400001
240,2975.1443,377.47314,33.106445,0.6,2.099959490999936
241,2978.9854,197.46922,13.059163,0.6,2.175327695000078
242,2977.0212,987.4886,29.418043,0.6,2.101213596999969
243,2969.0552,211.22813,26.030554,0.6,2.125027411000019
244,2974.6677,232.50792,26.26987,0.6,2.207105644000194
245,2976.5486,197.86511,24.534552,0.6,2.116490019000139
246,2976.3958,198.88037,33.648113,0.6,2.124879422000049
247,2974.746,237.94853,30.44798,0.6,2.1116521450001073
248,2975.1355,800.5284,16.187897,0.6,2.236433702999875
249,2976.624,231.33272,25.360758,0.6,2.1425618450000457
250,2973.9993,202.3568,18.895357,0.6,2.297025543000018
251,2976.4717,214.86736,21.054926,0.6,2.162998147000053
252,2976.118,222.99487,34.390278,0.6,2.219237015999852
253,2973.4175,217.9666,22.870338,0.6,2.2348000780000348
254,2976.309,231.4952,24.43471,0.6,2.3101790809998874
255,2974.0547,214.12791,19.24082,0.6,2.19316879400003
256,2977.6174,211.06253,29.05254,0.6,2.2708740759999273
257,2975.4705,193.17207,22.371496,0.6,2.1657619989998693
258,2973.395,155.73581,37.833202,0.6,2.323043867000024
259,2972.0493,540.80743,21.84302,0.6,2.3432363730000816
260,2978.8533,333.1895,25.284609,0.6,2.2900833070000317
261,2974.1387,645.73773,36.222927,0.6,2.3011340259999997
262,2973.246,197.37944,37.396744,0.6,2.309466573999998
263,2972.2546,1009.4194,14.654605,0.6,2.3134788639999897
264,2975.641,211.34166,28.694876,0.6,2.332100459000003
265,2974.1646,250.06168,29.542255,0.6,2.0580782160000126
266,2975.6443,197.22046,28.050049,0.6,2.085566457999903
267,2972.2463,995.6456,28.241629,0.6,2.0862105999999585
268,2975.8699,160.53033,26.297688,0.6,2.1137422159999915
269,2972.7563,221.2627,15.236804,0.6,2.0920154630000525
270,2976.668,197.82007,25.47981,0.6,2.0979566209998666
271,2975.3132,149.5159,35.873028,0.6,2.178348994000089
272,2973.236,199.39978,8.157836,0.6,2.0771503589999156
273,2969.9204,203.31224,27.521809,0.6,2.087908144000039
274,2973.6902,202.06651,14.996711,0.6,2.1204425640000863
275,2971.9148,248.07536,26.763245,0.6,2.1544104399999924
276,2971.9475,322.8692,19.220434,0.6,2.0975385760000336
277,2971.7903,197.00896,17.794401,0.6,2.1139745300001778
278,2975.261,212.62971,7.077382,0.6,2.1226305509999293
279,2978.2856,243.40665,29.074446,0.6,2.0840002390000336
280,2975.4294,219.31004,22.283285,0.6,2.151353907999919
281,2972.3904,211.2456,7.99526,0.6,2.1500126060000184
282,2976.0955,303.15958,20.631445,0.6,2.0923587539998607
283,2975.9258,210.42793,33.22231,0.6,2.124147487000073
284,3024.2065,315.40924,20.246155,0.6,2.0861117150000155
285,2975.852,298.997,32.213135,0.6,2.101936252000087
286,2974.189,299.35553,15.50622,0.6,2.2330585030001657
287,2972.476,180.03772,19.999674,0.6,2.2296702779999578
288,2977.0073,210.32832,27.613047,0.6,2.2334397409999838
289,2972.3855,238.0107,16.961216,0.6,2.101490641000055
290,2972.295,279.21387,23.038671,0.6,2.095311681999874
291,2972.2744,222.47136,25.630726,0.6,2.085761113999979
292,2973.4165,276.52026,24.99201,0.6,2.0844636290000835
293,2972.086,258.95465,21.4898,0.6,2.100227026999846
294,2978.2605,358.56503,21.342695,0.6,2.090296612999964
295,2972.9395,229.22217,23.596119,0.6,2.28598100399995
296,2972.5166,220.29248,31.820953,0.6,2.083664740000131
297,2974.3892,255.46944,14.543973,0.6,2.0727056959999572
298,561.6354,447.4111,167.67836,0.7,2.086485107000044
299,556.04736,439.27707,158.94836,0.7,2.1531882970000424
300,558.96204,380.82874,161.59517,0.7,2.1486181279999528
301,592.4816,394.26718,259.7743,0.7,2.1318079479999597
302,593.1913,370.9105,256.75244,0.7,2.2026744980000785
303,584.25433,391.2667,257.2208,0.7,2.149991409999984
304,591.888,379.74374,258.04767,0.7,2.135582106999891
305,597.98737,386.53036,73.14158,0.7,2.0645134220001182
306,1080.8625,366.8914,112.428856,0.7,2.082677684999908
307,1150.035,356.6168,127.47079,0.7,2.150411802000008
308,1232.207,557.8789,118.68713,0.7,2.0892975780000143
309,1239.6993,367.38007,113.13631,0.7,2.1181737350000276
310,1485.4226,394.30673,124.13554,0.7,2.1188023839999914
311,1544.2092,380.46896,117.284134,0.7,2.2004576939998515
312,1369.8761,583.89325,110.90298,0.7,2.250880574999883
313,1418.4551,227.95422,112.22274,0.7,2.1053947940001763
314,1487.7908,343.165,120.87595,0.7,2.1043404889999238
315,1420.4609,245.75203,115.85276,0.7,2.140158435000103
316,1368.2394,238.95743,108.67004,0.7,2.127844790000154
317,1351.0913,362.67258,120.51902,0.7,2.138790831000051
318,1468.5823,356.72958,117.47151,0.7,2.0974121899998863
319,1458.0067,265.4918,122.341324,0.7,2.179029249999985
320,1557.3418,247.2437,109.927895,0.7,2.0981111009998585
321,1604.8351,204.09294,115.344604,0.7,2.087071766000008
322,1420.233,515.46906,119.14895,0.7,2.1216140809999615
323,1531.285,656.5164,108.43438,0.7,2.2387087009999505
324,1658.1682,750.9457,121.76043,0.7,2.147817147000069
325,1933.6047,238.8339,105.83205,0.7,2.1196302460000425
326,1659.7441,268.71393,117.63012,0.7,2.1375968609997926
327,1533.584,234.3501,111.60581,0.7,2.1073463479999646
328,1665.2985,373.60785,124.060524,0.7,2.1310068220000176
329,1611.6317,659.57764,110.17755,0.7,2.1841262709999683
330,1421.9984,225.99622,116.10608,0.7,2.084328246000041
331,1401.9534,938.3768,119.53399,0.7,2.10585894299993
332,1623.7577,1004.2168,113.780334,0.7,2.134209714000008
333,1572.3274,1004.6879,113.49276,0.7,2.1842244689999006
334,1577.2883,234.07927,113.85534,0.7,2.0974491439999383
335,1401.7803,507.04034,121.035545,0.7,2.1045790769999257
336,1636.2372,319.0348,118.486595,0.7,2.186904302999892
337,1449.1262,468.16415,112.62451,0.7,2.0858773769998606
338,1756.0566,190.55276,118.33437,0.7,2.1631503680000606
339,1593.8661,305.32343,120.17251,0.7,2.095609887000137
340,1430.9432,998.45917,106.94458,0.7,2.3030523959998845
341,1869.636,274.4601,117.41758,0.7,2.334237067999993
342,1828.7816,234.29112,116.55987,0.7,2.257671414000015
343,1531.514,244.30986,119.19015,0.7,2.3103338480000275
344,1651.5209,271.9443,107.25252,0.7,2.2583445759998995
345,1455.6965,359.62625,123.17417,0.7,2.300110590000031
346,1517.0181,249.12361,113.375565,0.7,2.3258460919998925
347,1994.7426,172.06749,109.81807,0.7,2.310863032000043
348,1542.8365,210.78569,124.74221,0.7,2.2784715329999017
349,1379.9298,189.98267,126.66414,0.7,2.293737767999801
350,1642.0195,362.26266,111.53621,0.7,2.0687065279998933
351,1460.2598,710.1484,124.50757,0.7,2.1368969650000054
352,1927.4808,255.84032,112.76929,0.7,2.0861509569999725
353,1376.3373,214.58511,120.33343,0.7,2.0973535129999163
354,1610.068,204.34781,108.12023,0.7,2.0934524310000597
355,1560.5122,851.4089,120.46848,0.7,2.1123115180000696
356,1391.6227,339.0065,122.65493,0.7,2.1189699869999004
357,1532.217,239.40816,118.46841,0.7,2.417403598999954
358,1745.5754,192.56264,127.79109,0.7,2.1583951640000123
359,1942.6469,225.8197,115.06256,0.7,2.263805121000132
360,1566.8855,245.01834,129.66313,0.7,2.0472271390001424
361,1392.8369,515.4589,115.4401,0.7,2.07008077699993
362,1635.1454,223.6635,86.57591,0.7,2.0596396779999395
363,1542.8695,278.1639,115.99453,0.7,2.0719958219999626
364,1867.6576,207.57845,110.90244,0.7,2.0968624810000165
365,1611.1775,262.4239,104.66575,0.7,2.087793577999946
366,1959.5739,623.4051,76.75185,0.7,2.1978818999998566
367,1700.1083,255.67891,107.28716,0.7,2.1072362200000043
368,1373.4254,275.9437,106.868095,0.7,2.1083505639999203
369,1638.1229,210.50957,69.52791,0.7,2.1149544669999614
370,1492.2018,252.10973,114.20403,0.7,2.094860748999963
371,2016.0742,225.6783,70.65496,0.7,2.1776802899998984
372,1688.3053,203.24448,91.158165,0.7,2.198053066000057
373,1607.308,200.30241,119.12539,0.7,2.221443974000067
374,1620.4583,272.5284,101.714775,0.7,2.097230394999997
375,1647.2548,248.81169,113.45625,0.7,2.0893761820000236
376,1532.4437,340.34793,113.59509,0.7,2.1715659099997993
377,1894.8824,294.27383,60.124233,0.7,2.062578465000115
378,1585.3905,244.03625,79.53173,0.7,2.072645118000082
379,1588.6411,243.92325,114.49554,0.7,2.0588873530000456
380,1488.3203,245.24915,114.90354,0.7,2.229942617000006
381,1993.0052,387.82346,100.551,0.7,2.2681598359999953
382,2069.2256,237.68513,106.44399,0.7,2.176726092999843
383,1889.5282,225.18204,55.76907,0.7,2.180634998999949
384,1601.3807,225.3854,75.63668,0.7,2.1679329119999693
385,1688.4315,238.73457,99.42613,0.7,2.105714777000003
386,1967.3326,284.88992,98.61051,0.7,2.2479430049997973
387,1843.6683,231.32735,99.399124,0.7,2.155458053000075
388,1963.914,225.28658,111.45624,0.7,2.319044235000092
389,1749.4227,200.71404,41.22403,0.7,2.2652553540001463
390,1710.4381,205.35664,81.95825,0.7,2.3065457939999305
391,1518.2799,230.0391,56.778076,0.7,2.301253355000199
392,1766.3516,211.68997,60.58506,0.7,2.298454978000109
393,2304.6611,207.18245,79.18148,0.7,2.3112044790000255
394,1711.9615,205.3485,103.01125,0.7,2.306652346999954
395,1826.6155,197.7727,87.68905,0.7,2.2775160220001
396,1993.289,244.18806,88.650894,0.7,2.3023480460001338
397,2098.968,285.311,104.21716,0.7,2.1825127500001145
398,2214.1414,936.04553,95.569664,0.7,2.2433323939999354
399,1948.9495,229.68465,98.61325,0.7,2.316089441000031
400,2139.7942,266.52783,66.286964,0.7,2.28490054100007
401,2327.8586,185.92432,91.21652,0.7,2.2983785629999147
402,1716.7168,233.0786,79.89569,0.7,2.311649340999793
403,1943.8842,277.2189,103.93384,0.7,2.2562968080001156
404,1855.8505,199.12437,97.736855,0.7,2.2827354579999337
405,1994.9772,222.69933,104.62866,0.7,2.3075821590000487
406,2163.2695,238.61324,88.7041,0.7,2.280352573000073
407,2048.7224,236.48917,85.116394,0.7,2.294239834000109
408,2649.8865,274.88498,74.43408,0.7,2.252885999
409,2649.9243,272.00034,78.90063,0.7,2.3049162749998686
410,2151.9224,298.14908,78.887886,0.7,2.2605207789999895
411,2643.6794,279.4104,88.4188,0.7,2.2153354370000216
412,2651.45,867.54364,88.94553,0.7,2.1401301830001103
413,2639.448,201.25189,64.48089,0.7,2.3262172089998785
414,2654.4521,207.74312,79.94867,0.7,2.2138072099999135
415,2646.4138,223.41655,112.14815,0.7,2.2930299059999015
416,2660.0151,323.76828,110.23708,0.7,2.2589706689998366
417,2657.442,245.50806,80.93221,0.7,2.2988376150001386
418,2654.239,221.74242,79.92663,0.7,2.277939857999854
419,2662.6782,256.967,90.06939,0.7,2.2965240910000375
420,2655.7434,228.90929,94.36513,0.7,2.0274003829999856
421,2654.2961,237.88042,63.868988,0.7,2.1155713930002094
422,2659.979,353.3911,91.99538,0.7,2.07810697900004
423,2660.5486,260.4565,85.54895,0.7,2.127325249000023
424,2656.2722,222.88115,115.17793,0.7,2.2615170080000553
425,2659.206,277.5392,70.61212,0.7,2.0907916430001023
426,2655.2476,237.26363,78.02548,0.7,2.2840745690000404
427,2656.66,262.44415,96.36663,0.7,2.3164252650001345
428,2657.5798,269.70642,94.528046,0.7,2.3110191600001144
429,2662.2078,291.96402,87.33,0.7,2.338423294999984
430,2661.6274,240.98172,90.340385,0.7,2.169683715000019
431,2655.0923,218.74365,79.51415,0.7,2.2094621639998877
432,2657.983,341.9083,84.89801,0.7,2.256656239999984
433,2660.5881,246.82837,96.84621,0.7,2.2313041729998986
434,2654.4253,239.6339,75.16961,0.7,2.225640683999927
435,2656.558,206.46939,97.10596,0.7,2.209753745000171
436,2657.163,236.89098,95.746254,0.7,2.1553347999999914
437,2656.534,438.07013,82.83272,0.7,2.1632217579999633
438,2656.6707,255.28043,81.223465,0.7,2.131085197999937
439,2656.446,222.49702,79.53469,0.7,2.1407003150000037
440,2657.2078,269.84268,73.67038,0.7,2.081969620999871
441,2675.838,223.78572,88.36669,0.7,2.0861380879998705
442,2661.735,248.4036,81.4919,0.7,2.1093169520001993
443,2677.7017,218.82173,94.490974,0.7,2.081480658000146
444,2675.9207,217.55675,83.01891,0.7,2.088997876999656
445,2673.5327,212.01695,99.82241,0.7,2.0847688049998396
446,2680.28,209.46939,98.63576,0.7,2.14863492700033
447,2674.9585,237.93211,70.16495,0.7,2.1654574489998595
448,2673.6873,231.38916,62.275085,0.7,2.2115553240000736
449,2675.1912,227.53398,82.28005,0.7,2.1162765359999867
450,2675.0078,249.11192,94.90432,0.7,2.084763316000135
451,2668.9285,207.28975,116.59387,0.7,2.099416096999903
452,2671.8828,242.49986,77.28833,0.7,2.0938945240000066
453,2683.037,245.53416,95.684006,0.7,2.3447897800001556
454,2678.607,220.16699,91.95143,0.7,2.3103257009997833
455,2683.7654,267.1354,80.280876,0.7,2.144194596000034
456,2681.4783,214.16702,98.52477,0.7,2.245433845000207
457,2677.7522,238.75052,58.28948,0.7,2.0847809659999257
458,2679.319,271.66846,66.23813,0.7,2.1093204190001416
459,2681.4148,240.24503,78.397156,0.7,2.0945282640000187
460,2682.5906,207.74068,71.9587,0.7,2.083069243999944
461,2682.563,254.72115,79.44158,0.7,2.1370899339999596
462,2679.9321,271.33453,79.620255,0.7,2.258092148999822
463,2681.024,216.30855,90.27468,0.7,2.0965184960000443
464,2684.1199,221.27283,91.21139,0.7,2.0761310840002807
465,2683.6782,449.6495,80.06475,0.7,2.0850113760002387
466,2683.9548,321.85803,87.126884,0.7,2.224118476000058
467,2684.285,250.22827,83.952324,0.7,2.162165750999975
468,2682.2852,217.0782,86.45092,0.7,2.084542244000204
469,2685.5068,231.82803,76.99302,0.7,2.135175142999742
470,2686.0696,635.8113,63.502155,0.7,2.2644563070002732
471,2681.9048,300.95407,97.91431,0.7,2.123685911999928
472,2678.121,300.3795,60.782867,0.7,2.134131129999787
473,2682.5398,229.31094,88.20211,0.7,2.1927634799999396
474,2681.8074,218.00389,98.56674,0.7,2.151201398000012
475,2684.2605,214.55302,84.66373,0.7,2.18539732499994
476,2680.8684,239.80403,85.41578,0.7,2.124543009000263
477,2683.4158,241.83928,93.03965,0.7,2.1423171520000324
478,2682.6873,257.66406,69.92232,0.7,2.2856901109998944
479,2681.9604,253.01436,83.13403,0.7,2.2421800840002106
480,2682.2766,285.8977,106.62406,0.7,2.1656871360000878
481,2682.9746,219.47102,83.2105,0.7,2.3032691299999897
482,2681.5579,225.80489,100.2431,0.7,2.302280527000221
483,2680.2073,807.59314,102.34988,0.7,2.2824631610001234
484,2683.2039,489.19797,106.19149,0.7,2.2024507670003004
485,2682.007,195.37471,103.45471,0.7,2.1561570170001687
486,2683.2605,508.15118,106.23159,0.7,2.288411470000028
487,2688.412,270.03104,103.83689,0.7,2.1776777310001307
488,2682.2974,288.0383,69.1084,0.7,2.269693076999829
489,2682.1091,258.58105,111.598145,0.7,2.2671927390001656
490,2681.552,268.84103,101.44756,0.7,2.0813928540001143
491,2684.4834,236.02153,69.769585,0.7,2.0934762469996713
492,2686.263,225.1324,99.962975,0.7,2.0712510069997734
493,2680.08,268.30338,98.57657,0.7,2.112685486999908
494,2681.7998,252.01846,92.397316,0.7,2.267633845999626
495,2685.2957,253.2233,86.164215,0.7,2.1159905229997094
496,2683.0232,237.86755,78.69242,0.7,2.260514599000089
497,2678.267,206.50322,79.44103,0.7,2.098024962999716
498,2684.0725,203.93355,75.08296,0.7,2.199629320999975
499,2683.786,955.4116,105.880066,0.7,2.1324938500001736
500,2683.8896,203.82205,76.97308,0.7,2.1159885940001004
501,2679.6199,231.45474,85.62574,0.7,2.337507445999563
502,2681.647,221.21394,86.08377,0.7,2.327414213999873
503,2684.4456,248.37564,93.10521,0.7,2.353951810000126
504,2681.2258,246.50816,89.14269,0.7,2.092164440000033
505,2684.2737,215.74803,77.75296,0.7,2.066979713999899
506,2685.9023,226.3543,83.74434,0.7,2.1006634569998823
507,2685.8845,264.87045,79.95879,0.7,2.11085203499988
508,2682.731,208.97618,75.59658,0.7,2.0821277140003076
509,2685.1855,267.01483,112.62359,0.7,2.1475004149997403
510,2681.3777,988.7049,68.601906,0.7,2.084306464999827
511,2687.4155,205.91116,79.49327,0.7,2.0899232639999354
512,2685.5527,238.37376,106.89324,0.7,2.077410783000232
513,2683.4856,217.04312,89.98915,0.7,2.1145152680001047
514,2683.7998,233.16783,86.05692,0.7,2.0664204350000546
515,2684.5737,218.00948,81.033134,0.7,2.1123674390000815
516,2687.9355,244.43895,96.27261,0.7,2.085828579000008
517,2680.571,210.25903,116.35038,0.7,2.2206834309999977
518,2683.7556,194.2752,77.26363,0.7,2.2838710049995825
519,2679.572,280.45047,75.85877,0.7,2.0817736730000433
520,2683.8484,231.69194,98.53121,0.7,2.062284137000006
521,2685.9602,216.0712,100.39028,0.7,2.0505065759998615
522,2684.366,257.13644,81.1989,0.7,2.061372825000035
523,2684.4507,275.9182,94.40099,0.7,2.049234254000112
524,2682.4492,252.63985,103.415,0.7,2.0513492789996235
525,2687.7349,224.09431,101.73927,0.7,2.056592070000079
526,2682.6467,278.7765,83.68221,0.7,2.0488060509997013
527,2683.4102,207.63184,102.97019,0.7,2.2164612950000446
528,2686.2058,253.16568,99.40281,0.7,2.045983370999693
529,2684.147,212.44864,115.03362,0.7,2.0609825530000307
530,2680.7605,236.66727,66.316216,0.7,2.064382275999833
531,2685.7056,197.12354,94.56728,0.7,2.0503616600003625
532,2684.9958,228.10738,105.999535,0.7,2.0465854829999444
533,2687.6462,210.8363,81.65049,0.7,2.0455696029998762
534,2684.2642,225.44678,82.43982,0.7,2.2067771720003293
535,2680.798,273.79587,82.11262,0.7,2.0436322320001636
536,2684.1248,362.35938,75.5342,0.7,2.0561014190002425
537,2683.321,253.38756,80.65238,0.7,2.050230771000315
538,2682.5623,282.4605,88.774796,0.7,2.0351061319997825
539,2686.0215,198.93472,95.426575,0.7,2.061274517000129
540,2683.8572,253.66716,105.6874,0.7,2.067016461000094
541,2683.1912,349.19797,91.22965,0.7,2.2940897039998163
542,2682.6997,215.4952,62.589794,0.7,2.0491491799998585
543,2682.8047,293.7885,78.54009,0.7,2.128423059000397
544,2686.0369,277.2874,81.50439,0.7,2.105567057999906
545,2688.3862,234.07999,70.38622,0.7,2.134602877999896
546,2683.3828,227.61401,111.12759,0.7,2.1957207679997737
547,2684.9321,226.37459,101.54206,0.7,2.0807945980000113
548,2684.7786,998.9375,71.26459,0.7,2.0462497819999044
549,2683.7776,998.6592,126.71865,0.7,2.0476280230000157
550,2682.4888,998.3906,105.92926,0.7,2.047730191000028
551,2683.5586,992.9131,80.807236,0.7,2.082994304999829
552,2683.613,211.92525,48.31683,0.7,2.053118574000109
553,2684.026,226.14883,86.94808,0.7,2.0809859199998755
554,2684.6062,787.1023,96.55162,0.7,2.1793492000001606
555,2681.924,231.60559,104.416504,0.7,2.284475677000046
556,2687.8364,290.80795,78.00364,0.7,2.188679521999802
557,2684.5227,267.66037,88.97047,0.7,2.1105903749999015
558,2689.9263,260.7795,94.3135,0.7,2.149555572999816
559,2686.8496,211.92798,83.861145,0.7,2.1452147699997113
560,2683.4075,370.3475,45.593727,0.7,2.1521190260000367
561,2684.6677,248.66284,81.24766,0.7,2.1161666620000688
562,2686.5046,243.73306,83.575554,0.7,2.1460982600001444
563,2681.0977,219.25479,99.04488,0.7,2.159418061999986
564,2685.7124,245.08604,67.20919,0.7,2.330090342999938
565,2684.9304,534.2421,82.18924,0.7,2.101509221000015
566,2687.0437,285.83853,83.66097,0.7,2.099838860000091
567,2686.8318,291.6146,77.71903,0.7,2.091964712999925
568,2686.205,250.59146,92.11546,0.7,2.116652103999968
569,2686.6301,227.14185,91.49396,0.7,2.14210459800006
570,2684.4314,240.09805,115.328995,0.7,2.2535488110002007
571,2682.7537,338.83002,67.25997,0.7,2.09367156099961
572,2686.0337,215.15349,71.27407,0.7,2.1187950620001175
573,2686.9211,216.99866,94.88778,0.7,2.1419901159997607
574,2684.3145,223.97754,99.24111,0.7,2.1345822279999993
575,2686.8503,258.85666,77.27657,0.7,2.1489434909999545
576,2682.7556,210.90408,75.570625,0.7,2.1182888150001418
577,2683.7012,242.16895,86.73465,0.7,2.216760646000239
578,2686.114,232.03069,64.38415,0.7,2.0959946019997915
579,2683.3367,658.1203,86.319885,0.7,2.1260476079996806
580,2682.5825,278.40396,79.18444,0.7,2.0488217349998195
581,2694.7107,530.4366,95.33284,0.7,2.1526708139999755
582,2685.1338,219.95055,68.54186,0.7,2.143981763999818
583,2686.8496,210.33067,100.00916,0.7,2.1530519959997036
584,2686.102,321.45667,74.957245,0.7,2.135345844999847
585,2683.9343,218.46536,94.54923,0.7,2.1039057140001205
586,2685.048,275.03256,104.52007,0.7,2.10348061600007
587,2687.2188,294.97675,91.434715,0.7,2.097549407000315
588,2685.36,239.56358,81.534966,0.7,2.158817011999872
589,2696.835,936.5832,61.488056,0.7,2.063376161999713
590,2695.6577,264.707,85.42458,0.7,2.036987810000028
591,2694.6255,278.4857,97.4465,0.7,2.0506172150003295
592,2688.861,353.6567,82.18834,0.7,2.0445748070001173
593,2696.4897,362.97318,82.06542,0.7,2.049207559000024
594,2700.1345,341.21634,90.09845,0.7,2.117514329000187
595,2695.6438,338.4522,79.16315,0.7,2.1439738940002826
596,2693.2922,256.6373,88.98784,0.7,2.1781992460000765
597,592.9636,243.88109,89.67411,0.7999999999999999,2.0827333409997664
598,796.6899,193.85498,104.02032,0.7999999999999999,2.103062146999946
599,973.04913,240.57974,84.88385,0.7999999999999999,2.1317647560003934
600,802.14056,988.7041,85.34524,0.7999999999999999,2.1059229759998743
601,1043.316,238.26607,92.110115,0.7999999999999999,2.160788390000107
602,478.00217,238.21031,116.06062,0.7999999999999999,2.0898807680000573
603,544.46497,247.39966,79.532646,0.7999999999999999,2.2607321599998613
604,520.50256,268.5864,8.533589,0.7999999999999999,2.1150205049998476
605,845.65625,916.5063,916.5063,0.7999999999999999,2.2250995989998046
606,602.034,865.8503,865.8503,0.7999999999999999,2.2051503960001355
607,873.5959,989.29706,145.4825,0.7999999999999999,2.1235573239996484
608,991.29395,987.42303,111.091484,0.7999999999999999,2.1206522550000955
609,893.7477,988.2153,988.2153,0.7999999999999999,2.281341861999863
610,1117.4967,997.2926,726.31683,0.7999999999999999,2.281524265000371
611,1140.0018,992.3182,751.51715,0.7999999999999999,2.3069456370003536
612,1114.861,989.13666,730.22064,0.7999999999999999,2.2811103859999093
613,1281.996,1006.2502,68.5321,0.7999999999999999,2.2976328330000797
614,1111.4706,1012.90717,787.9413,0.7999999999999999,2.297316398000021
615,1139.7616,1005.1006,732.1584,0.7999999999999999,2.2271163440000237
616,1138.733,999.695,765.7599,0.7999999999999999,2.354269248000037
617,1135.1239,998.35675,779.46423,0.7999999999999999,2.320652563999829
618,1136.5847,997.96136,766.77686,0.7999999999999999,2.06649743700018
619,1130.6198,998.603,728.4556,0.7999999999999999,2.169185795999965
620,1141.223,1000.95215,753.79803,0.7999999999999999,2.098880542000188
621,1136.872,999.0029,759.3662,0.7999999999999999,2.1317610240002978
622,1136.8981,999.86993,743.39496,0.7999999999999999,2.048248491999857
623,1136.5858,998.9036,758.2385,0.7999999999999999,2.0494125019999956
624,1136.1171,1001.7604,791.4799,0.7999999999999999,2.0390760380000756
625,1010.99854,1000.08026,998.27655,0.7999999999999999,2.0534443550000105
626,1011.2316,1001.1912,994.7719,0.7999999999999999,2.055455805999827
627,1011.25684,1000.1074,996.4394,0.7999999999999999,2.041873148999912
628,1011.0796,998.82,996.7858,0.7999999999999999,2.050070608000169
629,1011.2832,999.5039,997.4875,0.7999999999999999,2.2178646699999263
630,1011.3461,1003.58264,998.4292,0.7999999999999999,2.1891401409998252
631,1011.2319,1000.67413,999.32245,0.7999999999999999,2.11595463499998
632,1020.39764,998.72406,64.27201,0.7999999999999999,2.2458944150002935
633,1019.3957,999.06537,60.52312,0.7999999999999999,2.215677924999909
634,1019.31946,998.95715,66.996666,0.7999999999999999,2.0898059259998263
635,1019.5192,999.6818,75.798874,0.7999999999999999,2.097531622999668
636,1020.4559,1001.11945,57.6383,0.7999999999999999,2.0716715140001725
637,1021.0588,999.5998,64.83083,0.7999999999999999,2.17830654699992
638,1027.8717,1000.56573,826.3229,0.7999999999999999,2.1854093470001317
639,1021.401,998.55194,55.549194,0.7999999999999999,2.10024713599978
640,1023.986,998.66907,64.44664,0.7999999999999999,2.316728199999943
641,1020.3045,1000.0625,75.51604,0.7999999999999999,2.332316412000182
642,1022.25977,1001.2233,57.359383,0.7999999999999999,2.30632771899991
643,1021.31604,998.80237,74.204155,0.7999999999999999,2.33915910099995
644,1020.6041,999.977,83.69358,0.7999999999999999,2.2026935760000015
645,1020.58496,996.81604,91.6261,0.7999999999999999,2.23107113199967
646,1028.2457,995.0693,91.655655,0.7999999999999999,2.3215766620000977
647,1034.4476,920.1128,86.01631,0.7999999999999999,2.314114279000023
648,1019.93506,892.92413,97.825554,0.7999999999999999,2.3327426800001376
649,1019.9062,998.0141,67.110374,0.7999999999999999,2.0856695520001267
650,1020.6089,998.75323,67.476944,0.7999999999999999,2.0915426420001495
651,1020.6716,999.16425,67.07796,0.7999999999999999,2.068427294999765
652,1020.7221,998.61346,70.48223,0.7999999999999999,2.0914973280000595
653,1023.41583,998.97675,136.44121,0.7999999999999999,2.147635625000021
654,1020.6196,999.3721,60.73301,0.7999999999999999,2.0968412510001144
655,1022.0835,998.63477,135.44434,0.7999999999999999,2.139842010999928
656,1062.1982,1000.3349,95.81716,0.7999999999999999,2.121009115999641
657,1065.0015,998.576,98.5826,0.7999999999999999,2.089499332000287
658,1070.4608,998.7221,182.35754,0.7999999999999999,2.088789433000329
659,1062.3497,997.7641,110.37862,0.7999999999999999,2.077977357999771
660,1060.1262,999.7285,88.99924,0.7999999999999999,2.106222271000206
661,1061.0775,997.67755,123.67969,0.7999999999999999,2.0781764860003022
662,1030.9918,1002.0586,105.77425,0.7999999999999999,2.084798206999949
663,1041.2006,999.8621,134.73741,0.7999999999999999,2.0915377910000643
664,1031.2083,997.73145,146.44913,0.7999999999999999,2.1020632529998693
665,1034.7692,999.89105,999.89105,0.7999999999999999,2.111662299999807
666,1024.1721,1001.60565,198.36469,0.7999999999999999,2.1496162629996434
667,1032.945,999.2094,518.7675,0.7999999999999999,2.1063375909998285
668,1041.265,1001.7672,229.21178,0.7999999999999999,2.2044491980000203
669,1041.594,998.6707,220.98755,0.7999999999999999,2.125494073000027
670,1027.402,998.4918,103.38765,0.7999999999999999,2.172400399000253
671,1032.2965,998.8571,97.47088,0.7999999999999999,2.140215447999708
672,1036.7217,998.3715,219.3546,0.7999999999999999,2.157585445999757
673,1038.685,998.6381,148.60143,0.7999999999999999,2.241598445999898
674,1033.0326,998.6014,159.76093,0.7999999999999999,2.1935589810000238
675,1032.9518,1002.5596,142.66971,0.7999999999999999,2.148123551000026
676,1029.9716,998.2371,416.18594,0.7999999999999999,2.2421420539999417
677,1038.3225,999.5727,159.66164,0.7999999999999999,2.210363887999847
678,1037.7758,1000.5324,131.3903,0.7999999999999999,2.1578758890000245
679,1061.8541,1000.1379,123.727554,0.7999999999999999,2.120264938999753
680,1065.5004,999.1577,101.19982,0.7999999999999999,2.1622050089999902
681,1059.6595,998.6323,112.4641,0.7999999999999999,2.1658114299998488
682,1067.1995,999.3847,142.38159,0.7999999999999999,2.099577300999954
683,1115.7036,998.1596,817.00836,0.7999999999999999,2.2737232340000446
684,1063.9502,998.4106,138.97467,0.7999999999999999,2.089850139000191
685,1065.6763,999.25824,124.88189,0.7999999999999999,2.116968455999995
686,1064.6,997.89795,127.39596,0.7999999999999999,2.1084885169998415
687,1063.9778,997.6711,167.19884,0.7999999999999999,2.1363108860000466
688,1065.2416,999.68225,103.589615,0.7999999999999999,2.145740693999869
689,1064.8303,998.4009,128.08586,0.7999999999999999,2.149121640999965
690,1064.764,998.3146,162.59581,0.7999999999999999,2.2706458669999847
691,1067.1129,997.2417,146.92471,0.7999999999999999,2.2412884069999564
692,1064.5986,998.1503,122.45746,0.7999999999999999,2.0970304980000947
693,1064.245,998.6879,150.01631,0.7999999999999999,2.273477935000301
694,1073.5848,998.71576,155.29851,0.7999999999999999,2.186659007000344
695,1064.6777,998.73773,85.533745,0.7999999999999999,2.23503988199991
696,1066.2461,998.1266,154.82784,0.7999999999999999,2.146093899999869
697,1064.4503,996.38635,123.14451,0.7999999999999999,2.2156749169998875
698,1066.0703,996.70703,189.90909,0.7999999999999999,2.2059791500000756
699,1066.7246,998.56995,84.140274,0.7999999999999999,2.2745050829998945
700,1067.1982,998.49915,143.84184,0.7999999999999999,2.233334415000172
701,1065.3483,1017.90814,112.57843,0.7999999999999999,2.2354706190003526
702,1064.876,999.01965,96.48528,0.7999999999999999,2.2279858720003176
703,1065.4657,1002.4135,114.506615,0.7999999999999999,2.189357571000073
704,1067.0518,192.12785,120.36139,0.7999999999999999,2.0799746709999454
705,1065.6533,999.23175,113.25928,0.7999999999999999,2.108806781000112
706,1063.1709,999.2072,159.53152,0.7999999999999999,2.1621844710002733
707,1067.6862,997.97034,107.43853,0.7999999999999999,2.232065688000148
708,1064.2626,954.31165,100.34287,0.7999999999999999,2.1226492470000267
709,1066.3241,992.85675,58.400906,0.7999999999999999,2.136293614999886
710,1066.0364,991.7718,97.402885,0.7999999999999999,2.1512503130002187
711,1067.0077,998.7736,145.52727,0.7999999999999999,2.175301023999964
712,1065.7672,1000.184,128.09587,0.7999999999999999,2.1779563929999313
713,1065.4745,997.9826,109.38842,0.7999999999999999,2.116577263999716
714,1066.016,996.6416,78.25506,0.7999999999999999,2.1391467890002787
715,1064.5721,998.4389,98.62291,0.7999999999999999,2.205649803000142
716,1068.6937,924.9798,141.6009,0.7999999999999999,2.134502809999958
717,1070.7324,936.36847,156.83669,0.7999999999999999,2.326463160000003
718,1069.857,781.34326,127.9694,0.7999999999999999,2.312118760999965
719,1070.3582,1002.3257,128.38545,0.7999999999999999,2.319581752999966
720,1067.9004,993.93207,119.29789,0.7999999999999999,2.0981987960003607
721,1069.7504,953.12305,102.09107,0.7999999999999999,2.1012559739997414
722,1070.9387,997.576,103.6184,0.7999999999999999,2.0862179750001815
723,1068.2952,999.2846,95.4881,0.7999999999999999,2.080822037999951
724,1071.3185,986.34045,154.15733,0.7999999999999999,2.109088740000061
725,1071.7074,997.7088,174.45172,0.7999999999999999,2.10453104599992
726,1067.722,998.1984,112.57749,0.7999999999999999,2.1315461150002193
727,1068.2421,1004.4645,175.80637,0.7999999999999999,2.210635510999964
728,1072.2734,998.34686,120.757195,0.7999999999999999,2.3344188499995653
729,1068.8138,995.6795,184.21733,0.7999999999999999,2.3239840159999403
730,1073.1117,996.91077,106.407486,0.7999999999999999,2.097495862999949
731,1070.3788,915.8505,117.4745,0.7999999999999999,2.2875636680000753
732,1081.7561,996.5164,132.87573,0.7999999999999999,2.3290211690000433
733,1072.9915,997.60175,91.03063,0.7999999999999999,2.3176154989996576
734,1068.5516,999.90674,163.24512,0.7999999999999999,2.270785459000308
735,1073.058,994.80194,111.904274,0.7999999999999999,2.30645191099984
736,1072.8441,995.78674,128.88504,0.7999999999999999,2.244456051999805
737,1071.8588,967.5617,162.89551,0.7999999999999999,2.3024618909998935
738,1075.0667,946.64905,117.06658,0.7999999999999999,2.276106959000117
739,1080.6235,1002.6999,108.52331,0.7999999999999999,2.3168731800001297
740,1074.4799,999.71155,131.35904,0.7999999999999999,2.1072914060000585
741,1078.1371,251.5898,97.90217,0.7999999999999999,2.0389659379998193
742,1070.5671,993.56934,105.843765,0.7999999999999999,2.061844410000049
743,1076.3724,998.60547,105.30444,0.7999999999999999,2.0686712259998785
744,1085.4048,995.4443,124.40464,0.7999999999999999,2.0536754350000592
745,1074.7955,999.30975,142.47836,0.7999999999999999,2.038032938000015
746,1076.3104,995.24133,212.06041,0.7999999999999999,2.0757585179999296
747,1089.2972,999.00116,89.99705,0.7999999999999999,2.0825447299998814
748,1071.634,1001.354,123.5884,0.7999999999999999,2.047433030999855
749,1086.2871,998.1915,107.05874,0.7999999999999999,2.040491320000001
750,1067.591,974.3234,117.61089,0.7999999999999999,2.050176994999674
751,1083.3994,994.4438,119.85728,0.7999999999999999,2.0478487619998305
752,1082.6854,995.05756,162.61864,0.7999999999999999,2.0470080629997938
753,1083.1576,997.5553,130.97075,0.7999999999999999,2.047336127000108
754,1071.4004,983.5397,125.879715,0.7999999999999999,2.3128446309997344
755,1071.8348,1002.55615,111.83956,0.7999999999999999,2.0756035110002813
756,1074.9908,996.96906,154.02716,0.7999999999999999,2.1879414519999045
757,1087.9661,995.61566,102.24273,0.7999999999999999,2.0752286800002366
758,1094.6948,1002.1313,128.09195,0.7999999999999999,2.0937239529998806
759,1070.5547,1000.4365,138.97527,0.7999999999999999,2.090054013000099
760,1077.8685,997.29443,210.17473,0.7999999999999999,2.120131899000171
761,1070.7201,995.06116,106.30792,0.7999999999999999,2.2223543000000063
762,1073.334,1003.4379,99.25245,0.7999999999999999,2.0989553119998163
763,1078.3815,993.12274,118.659294,0.7999999999999999,2.093040414999905
764,1084.9849,994.6398,119.04352,0.7999999999999999,2.1208384299998215
765,1083.0321,998.9843,117.48118,0.7999999999999999,2.2520933639998475
766,1081.0259,1001.19073,156.00084,0.7999999999999999,2.075182119999681
767,1085.6993,1000.3364,89.51711,0.7999999999999999,2.093284441999913
768,1069.6768,995.2719,119.807396,0.7999999999999999,2.205148338000072
769,1079.2806,998.7845,150.9901,0.7999999999999999,2.202094221999687
770,1077.6512,284.56778,132.57913,0.7999999999999999,2.185891079999692
771,1077.2255,824.1545,135.35242,0.7999999999999999,2.071088862000124
772,1075.7367,999.8922,131.95255,0.7999999999999999,2.0481525759996657
773,1075.1514,997.93164,165.17305,0.7999999999999999,2.0331066160001683
774,1084.3365,1005.08594,95.42522,0.7999999999999999,2.0471064089997526
775,1072.6486,974.60254,99.56397,0.7999999999999999,2.0423913350000475
776,1081.541,976.49084,108.88484,0.7999999999999999,2.037632455000221
777,1078.5598,996.35077,145.30054,0.7999999999999999,2.0415867950000575
778,1075.4955,999.2002,126.95048,0.7999999999999999,2.239290484999856
779,1075.8964,997.09454,122.532005,0.7999999999999999,2.04783739100003
780,1075.35,994.75433,80.156166,0.7999999999999999,2.0477743649998956
781,1089.5026,1000.3511,180.73471,0.7999999999999999,2.0390007330001936
782,1102.1135,998.7674,134.9687,0.7999999999999999,2.064975420999872
783,1073.0067,997.63226,120.03876,0.7999999999999999,2.1506629890000113
784,1079.6201,998.07025,140.14664,0.7999999999999999,2.104092434999984
785,1098.0553,998.3289,92.31962,0.7999999999999999,2.2560230929998397
786,1083.222,987.97406,133.28737,0.7999999999999999,2.2250865809996867
787,1080.7314,999.8073,124.34287,0.7999999999999999,2.032110350000039
788,1088.9209,998.8422,85.70105,0.7999999999999999,2.063577274000181
789,1071.6123,801.7309,170.18864,0.7999999999999999,2.0531122910001613
790,1070.2347,1001.569,157.67924,0.7999999999999999,2.039536350000162
791,1079.502,981.48694,124.33003,0.7999999999999999,2.0561925219999466
792,1070.9554,877.63715,148.33537,0.7999999999999999,2.0587522299997545
793,1071.945,998.61426,99.87953,0.7999999999999999,2.187250433999907
794,1069.6537,999.06757,113.649864,0.7999999999999999,2.234032027000012
795,1085.6989,998.88965,123.43465,0.7999999999999999,2.1565907859999243
796,1081.6588,998.50653,153.43965,0.7999999999999999,2.126379548999921
797,1081.5049,992.0766,121.25927,0.7999999999999999,2.075774962000196
798,1083.6644,938.4093,170.44432,0.7999999999999999,2.3086957249997795
799,1099.3016,997.99005,118.06142,0.7999999999999999,2.3226439660002143
800,1078.0009,991.61487,105.55491,0.7999999999999999,2.303563936000046
801,1081.6483,999.17645,115.2792,0.7999999999999999,2.2816971530000956
802,1078.1324,998.4074,103.50176,0.7999999999999999,2.304073919000075
803,1080.0114,1002.6474,131.24857,0.7999999999999999,2.313111915999798
804,1074.9902,1000.2604,78.95458,0.7999999999999999,2.0642338339998787
805,1075.7372,1000.3305,97.960464,0.7999999999999999,2.1037937119999697
806,1083.3987,996.5804,126.59631,0.7999999999999999,2.0513459519997923
807,1087.83,993.517,125.775444,0.7999999999999999,2.0340346130001308
808,1070.8368,927.3711,166.76529,0.7999999999999999,2.040100106999944
809,1077.883,1013.75354,110.07046,0.7999999999999999,2.269398766999984
810,1096.7402,992.5333,91.409355,0.7999999999999999,2.2221800110000913
811,1093.226,998.5971,140.58574,0.7999999999999999,2.1425898779998533
812,1075.5514,1002.86426,147.49303,0.7999999999999999,2.304248209999969
813,1083.2604,895.2332,105.56164,0.7999999999999999,2.24600197799964
814,1074.6537,493.39746,132.1816,0.7999999999999999,2.291672567000205
815,1087.303,979.65,122.08982,0.7999999999999999,2.2318374510000467
816,1072.8989,998.07355,121.59222,0.7999999999999999,2.2266775200000666
817,1079.2119,1000.2885,144.13432,0.7999999999999999,2.23695533099999
818,1086.7354,998.0976,127.21236,0.7999999999999999,2.2130207840000367
819,1073.9275,996.7599,153.45213,0.7999999999999999,2.230774841999846
820,1070.8936,996.5336,145.10005,0.7999999999999999,2.323224246999871
821,1083.1809,997.7624,112.82609,0.7999999999999999,2.3178508639998654
822,1069.4941,998.7612,119.12443,0.7999999999999999,2.0544602959998883
823,1072.0859,997.0338,120.11306,0.7999999999999999,2.0467648809999446
824,1080.3672,997.3393,163.28008,0.7999999999999999,2.0642848159995992
825,1068.4059,997.0256,107.34966,0.7999999999999999,2.195722604000366
826,1086.6504,996.37225,102.071915,0.7999999999999999,2.1009707580001304
827,1074.6832,996.69885,119.69161,0.7999999999999999,2.123947501999737
828,1072.63,997.72577,156.28697,0.7999999999999999,2.103797635999854
829,1069.2308,906.0916,132.71648,0.7999999999999999,2.1000371420000192
830,1070.2393,998.533,81.48783,0.7999999999999999,2.1062682509996193
831,1098.5302,993.36444,71.91447,0.7999999999999999,2.0989607120000073
832,1079.6696,999.1842,125.43261,0.7999999999999999,2.1749949770000967
833,1070.7012,1017.6479,154.43887,0.7999999999999999,2.0810854300002575
834,1069.5248,998.477,125.66331,0.7999999999999999,2.092840161999902
835,1081.0299,1008.3343,155.97282,0.7999999999999999,2.096602793999864
836,1075.999,218.34239,80.025085,0.7999999999999999,2.0453658230003384
837,1078.5745,988.1162,184.1497,0.7999999999999999,2.0538994880002974
838,1071.8217,996.6373,109.10542,0.7999999999999999,2.039048382999681
839,1078.2382,997.9598,124.52136,0.7999999999999999,2.0409150520004005
840,1081.268,998.1337,112.28837,0.7999999999999999,2.1043774190002296
841,1070.1752,999.1147,151.23132,0.7999999999999999,2.0481991960000414
842,1071.9646,1033.0686,93.04003,0.7999999999999999,2.066298337999797
843,1083.8315,997.70135,155.19116,0.7999999999999999,2.1598533380001754
844,1082.8291,1005.18555,138.22911,0.7999999999999999,2.0576421979999395
845,1079.8464,998.20844,101.63704,0.7999999999999999,2.050011620999612
846,1076.4393,992.97284,88.92151,0.7999999999999999,2.202636974000143
847,1083.8989,998.3789,117.885376,0.7999999999999999,2.0925571839998156
848,1076.1669,995.35693,122.28784,0.7999999999999999,2.2782981390000714
849,1081.9928,992.5294,101.05094,0.7999999999999999,2.2619867989997147
850,1073.1136,997.6258,115.845436,0.7999999999999999,2.104852413000117
851,1082.3661,1000.0498,144.65222,0.7999999999999999,2.10314084599986
852,1071.1005,998.5499,108.04042,0.7999999999999999,2.075806661000115
853,1086.1674,994.7963,122.18606,0.7999999999999999,2.1658443649998844
854,1079.5448,994.1657,134.3106,0.7999999999999999,2.2767191390003063
855,1073.1929,997.67206,161.71045,0.7999999999999999,2.104688162000002
856,1075.8561,1004.7256,126.68192,0.7999999999999999,2.133603289000348
857,1082.3578,1004.5672,137.2823,0.7999999999999999,2.1342430639997474
858,1071.8848,935.8379,164.22394,0.7999999999999999,2.160857854999904
859,1070.8423,994.0887,131.91374,0.7999999999999999,2.08969031200013
860,1081.3513,996.54315,96.62766,0.7999999999999999,2.1999757389999104
861,1080.2577,997.8877,123.20862,0.7999999999999999,2.1373491429999376
862,1070.4183,997.28534,126.68754,0.7999999999999999,2.0755247570000392
863,1082.099,997.59064,116.03792,0.7999999999999999,2.298088034999637
864,1070.5818,1005.7592,129.17247,0.7999999999999999,2.1310749860003853
865,1075.97,998.33905,138.35722,0.7999999999999999,2.274714971999856
866,1076.4095,998.2837,114.316345,0.7999999999999999,2.2757170400000177
867,1073.8014,997.7801,106.981766,0.7999999999999999,2.3757956280001054
868,1076.4474,1000.08264,92.82597,0.7999999999999999,2.265915404000225
869,1067.9784,999.1385,143.60588,0.7999999999999999,2.0739963420001004
870,1091.1849,997.1088,82.03971,0.7999999999999999,2.0918686330001037
871,1086.9242,161.44951,112.33411,0.7999999999999999,2.0760036050000963
872,1081.0151,993.925,88.20615,0.7999999999999999,2.092778114000339
873,1092.1123,985.60547,112.640945,0.7999999999999999,2.0869197980000536
874,1091.171,998.68646,121.18224,0.7999999999999999,2.093303778000063
875,1070.7312,1000.58215,130.18631,0.7999999999999999,2.0885915119997662
876,1069.6693,997.47864,161.68286,0.7999999999999999,2.0835490989998107
877,1082.8369,994.8791,109.908646,0.7999999999999999,2.0829622159999417
878,1072.6772,1002.18225,137.78972,0.7999999999999999,2.0698338199999853
879,1073.7747,998.5975,123.3641,0.7999999999999999,2.089861595000002
880,1071.9794,999.0475,127.44258,0.7999999999999999,2.201298872999814
881,1074.9291,999.00226,107.05456,0.7999999999999999,2.0723790060001193
882,1076.9598,997.0595,147.81477,0.7999999999999999,2.0994641269999192
883,1081.8508,995.291,111.69142,0.7999999999999999,2.0960740989999067
884,1070.7379,991.22394,135.75671,0.7999999999999999,2.0485939879999933
885,1082.3821,998.07227,129.31218,0.7999999999999999,2.0453047940000033
886,1074.1195,998.89044,98.268166,0.7999999999999999,2.055267931999879
887,1075.0452,996.9404,109.12876,0.7999999999999999,2.3034043880002173
888,1068.371,994.30774,107.20522,0.7999999999999999,2.222849693000171
889,1070.4113,993.6662,157.29634,0.7999999999999999,2.1461138670001674
890,1071.9176,999.01935,126.96958,0.7999999999999999,2.2014561260002665
891,1069.2533,998.7011,123.05503,0.7999999999999999,2.1957562360003067
892,1070.3639,1008.2301,104.83101,0.7999999999999999,2.245753934000277
893,1069.8953,998.321,142.1245,0.7999999999999999,2.3178256290002537
894,1080.5214,1004.49774,138.50752,0.7999999999999999,2.3342338540001037
895,1074.8955,998.40155,120.21993,0.7999999999999999,2.276766312000291
896,1003.20764,1003.17444,962.2015,0.8999999999999999,2.183411622999756
897,1003.3037,998.3143,993.0898,0.8999999999999999,2.3243739649997224
898,1001.7536,1000.38556,998.40686,0.8999999999999999,2.2297862469999927
899,1062.8479,999.3764,90.92521,0.8999999999999999,2.091722697000023
900,1065.2593,998.78186,87.29771,0.8999999999999999,2.11188822899976
901,1004.1525,1003.14105,1003.14105,0.8999999999999999,2.086669069999971
902,1005.38983,999.0522,133.06831,0.8999999999999999,2.0980158010002015
903,1004.2458,1000.8172,139.07793,0.8999999999999999,2.0971527169999717
904,1008.68207,998.7705,168.40256,0.8999999999999999,2.1065572440002143
905,1010.6129,999.14856,894.4194,0.8999999999999999,2.1976652130006187
906,1007.5219,998.72424,172.59525,0.8999999999999999,2.0896983989996443
907,1010.1606,1005.49426,999.3852,0.8999999999999999,2.0555821040006776
908,1007.86,998.55023,183.022,0.8999999999999999,2.0561056549995556
909,1010.0843,997.46954,234.56468,0.8999999999999999,2.061603195999851
910,1007.15656,997.5483,180.39836,0.8999999999999999,2.0599620340008187
911,1007.8431,998.50824,193.49554,0.8999999999999999,2.10911846900035
912,1005.88104,998.2796,107.75384,0.8999999999999999,2.0978147679998074
913,1007.7436,990.40643,229.37285,0.8999999999999999,2.0837130640002215
914,1011.9679,1004.8891,214.21642,0.8999999999999999,2.2341540090001217
915,1007.28186,995.45325,129.86678,0.8999999999999999,2.1100400469995293
916,1006.86865,997.5382,227.63914,0.8999999999999999,2.3470933300004617
917,1009.66943,981.44495,981.44495,0.8999999999999999,2.3372602830004325
918,1011.3608,984.8393,252.99825,0.8999999999999999,2.270562014999996
919,1009.43,996.1686,214.12589,0.8999999999999999,2.328067569000268
920,1009.613,980.0127,208.98546,0.8999999999999999,2.091539776999525
921,1009.6047,995.4803,237.25438,0.8999999999999999,2.1046884790002878
922,1010.363,998.4881,319.89478,0.8999999999999999,2.0942459130001225
923,1007.87396,977.81055,214.32755,0.8999999999999999,2.0492061439999816
924,1012.22687,996.6003,211.16714,0.8999999999999999,2.084042290999605
925,1008.5128,998.35223,216.0714,0.8999999999999999,2.0405691250007294
926,1010.43945,998.5754,183.87451,0.8999999999999999,2.061549854000077
927,1017.06445,1000.5382,667.0193,0.8999999999999999,2.0407657240002663
928,1017.9827,1000.6388,629.4015,0.8999999999999999,2.0481478829997286
929,1017.43274,998.85077,249.16129,0.8999999999999999,2.0437754759996096
930,1018.95526,998.3165,895.19086,0.8999999999999999,2.044853444999717
931,1015.3161,996.97235,472.52002,0.8999999999999999,2.1884186790002786
932,1013.618,998.283,294.08517,0.8999999999999999,2.0464821030000167
933,1016.2996,998.3751,247.44136,0.8999999999999999,2.0555784099997254
934,1019.875,999.39154,162.89648,0.8999999999999999,2.0564621240000633
935,1025.6864,1001.4406,51.678772,0.8999999999999999,2.0733783860005133
936,1014.46844,999.7414,244.13481,0.8999999999999999,2.0561354260007647
937,1017.4285,998.77325,214.2543,0.8999999999999999,2.0649663270005476
938,1014.82367,998.4549,168.03136,0.8999999999999999,2.1191258259996175
939,1016.79047,998.5166,406.44635,0.8999999999999999,2.043134960000316
940,1016.7297,998.2011,148.02304,0.8999999999999999,2.035566096000366
941,1014.1386,997.9871,311.84814,0.8999999999999999,2.059942900000351
942,1013.52344,996.80273,251.46309,0.8999999999999999,2.2046171000001777
943,1014.24005,489.77658,172.96353,0.8999999999999999,2.0517396620007275
944,1015.5959,990.2342,239.37344,0.8999999999999999,2.0562440829999105
945,1015.8851,997.8369,276.83078,0.8999999999999999,2.062498365000465
946,1016.0664,998.18604,205.59526,0.8999999999999999,2.0565939880007136
947,1018.8842,999.1464,353.66306,0.8999999999999999,2.061060919000738
948,1016.5524,998.21545,330.49902,0.8999999999999999,2.0421152340004483
949,1016.96045,998.2928,238.82991,0.8999999999999999,2.189247842000441
950,1014.922,999.39014,367.8818,0.8999999999999999,2.0282554860004893
951,1015.23114,997.86176,306.3295,0.8999999999999999,2.0386484829996334
952,1016.1746,998.2414,399.89658,0.8999999999999999,2.0371609679996254
953,1016.3835,998.34125,273.63098,0.8999999999999999,2.0447493120000217
954,1021.3039,960.82794,960.82794,0.8999999999999999,2.0575044610004625
955,1018.0756,1003.50244,361.25024,0.8999999999999999,2.180085813000005
956,1016.81116,998.6211,521.5214,0.8999999999999999,2.3097726969999712
957,1018.59125,1000.3088,327.7171,0.8999999999999999,2.04131193899957
958,1016.80365,982.7041,433.24265,0.8999999999999999,2.057346177999534
959,1033.675,997.58514,887.66486,0.8999999999999999,2.054529621000256
960,1141.393,983.89984,315.33115,0.8999999999999999,2.03538427499916
961,1113.0443,998.5504,199.03937,0.8999999999999999,2.191707786000734
962,1109.4879,999.4178,170.54921,0.8999999999999999,2.240733728000123
963,1118.5531,995.6071,142.19408,0.8999999999999999,2.324091870999837
964,1152.1906,991.33203,123.73623,0.8999999999999999,2.275555088999681
965,1114.2023,1019.59827,171.73917,0.8999999999999999,2.331339432000277
966,1111.1771,1004.3795,133.54771,0.8999999999999999,2.359494258000268
967,1118.2593,1005.5253,137.99371,0.8999999999999999,2.328697691999878
968,1137.6895,1018.6901,196.97644,0.8999999999999999,2.2530670140004077
969,1129.7614,995.51544,210.08662,0.8999999999999999,2.339455633000398
970,1139.7284,989.3742,595.764,0.8999999999999999,2.2755291129997204
971,1165.028,1019.2851,224.41179,0.8999999999999999,2.3386680120001984
972,1165.489,1016.94434,112.391785,0.8999999999999999,2.3481101299994407
973,1145.7025,988.5418,134.75865,0.8999999999999999,2.209596566000073
974,1128.5697,1004.4129,172.84473,0.8999999999999999,2.308029128999806
975,1149.3656,1010.81525,131.13194,0.8999999999999999,2.281895373000225
976,1138.6971,1005.7791,173.45323,0.8999999999999999,2.2430073269997592
977,1139.32,502.01758,192.20473,0.8999999999999999,2.330065182999533
978,1158.7113,999.54785,193.97986,0.8999999999999999,2.307827110999824
979,1154.9395,536.13635,158.76817,0.8999999999999999,2.311119962999328
980,1141.6085,974.7824,330.77914,0.8999999999999999,2.308504769999672
981,1136.0569,1065.1581,109.33993,0.8999999999999999,2.3180290499994953
982,1133.6012,1074.1078,207.28857,0.8999999999999999,2.1992910500002836
983,1139.6448,998.7176,196.01439,0.8999999999999999,2.0835090130003664
984,1151.7987,997.3909,90.278175,0.8999999999999999,2.090355995000209
985,1130.3766,995.1307,203.39575,0.8999999999999999,2.108567066999967
986,1159.9062,935.6435,216.85896,0.8999999999999999,2.0945396630004325
987,1147.0865,958.5407,157.79391,0.8999999999999999,2.0747980830001325
988,1151.2245,782.8999,212.71516,0.8999999999999999,2.0968558929998835
989,1135.4628,755.01654,177.38753,0.8999999999999999,2.0604321439996056
990,1145.6757,1017.1733,147.63152,0.8999999999999999,2.059569148999799
991,1160.1367,985.2277,258.2674,0.8999999999999999,2.0483550450007897
992,1142.7034,1006.71564,168.97052,0.8999999999999999,2.0569001379999463
993,1154.1946,950.3185,166.00111,0.8999999999999999,2.272918050000044
994,1166.3698,583.6935,175.6199,0.8999999999999999,2.230841063000298
995,1150.744,995.3494,368.45682,0.8999999999999999,2.226121492999482
996,1134.1654,982.2791,111.85049,0.8999999999999999,2.2599607679994733
997,1160.3021,721.18585,224.0581,0.8999999999999999,2.284029120000014
998,1153.9349,866.17267,188.71097,0.8999999999999999,2.223528139999871
999,1138.9872,611.98517,174.86302,0.8999999999999999,2.268674861999898
1000,1141.6257,577.3787,159.54066,0.8999999999999999,2.263923032999628
1001,1155.2775,841.054,156.87634,0.8999999999999999,2.2855341629992836
1002,1140.0839,1016.394,146.25847,0.8999999999999999,2.3416221549996408
1003,1153.806,991.8781,261.0617,0.8999999999999999,2.1574084330004553
1004,1149.4061,995.30585,189.83081,0.8999999999999999,2.2269407120002143
1005,1147.2354,970.56104,151.36026,0.8999999999999999,2.3176896559998568
1006,1154.2207,1035.6924,167.62236,0.8999999999999999,2.234739311999874
1007,1172.39,1038.768,157.17653,0.8999999999999999,2.1448318759994436
1008,1174.7454,966.25696,174.19194,0.8999999999999999,2.2219701860003624
1009,1143.6953,1000.2089,200.94748,0.8999999999999999,2.19254566500058
1010,1131.6046,1004.1453,112.41803,0.8999999999999999,2.307255552999777
1011,1156.9602,993.2762,234.89717,0.8999999999999999,2.2688046999992366
1012,1152.0304,999.34393,178.59045,0.8999999999999999,2.312278838000566
1013,1147.2518,993.8301,161.34416,0.8999999999999999,2.312400814999819
1014,1151.7985,904.98016,151.01874,0.8999999999999999,2.028130562000115
1015,1136.8942,986.416,194.8426,0.8999999999999999,2.0392796629994336
1016,1152.6396,811.76434,139.6345,0.8999999999999999,2.0724464550003177
1017,1138.921,790.234,115.25806,0.8999999999999999,2.0872199909999836
1018,1147.7715,993.77423,328.4699,0.8999999999999999,2.084830580999551
1019,1169.5082,993.7881,184.77798,0.8999999999999999,2.0949519679998048
1020,1157.1134,1012.19257,140.06929,0.8999999999999999,2.083061330000419
1021,1146.2415,988.4827,114.16384,0.8999999999999999,2.1940985379997073
1022,1133.9105,854.3216,175.16057,0.8999999999999999,2.2649590620003437
1023,1137.5499,1008.8934,153.13858,0.8999999999999999,2.0921343550007805
1024,1142.259,906.09973,181.12035,0.8999999999999999,2.108440129999508
1025,1140.0048,997.09143,202.73769,0.8999999999999999,2.2113232689998767
1026,1159.8397,1012.6359,346.1192,0.8999999999999999,2.115851088000454
1027,1147.583,1009.3787,336.31357,0.8999999999999999,2.099881746000392
1028,1151.5732,569.8136,221.91263,0.8999999999999999,2.089815520999764
1029,1138.8787,1008.0451,185.0498,0.8999999999999999,2.128888571999596
1030,1157.3942,952.8652,159.42085,0.8999999999999999,2.0761457529997642
1031,1140.6068,877.75336,145.22543,0.8999999999999999,2.0733482040004674
1032,1148.2426,1008.6707,157.07462,0.8999999999999999,2.119233205000455
1033,1159.1377,843.91113,291.00333,0.8999999999999999,2.09769025300011
1034,1158.1276,842.94727,175.76053,0.8999999999999999,2.110892654000054
1035,1157.7883,931.5549,215.42082,0.8999999999999999,2.1211226239993266
1036,1144.8531,1001.90234,221.85265,0.8999999999999999,2.111794734999421
1037,1158.0555,899.99493,339.22733,0.8999999999999999,2.1473320249997414
1038,1163.2083,1010.54846,311.80423,0.8999999999999999,2.250479938999888
1039,1150.212,559.5049,175.88052,0.8999999999999999,2.169469806000052
1040,1155.1486,815.8823,140.52141,0.8999999999999999,2.101859998000691
1041,1152.7163,1005.90607,287.95053,0.8999999999999999,2.1259366819995194
1042,1157.3885,1011.04846,143.22539,0.8999999999999999,2.1151554119996945
1043,1162.0327,996.6296,110.3669,0.8999999999999999,2.1526860289995966
1044,1148.87,1011.85657,111.02405,0.8999999999999999,2.1357586379999702
1045,1156.8394,957.3354,168.22093,0.8999999999999999,2.105540685000051
1046,1149.286,1007.7104,142.11284,0.8999999999999999,2.2038095600000815
1047,1144.2764,985.33234,180.61862,0.8999999999999999,2.206045735999396
1048,1149.9375,1012.9633,142.6355,0.8999999999999999,2.1677297180003734
1049,1139.569,998.2391,216.07774,0.8999999999999999,2.2871548220000477
1050,1144.4032,956.5018,219.83904,0.8999999999999999,2.2706654809999236
1051,1144.7808,997.1914,172.31973,0.8999999999999999,2.1800729300002786
1052,1150.5228,1003.25946,222.16035,0.8999999999999999,2.1895924159998685
1053,1149.6747,988.4362,159.70187,0.8999999999999999,2.18920105899997
1054,1157.1171,417.71515,133.24573,0.8999999999999999,2.246512321999944
1055,1144.7656,212.32518,168.07152,0.8999999999999999,2.1082781240002078
1056,1151.2485,994.64496,237.86597,0.8999999999999999,2.139344887000334
1057,1148.0498,1018.2165,207.1303,0.8999999999999999,2.126381007999953
1058,1147.8124,992.0884,226.86858,0.8999999999999999,2.2475554259999626
1059,1133.0905,1016.3244,168.2533,0.8999999999999999,2.328800231999594
1060,1140.5269,1013.5296,281.52115,0.8999999999999999,2.298746231000223
1061,1143.0471,803.9799,251.12248,0.8999999999999999,2.308261219999622
1062,1135.0784,994.88983,186.19539,0.8999999999999999,2.1345915040001273
1063,1135.5104,475.49973,162.17068,0.8999999999999999,2.2057668190000186
1064,1151.8909,334.08563,211.83948,0.8999999999999999,2.1890686959995946
1065,1138.7733,1004.05334,339.2066,0.8999999999999999,2.2983268049993058
1066,1159.7312,989.9287,123.90148,0.8999999999999999,2.286669924000307
1067,1159.2692,992.7758,174.43028,0.8999999999999999,2.301206165999247
1068,1158.5104,981.90594,103.4132,0.8999999999999999,2.3043293179998727
1069,1144.2009,1000.7379,167.47655,0.8999999999999999,2.322760279999784
1070,1144.6332,1004.7101,147.72021,0.8999999999999999,2.4774936720004916
1071,1151.6924,1005.3215,232.08044,0.8999999999999999,2.2574463199998718
1072,1162.7994,912.9181,180.44322,0.8999999999999999,2.3301737430001594
1073,1199.9722,852.10693,393.5125,0.8999999999999999,2.27633212299952
1074,1151.7197,908.51465,315.3926,0.8999999999999999,2.135857657000088
1075,1142.9248,465.29562,130.4177,0.8999999999999999,2.229712090999783
1076,1153.1879,995.9655,174.89998,0.8999999999999999,2.2223870210000314
1077,1142.2953,736.17694,219.57922,0.8999999999999999,2.3194623059998776
1078,1147.0497,405.31345,119.80729,0.8999999999999999,2.3174848159997055
1079,1148.761,988.8004,166.00925,0.8999999999999999,2.193210499000088
1080,1150.5853,919.07245,175.22427,0.8999999999999999,2.0365027970001393
1081,1159.3647,1011.84564,154.1324,0.8999999999999999,2.039902030000121
1082,1149.4579,975.8203,97.476166,0.8999999999999999,2.0624718779999967
1083,1151.2015,932.64496,178.06122,0.8999999999999999,2.0401811770007043
1084,1154.692,1000.0335,252.56969,0.8999999999999999,2.049484709999888
1085,1138.2625,855.3973,215.13914,0.8999999999999999,2.049610783999924
1086,1149.8301,1005.6022,157.4952,0.8999999999999999,2.0664830740006437
1087,1162.8364,1005.64276,140.8385,0.8999999999999999,2.111229097999967
1088,1158.8529,931.63916,229.21712,0.8999999999999999,2.2994965119996778
1089,1161.2894,1006.64154,309.2124,0.8999999999999999,2.0914067820003766
1090,1143.9467,986.3179,146.98135,0.8999999999999999,2.0761451319995103
1091,1147.2133,1012.7199,202.16582,0.8999999999999999,2.0821636649998254
1092,1147.4594,711.1209,196.46654,0.8999999999999999,2.105601895000291
1093,1169.9475,1004.8271,146.88914,0.8999999999999999,2.0989392129995394
1094,1147.0049,939.5346,67.39722,0.8999999999999999,2.087724727999557
1095,1165.5714,988.4057,201.71654,0.8999999999999999,2.0796092900000076
1096,1134.5635,711.0872,107.72134,0.8999999999999999,2.1350649860005433
1097,1142.5614,733.06055,203.18365,0.8999999999999999,2.1097175439999774
1098,1164.8098,899.9559,63.148853,0.8999999999999999,2.08858330700059
1099,1145.2979,1003.3906,58.46366,0.8999999999999999,2.1037008069997682
1100,1159.2484,814.7556,70.57257,0.8999999999999999,2.0986539039995478
1101,1164.4119,1000.416,59.690582,0.8999999999999999,2.2203702709994104
1102,1166.8267,1015.2176,60.12499,0.8999999999999999,2.1713772309994965
1103,1163.8031,1013.02734,64.62746,0.8999999999999999,2.2424168300003657
1104,1173.496,996.7215,58.816383,0.8999999999999999,2.291531947000294
1105,1166.0742,749.8797,60.927013,0.8999999999999999,2.327220335000675
1106,1168.2206,1009.08057,59.052814,0.8999999999999999,2.345289748999676
1107,1169.6256,863.8346,64.04921,0.8999999999999999,2.2802558829998816
1108,1160.1852,324.03766,71.97817,0.8999999999999999,2.1951144799995745
1109,1168.9465,374.9098,54.918774,0.8999999999999999,2.2864651999998387
1110,1167.0778,999.16473,56.87372,0.8999999999999999,2.278835615999924
1111,1167.1459,985.133,62.712654,0.8999999999999999,2.3240298239998083
1112,1162.8479,438.85312,64.57761,0.8999999999999999,2.2404752500005998
1113,1166.1804,921.94476,65.250626,0.8999999999999999,2.0846095249999053
1114,1167.8846,976.01776,63.951447,0.8999999999999999,2.079164077999849
1115,1170.0842,549.75507,63.909065,0.8999999999999999,2.1999376209996626
1116,1166.4862,318.85217,68.80894,0.8999999999999999,2.091796033999344
1117,1170.3527,262.13968,58.85687,0.8999999999999999,2.303730314999484
1118,1165.093,326.65353,62.966713,0.8999999999999999,2.1161239329994714
1119,1167.1431,363.35425,66.37719,0.8999999999999999,2.217003203999411
1120,1173.1891,411.13498,56.31833,0.8999999999999999,2.0837654199995086
1121,1176.6775,324.07272,63.398,0.8999999999999999,2.0932663250005135
1122,1169.5223,793.8765,319.53085,0.8999999999999999,2.068768739999541
1123,1171.6859,991.414,227.29134,0.8999999999999999,2.1170510359997934
1124,1162.8197,649.7788,304.49802,0.8999999999999999,2.059729476999564
1125,1182.4218,466.85757,60.373623,0.8999999999999999,2.042664675999731
1126,1163.265,418.73184,70.33392,0.8999999999999999,2.062428959000499
1127,1171.5471,315.33823,64.13047,0.8999999999999999,2.1004423840004165
1128,1274.7549,480.86774,480.86774,0.8999999999999999,2.18985616900045
1129,1300.5148,405.96457,405.96457,0.8999999999999999,2.1222259989999657
1130,1164.8352,367.5151,284.71042,0.8999999999999999,2.111348142000679
1131,1173.8196,910.3426,71.51281,0.8999999999999999,2.2780247850005253
1132,1172.209,348.8507,63.910767,0.8999999999999999,2.289379994999763
1133,1164.6981,213.10864,66.62227,0.8999999999999999,2.223051005999878
1134,1168.5059,341.90762,55.866608,0.8999999999999999,2.1908122429995274
1135,1162.9224,924.3727,27.837538,0.8999999999999999,2.2630332080007065
1136,1166.7653,879.55206,59.020863,0.8999999999999999,2.346090422999623
1137,1169.5614,858.131,65.68852,0.8999999999999999,2.114433877999545
1138,1173.9762,965.7446,64.0288,0.8999999999999999,2.079422501999943
1139,1179.2926,439.25357,62.732197,0.8999999999999999,2.0896859250005946
1140,1168.5293,383.42416,62.4787,0.8999999999999999,2.2702329130006547
1141,1172.2399,438.76416,62.854885,0.8999999999999999,2.3843093269997553
1142,1192.1688,322.3697,322.3697,0.8999999999999999,2.3169574539997484
1143,1173.11,233.70332,62.381115,0.8999999999999999,2.2975108450000334
1144,1178.2045,243.98979,147.67935,0.8999999999999999,2.197748056999444
1145,1171.289,999.82697,58.035122,0.8999999999999999,2.27441968399944
1146,1169.1936,431.77292,65.01613,0.8999999999999999,2.338204442999995
1147,1159.0143,669.50146,63.250538,0.8999999999999999,2.287167110000155
1148,1172.9524,633.7762,66.08864,0.8999999999999999,2.3277065180000136
1149,1175.646,999.0034,62.26492,0.8999999999999999,2.3263843340000676
1150,1182.0048,999.8413,362.10446,0.8999999999999999,2.333632363000106
1151,1172.7177,325.4976,69.56774,0.8999999999999999,2.320373097999436
1152,1173.5668,690.3278,70.75875,0.8999999999999999,2.3343168119999973
1153,1166.601,255.90132,59.67448,0.8999999999999999,2.3124483780002265
1154,1175.6191,380.1589,68.65591,0.8999999999999999,2.3181536199999755
1155,1154.1234,986.3209,63.938854,0.8999999999999999,2.187009623999984
1156,1176.0579,479.33383,62.555904,0.8999999999999999,2.1837819459997263
1157,1168.5411,486.5227,70.713844,0.8999999999999999,2.1971368750000693
1158,1160.2968,354.1096,137.57045,0.8999999999999999,2.3013367530002142
1159,1174.6295,314.19525,122.01084,0.8999999999999999,2.18301561699991
1160,1180.0128,848.61505,139.46428,0.8999999999999999,2.1137013919997116
1161,1174.478,651.00916,134.30089,0.8999999999999999,2.0911704629997985
1162,1181.2211,485.3553,145.52101,0.8999999999999999,2.146006834000218
1163,1177.37,590.89056,131.98543,0.8999999999999999,2.0887898359997052
1164,1177.9492,388.39832,149.05359,0.8999999999999999,2.1241732440003034
1165,1178.8943,483.79953,132.71004,0.8999999999999999,2.1182951330001742
1166,1178.6584,605.72046,148.73119,0.8999999999999999,2.1640545840000414
1167,1179.9291,721.5014,123.196655,0.8999999999999999,2.0968410650002625
1168,1178.08,669.8955,139.61705,0.8999999999999999,2.124155196999709
1169,1175.3456,438.18488,144.8267,0.8999999999999999,2.142469495000114
1170,1182.8704,658.31104,148.4934,0.8999999999999999,2.183413116000338
1171,1180.6045,551.2684,136.4222,0.8999999999999999,2.1100802370001475
1172,1180.9092,551.0687,153.4445,0.8999999999999999,2.277934070999436
1173,1178.951,674.20087,144.7499,0.8999999999999999,2.274221234999459
1174,1179.8103,657.5096,137.63268,0.8999999999999999,2.3269830119998005
1175,1181.202,881.07874,119.68693,0.8999999999999999,2.334147171999575
1176,1176.6051,293.69662,147.04405,0.8999999999999999,2.343246636999538
1177,1176.0542,755.04987,125.16123,0.8999999999999999,2.0558306110006015
1178,1175.8816,683.5202,140.64835,0.8999999999999999,2.0656247350007106
1179,1176.4819,734.47064,131.79723,0.8999999999999999,2.090922250999938
1180,1174.0942,461.61264,130.34439,0.8999999999999999,2.0868744689996674
1181,1172.7339,1018.7298,122.0888,0.8999999999999999,2.078618018999805
1182,1178.5746,559.15576,147.09044,0.8999999999999999,2.1185602300001847
1183,1262.5901,340.3409,172.88277,0.8999999999999999,2.2339219300001787
1184,1422.0039,549.9069,127.09615,0.8999999999999999,2.205398375999721
1185,1293.4628,750.86066,456.23468,0.8999999999999999,2.079109647000223
1186,1416.4794,730.0841,200.53082,0.8999999999999999,2.3316789470000003
1187,1557.5625,230.32127,128.20445,0.8999999999999999,2.078720602999965
1188,1549.9861,233.40465,171.28941,0.8999999999999999,2.1570726570007537
1189,1440.7773,313.58765,161.56056,0.8999999999999999,2.199929012999746
1190,1306.9934,685.6464,179.03955,0.8999999999999999,2.3200418930000524
1191,1437.75,602.3467,113.001076,0.8999999999999999,2.3346337470002254
1192,1446.7631,888.75165,101.822365,0.8999999999999999,2.338676194999607
1193,1452.6194,448.754,102.73167,0.8999999999999999,2.3282191500002227
1194,1596.1244,327.38638,313.89255,0.8999999999999999,2.3324862460003715
1195,773.44885,773.44885,773.44885,0.9999999999999999,2.2195285150000927
1196,992.6086,992.6086,992.6086,0.9999999999999999,2.1125136000000566
1197,995.48065,995.48065,995.48065,0.9999999999999999,2.1150478899999143
1198,1001.6914,1001.6914,1001.6914,0.9999999999999999,2.172688608999124
1199,1003.6296,1003.6296,1003.6296,0.9999999999999999,2.1572834529997635
1200,1000.88715,1000.88715,1000.88715,0.9999999999999999,2.1653641739994782
1201,997.99493,997.99493,997.99493,0.9999999999999999,2.0920018799997706
1202,1002.285,1002.285,1002.285,0.9999999999999999,2.263186436000069
1203,1003.05096,1003.05096,1003.05096,0.9999999999999999,2.200096836000739
1204,1000.32697,1000.32697,1000.32697,0.9999999999999999,2.118668408999838
1205,1002.1968,1002.1968,1002.1968,0.9999999999999999,2.1415190280004026
1206,1001.8543,1001.8543,1001.8543,0.9999999999999999,2.0796780459995716
1207,1000.19727,1000.19727,1000.19727,0.9999999999999999,2.107489373000135
1208,999.6409,999.6409,999.6409,0.9999999999999999,2.128916687000128
1209,1002.6684,1002.6684,1002.6684,0.9999999999999999,2.197104873999706
1210,998.7936,998.7936,998.7936,0.9999999999999999,2.13261347200023
1211,1007.1713,1007.1713,1007.1713,0.9999999999999999,2.1196706580003593
1212,1003.1751,1003.1751,1003.1751,0.9999999999999999,2.157754202000433
1213,1003.1712,1003.1712,1003.1712,0.9999999999999999,2.1749936010000965
1214,1001.1115,1001.1115,1001.1115,0.9999999999999999,2.231798451999566
1215,1003.2465,1003.2465,1003.2465,0.9999999999999999,2.1056718059999184
1216,1000.9415,1000.9415,1000.9415,0.9999999999999999,2.2138570269999036
1217,1000.1686,1000.1686,1000.1686,0.9999999999999999,2.1142335690001346
1218,1001.8177,1001.8177,1001.8177,0.9999999999999999,2.1460878500001854
1219,1001.62714,1001.62714,1001.62714,0.9999999999999999,2.122909574000005
1220,1002.18604,1002.18604,1002.18604,0.9999999999999999,2.183025299000292
1221,1001.96893,1001.96893,1001.96893,0.9999999999999999,2.124955850000333
1222,1004.5966,1004.5966,1004.5966,0.9999999999999999,2.0819240970004103
1223,1002.09125,1002.09125,1002.09125,0.9999999999999999,2.1342907469997954
1224,1001.8095,1001.8095,1001.8095,0.9999999999999999,2.2492053549995035
1225,1004.9043,1004.9043,1004.9043,0.9999999999999999,2.202155768999546
1226,1004.13666,1004.13666,1004.13666,0.9999999999999999,2.1115446920002796
1227,1002.05237,1002.05237,1002.05237,0.9999999999999999,2.1367696429997523
1228,1004.5749,1004.5749,1004.5749,0.9999999999999999,2.1522154860003866
1229,1007.37335,1007.37335,1007.37335,0.9999999999999999,2.157650549999744
1230,1003.42834,1003.42834,1003.42834,0.9999999999999999,2.265081473000464
1231,1002.9461,1002.9461,1002.9461,0.9999999999999999,2.076975087000392
1232,1001.6032,1001.6032,1001.6032,0.9999999999999999,2.032731154999965
1233,1000.51385,1000.51385,1000.51385,0.9999999999999999,2.0380407210004705
1234,1002.5576,1002.5576,1002.5576,0.9999999999999999,2.030877639999744
1235,1001.79395,1001.79395,1001.79395,0.9999999999999999,2.1807305249994897
1236,1001.2083,1001.2083,1001.2083,0.9999999999999999,2.097693167000216
1237,1003.19434,1003.19434,1003.19434,0.9999999999999999,2.2724131630002375
1238,1000.0664,1000.0664,1000.0664,0.9999999999999999,2.113483076999728
1239,999.8633,999.8633,999.8633,0.9999999999999999,2.090013361000274
1240,1008.74335,1008.74335,1008.74335,0.9999999999999999,2.0684138269998584
1241,1008.2205,1008.2205,1008.2205,0.9999999999999999,2.0944651829995564
1242,1009.04144,1009.04144,1009.04144,0.9999999999999999,2.0670611030000146
1243,1008.6759,1008.6759,1008.6759,0.9999999999999999,2.0758637159997306
1244,1008.7094,1008.7094,1008.7094,0.9999999999999999,2.0628309989997433
1245,1008.79785,1008.79785,1008.79785,0.9999999999999999,2.0604176679999
1246,1012.0346,1012.0346,1012.0346,0.9999999999999999,2.042768223999701
1247,1015.99805,1015.99805,1015.99805,0.9999999999999999,2.2795823859996744
1248,1012.3437,1012.3437,1012.3437,0.9999999999999999,2.1412765650002257
1249,1017.40314,1017.40314,1017.40314,0.9999999999999999,2.1994333579996237
1250,1015.23224,1015.23224,1015.23224,0.9999999999999999,2.122944419000305
1251,1013.3068,1013.3068,1013.3068,0.9999999999999999,2.215198932000021
1252,1019.6569,1019.6569,1019.6569,0.9999999999999999,2.136871006999172
1253,1015.29456,1015.29456,1015.29456,0.9999999999999999,2.1495303820001936
1254,1015.82697,1015.82697,1015.82697,0.9999999999999999,2.295899510999334
1255,1066.6016,1066.6016,1066.6016,0.9999999999999999,2.240193692000503
1256,1079.2834,1079.2834,1079.2834,0.9999999999999999,2.1920319129994823
1257,1027.4707,1027.4707,1027.4707,0.9999999999999999,2.274447335000332
1258,1026.5422,1026.5422,1026.5422,0.9999999999999999,2.1745053139993615
1259,1017.8384,1017.8384,1017.8384,0.9999999999999999,2.0625445429996034
1260,1017.4715,1017.4715,1017.4715,0.9999999999999999,2.080379494999761
1261,1017.41034,1017.41034,1017.41034,0.9999999999999999,2.1764571250005247
1262,1021.5291,1021.5291,1021.5291,0.9999999999999999,2.18924178799989
1263,1018.9838,1018.9838,1018.9838,0.9999999999999999,2.0899115799993524
1264,1025.951,1025.951,1025.951,0.9999999999999999,2.3045761470002617
1265,1031.2999,1031.2999,1031.2999,0.9999999999999999,2.1653230410001925
1266,1040.7772,1040.7772,1040.7772,0.9999999999999999,2.2195968579999317
1267,1053.0873,1053.0873,1053.0873,0.9999999999999999,2.2206362479992094
1268,1054.5948,1054.5948,1054.5948,0.9999999999999999,2.3287175639998168
1269,1043.8323,1043.8323,1043.8323,0.9999999999999999,2.2773906630000056
1270,1051.142,1051.142,1051.142,0.9999999999999999,2.2358445330000905
1271,1052.9639,1052.9639,1052.9639,0.9999999999999999,2.2683060039998963
1272,1065.059,1065.059,1065.059,0.9999999999999999,2.333067870999912
1273,1056.2147,1056.2147,1056.2147,0.9999999999999999,2.0933794269994905
1274,1054.0032,1054.0032,1054.0032,0.9999999999999999,2.0999953619993903
1275,1053.0049,1053.0049,1053.0049,0.9999999999999999,2.1380067310001323
1276,1071.4009,1071.4009,1071.4009,0.9999999999999999,2.0974916709992613
1277,1057.9618,1057.9618,1057.9618,0.9999999999999999,2.1128162580007483
1278,1061.5829,1061.5829,1061.5829,0.9999999999999999,2.184483850000106
1279,1063.1892,1063.1892,1063.1892,0.9999999999999999,2.111467201999403
1280,1109.7567,1109.7567,1109.7567,0.9999999999999999,2.1384676679999757
1281,1075.1132,1075.1132,1075.1132,0.9999999999999999,2.274986045999867
1282,1086.076,1086.076,1086.076,0.9999999999999999,2.3215278769994256
1283,1118.9816,1118.9816,1118.9816,0.9999999999999999,2.332518514000185
1284,1077.5189,1077.5189,1077.5189,0.9999999999999999,2.3127907440002673
1285,1131.2767,1131.2767,1131.2767,0.9999999999999999,2.2015153469992583
1286,1096.5066,1096.5066,1096.5066,0.9999999999999999,2.1490575910002008
1287,1102.809,1102.809,1102.809,0.9999999999999999,2.20735010899989
1288,1068.416,1068.416,1068.416,0.9999999999999999,2.2366056239998215
1289,1089.5104,1089.5104,1089.5104,0.9999999999999999,2.260178884999732
1290,1090.9606,1090.9606,1090.9606,0.9999999999999999,2.137420228999872
1291,1094.5258,1094.5258,1094.5258,0.9999999999999999,2.3165767820000838
1292,1075.5674,1075.5674,1075.5674,0.9999999999999999,2.1853490459998284
1293,1070.5482,1070.5482,1070.5482,0.9999999999999999,2.309147834000214
1294,1120.9182,1120.9182,1120.9182,0.9999999999999999,2.2949565280005118
1295,1097.1907,1097.1907,1097.1907,0.9999999999999999,2.215256325000155
1296,1105.5253,1105.5253,1105.5253,0.9999999999999999,2.2988251960005073
1297,1128.3678,1128.3678,1128.3678,0.9999999999999999,2.205325554999945
1298,1144.383,1144.383,1144.383,0.9999999999999999,2.236856224000803
1299,1116.599,1116.599,1116.599,0.9999999999999999,2.2468532689999847
1300,1141.2816,1141.2816,1141.2816,0.9999999999999999,2.3077190169997266
1301,1126.7103,1126.7103,1126.7103,0.9999999999999999,2.1544674130000203
1302,1124.9254,1124.9254,1124.9254,0.9999999999999999,2.3000649269997666
1303,1121.2229,1121.2229,1121.2229,0.9999999999999999,2.1615560999998706
1304,1133.7897,1133.7897,1133.7897,0.9999999999999999,2.1736973790002594
1305,1114.4219,1114.4219,1114.4219,0.9999999999999999,2.356442285000412
1306,1120.3427,1120.3427,1120.3427,0.9999999999999999,2.247485897999468
1307,1132.839,1132.839,1132.839,0.9999999999999999,2.1976644899996245
1308,1138.6483,1138.6483,1138.6483,0.9999999999999999,2.2365199280002344
1309,1151.8684,1151.8684,1151.8684,0.9999999999999999,2.4402384670001993
1310,1138.0576,1138.0576,1138.0576,0.9999999999999999,2.3314588379998895
1311,1147.2589,1147.2589,1147.2589,0.9999999999999999,2.3428276510003343
1312,1139.1346,1139.1346,1139.1346,0.9999999999999999,2.2034608729991305
1313,1144.3085,1144.3085,1144.3085,0.9999999999999999,2.175696135999715
1314,1160.7655,1160.7655,1160.7655,0.9999999999999999,2.0285952040003394
1315,1128.1351,1128.1351,1128.1351,0.9999999999999999,2.0334543110002414
1316,1158.1855,1158.1855,1158.1855,0.9999999999999999,2.118608791999577
1317,1173.9869,1173.9869,1173.9869,0.9999999999999999,2.09558998600005
1318,1148.9847,1148.9847,1148.9847,0.9999999999999999,2.0983328689999325
1319,1148.996,1148.996,1148.996,0.9999999999999999,2.0798464979998244
1320,1148.904,1148.904,1148.904,0.9999999999999999,2.1107003970000733
1321,1163.3015,1163.3015,1163.3015,0.9999999999999999,2.103320199999871
1322,1132.475,1132.475,1132.475,0.9999999999999999,2.1451417700000093
1323,1160.0646,1160.0646,1160.0646,0.9999999999999999,2.110997082000722
1324,1137.811,1137.811,1137.811,0.9999999999999999,2.1523975590007467
1325,1156.4261,1156.4261,1156.4261,0.9999999999999999,2.170158924000134
1326,1150.734,1150.734,1150.734,0.9999999999999999,2.13158382399979
1327,1161.583,1161.583,1161.583,0.9999999999999999,2.1672901649999403
1328,1144.9579,1144.9579,1144.9579,0.9999999999999999,2.1305911330000527
1329,1148.3959,1148.3959,1148.3959,0.9999999999999999,2.1345988169996417
1330,1154.6089,1154.6089,1154.6089,0.9999999999999999,2.145996121999815
1331,1130.0087,1130.0087,1130.0087,0.9999999999999999,2.1346106010005315
1332,1154.9984,1154.9984,1154.9984,0.9999999999999999,2.2857591129995853
1333,1142.8378,1142.8378,1142.8378,0.9999999999999999,2.1934056549998786
1334,1160.3644,1160.3644,1160.3644,0.9999999999999999,2.1155552719992556
1335,1162.2181,1162.2181,1162.2181,0.9999999999999999,2.1113114459994904
1336,1160.9891,1160.9891,1160.9891,0.9999999999999999,2.132209807000436
1337,1179.7227,1179.7227,1179.7227,0.9999999999999999,2.2042435670000486
1338,1153.4663,1153.4663,1153.4663,0.9999999999999999,2.158289942999545
1339,1146.0547,1146.0547,1146.0547,0.9999999999999999,2.171347991999937
1340,1155.9398,1155.9398,1155.9398,0.9999999999999999,2.1329263369998444
1341,1152.1439,1152.1439,1152.1439,0.9999999999999999,2.3404348779995416
1342,1162.8942,1162.8942,1162.8942,0.9999999999999999,2.1179900389997783
1343,1146.3188,1146.3188,1146.3188,0.9999999999999999,2.0832509159999972
1344,1156.8645,1156.8645,1156.8645,0.9999999999999999,2.136262596999586
1345,1155.8099,1155.8099,1155.8099,0.9999999999999999,2.194198456999402
1346,1142.794,1142.794,1142.794,0.9999999999999999,2.207898650000061
1347,1166.1545,1166.1545,1166.1545,0.9999999999999999,2.1275191770000674
1348,1155.3735,1155.3735,1155.3735,0.9999999999999999,2.1390732850004497
1349,1146.9467,1146.9467,1146.9467,0.9999999999999999,2.1560432090000177
1350,1155.2471,1155.2471,1155.2471,0.9999999999999999,2.1329403899999306
1351,1151.6566,1151.6566,1151.6566,0.9999999999999999,2.126428500999282
1352,1149.6521,1149.6521,1149.6521,0.9999999999999999,2.172696599000119
1353,1177.1107,1177.1107,1177.1107,0.9999999999999999,2.096016931000122
1354,1159.6667,1159.6667,1159.6667,0.9999999999999999,2.1044652310001766
1355,1166.9132,1166.9132,1166.9132,0.9999999999999999,2.129172461000053
1356,1153.3959,1153.3959,1153.3959,0.9999999999999999,2.2189718660001745
1357,1157.3153,1157.3153,1157.3153,0.9999999999999999,2.106629015999715
1358,1162.4073,1162.4073,1162.4073,0.9999999999999999,2.1523876490000475
1359,1137.9473,1137.9473,1137.9473,0.9999999999999999,2.2347004070006733
1360,1148.3654,1148.3654,1148.3654,0.9999999999999999,2.142826597999374
1361,1150.1754,1150.1754,1150.1754,0.9999999999999999,2.090833217999716
1362,1160.087,1160.087,1160.087,0.9999999999999999,2.1273817069995857
1363,1147.6422,1147.6422,1147.6422,0.9999999999999999,2.160984940000162
1364,1145.5907,1145.5907,1145.5907,0.9999999999999999,2.1621155209995777
1365,1149.8662,1149.8662,1149.8662,0.9999999999999999,2.3260659509996913
1366,1154.6042,1154.6042,1154.6042,0.9999999999999999,2.3172334770006273
1367,1158.3451,1158.3451,1158.3451,0.9999999999999999,2.2954894370004695
1368,1155.5326,1155.5326,1155.5326,0.9999999999999999,2.056635197000105
1369,1150.3274,1150.3274,1150.3274,0.9999999999999999,2.149863935999747
1370,1159.4633,1159.4633,1159.4633,0.9999999999999999,2.095018120999157
1371,1153.2045,1153.2045,1153.2045,0.9999999999999999,2.0855361780004387
1372,1164.8378,1164.8378,1164.8378,0.9999999999999999,2.100005604999751
1373,1143.6666,1143.6666,1143.6666,0.9999999999999999,2.171726623999348
1374,1152.6886,1152.6886,1152.6886,0.9999999999999999,2.074487683999905
1375,1155.1713,1155.1713,1155.1713,0.9999999999999999,2.090922008000234
1376,1157.2161,1157.2161,1157.2161,0.9999999999999999,2.132111251000424
1377,1161.5863,1161.5863,1161.5863,0.9999999999999999,2.076815637999971
1378,1160.0048,1160.0048,1160.0048,0.9999999999999999,2.1380155669994565
1379,1142.8037,1142.8037,1142.8037,0.9999999999999999,2.094756953000797
1380,1159.0933,1159.0933,1159.0933,0.9999999999999999,2.1633361009999135
1381,1150.6786,1150.6786,1150.6786,0.9999999999999999,2.098559612999452
1382,1140.9952,1140.9952,1140.9952,0.9999999999999999,2.1410804059996735
1383,1162.6906,1162.6906,1162.6906,0.9999999999999999,2.097241985999972
1384,1163.1776,1163.1776,1163.1776,0.9999999999999999,2.1318577229994844
1385,1164.0802,1164.0802,1164.0802,0.9999999999999999,2.0797840280001765
1386,1164.649,1164.649,1164.649,0.9999999999999999,2.079503821999424
1387,1174.2133,1174.2133,1174.2133,0.9999999999999999,2.279282652000802
1388,1150.3861,1150.3861,1150.3861,0.9999999999999999,2.1060576569998375
1389,1154.1099,1154.1099,1154.1099,0.9999999999999999,2.2725895129997298
1390,1171.8953,1171.8953,1171.8953,0.9999999999999999,2.052324213999782
1391,1143.035,1143.035,1143.035,0.9999999999999999,2.042987644000277
1392,1152.6586,1152.6586,1152.6586,0.9999999999999999,2.050999961999878
1393,1139.5967,1139.5967,1139.5967,0.9999999999999999,2.057991623999442
1394,1166.9144,1166.9144,1166.9144,0.9999999999999999,2.1256034079997335
1395,1146.2747,1146.2747,1146.2747,0.9999999999999999,2.0403091389998735
1396,1146.9735,1146.9735,1146.9735,0.9999999999999999,2.0606041209994146
1397,1142.0663,1142.0663,1142.0663,0.9999999999999999,2.0633010999999897
1398,1142.2588,1142.2588,1142.2588,0.9999999999999999,2.0623677989997304
1399,1156.9327,1156.9327,1156.9327,0.9999999999999999,2.0531326399996033
1400,1146.2418,1146.2418,1146.2418,0.9999999999999999,2.0323001730002943
1401,1147.603,1147.603,1147.603,0.9999999999999999,2.2546588499999416
1402,1160.082,1160.082,1160.082,0.9999999999999999,2.0413039329996536
1403,1160.8287,1160.8287,1160.8287,0.9999999999999999,2.0386033289996703
1404,1177.4479,1177.4479,1177.4479,0.9999999999999999,2.048642624000422
1405,1153.3623,1153.3623,1153.3623,0.9999999999999999,2.0508875980003722
1406,1152.71,1152.71,1152.71,0.9999999999999999,2.0634147170003416
1407,1143.6633,1143.6633,1143.6633,0.9999999999999999,2.151265436000358
1408,1151.1796,1151.1796,1151.1796,0.9999999999999999,2.26006512999993
1409,1149.1462,1149.1462,1149.1462,0.9999999999999999,2.0677466370007096
1410,1152.2756,1152.2756,1152.2756,0.9999999999999999,2.065318930000103
1411,1157.9296,1157.9296,1157.9296,0.9999999999999999,2.0675624599998628
1412,1158.4769,1158.4769,1158.4769,0.9999999999999999,2.0608549390008193
1413,1156.1478,1156.1478,1156.1478,0.9999999999999999,2.056735385000138
1414,1158.1361,1158.1361,1158.1361,0.9999999999999999,2.1732086189995243
1415,1149.1301,1149.1301,1149.1301,0.9999999999999999,2.330515519999608
1416,1148.6466,1148.6466,1148.6466,0.9999999999999999,2.351536137000039
1417,1153.267,1153.267,1153.267,0.9999999999999999,2.313891069999954
1418,1149.9362,1149.9362,1149.9362,0.9999999999999999,2.1336571649999314
1419,1156.9945,1156.9945,1156.9945,0.9999999999999999,2.2406667369996285
1420,1144.4264,1144.4264,1144.4264,0.9999999999999999,2.262864590999925
1421,1152.9813,1152.9813,1152.9813,0.9999999999999999,2.182639427999675
1422,1154.8502,1154.8502,1154.8502,0.9999999999999999,2.275383273999978
1423,1165.0094,1165.0094,1165.0094,0.9999999999999999,2.176626213000418
1424,1165.0131,1165.0131,1165.0131,0.9999999999999999,2.2161783520004974
1425,1154.5836,1154.5836,1154.5836,0.9999999999999999,2.22275975499997
1426,1155.7743,1155.7743,1155.7743,0.9999999999999999,2.2165146249999452
1427,1151.3358,1151.3358,1151.3358,0.9999999999999999,2.2807881290000296
1428,1163.2727,1163.2727,1163.2727,0.9999999999999999,2.303146260000176
1429,1141.7406,1141.7406,1141.7406,0.9999999999999999,2.277602932999798
1430,1135.209,1135.209,1135.209,0.9999999999999999,2.2980883159998484
1431,1152.709,1152.709,1152.709,0.9999999999999999,2.2473387390000426
1432,1151.9388,1151.9388,1151.9388,0.9999999999999999,2.204983423000158
1433,1148.5065,1148.5065,1148.5065,0.9999999999999999,2.219460240999979
1434,1153.8153,1153.8153,1153.8153,0.9999999999999999,2.170102652999958
1435,1166.696,1166.696,1166.696,0.9999999999999999,2.1241492540002582
1436,1159.2214,1159.2214,1159.2214,0.9999999999999999,2.0895110389992624
1437,1166.2448,1166.2448,1166.2448,0.9999999999999999,2.0855440010000166
1438,1149.6156,1149.6156,1149.6156,0.9999999999999999,2.0928805120001925
1439,1150.7963,1150.7963,1150.7963,0.9999999999999999,2.0959614500006865
1440,1156.653,1156.653,1156.653,0.9999999999999999,2.0875566609993257
1441,1164.8989,1164.8989,1164.8989,0.9999999999999999,2.085800905999349
1442,1163.3633,1163.3633,1163.3633,0.9999999999999999,2.1032112070006406
1443,1147.344,1147.344,1147.344,0.9999999999999999,2.1020967189997464
1444,1185.2416,1185.2416,1185.2416,0.9999999999999999,2.1099805809999452
1445,1153.3962,1153.3962,1153.3962,0.9999999999999999,2.084444498999801
1446,1153.0316,1153.0316,1153.0316,0.9999999999999999,2.1028822169992054
1447,1155.184,1155.184,1155.184,0.9999999999999999,2.113859264999519
1448,1150.2246,1150.2246,1150.2246,0.9999999999999999,2.115851690999989
1449,1166.3318,1166.3318,1166.3318,0.9999999999999999,2.132840806999411
1450,1144.2515,1144.2515,1144.2515,0.9999999999999999,2.0804092099997433
1451,1154.6881,1154.6881,1154.6881,0.9999999999999999,2.092611162999674
1452,1152.0872,1152.0872,1152.0872,0.9999999999999999,2.0807823059994917
1453,1157.0209,1157.0209,1157.0209,0.9999999999999999,2.119591858999229
1454,1155.4391,1155.4391,1155.4391,0.9999999999999999,2.412705232999542
1455,1157.2142,1157.2142,1157.2142,0.9999999999999999,2.097353893000218
1456,1156.0967,1156.0967,1156.0967,0.9999999999999999,2.3964097629996104
1457,1150.7085,1150.7085,1150.7085,0.9999999999999999,2.293321143999492
1458,1152.6108,1152.6108,1152.6108,0.9999999999999999,2.212288961000013
1459,1151.3483,1151.3483,1151.3483,0.9999999999999999,2.2704288100003396
1460,1158.4354,1158.4354,1158.4354,0.9999999999999999,2.190482934999636
1461,1157.5645,1157.5645,1157.5645,0.9999999999999999,2.189710055999967
1462,1136.3938,1136.3938,1136.3938,0.9999999999999999,2.2616498659999706
1463,1150.0614,1150.0614,1150.0614,0.9999999999999999,2.280029028000172
1464,1138.4471,1138.4471,1138.4471,0.9999999999999999,2.300505897000221
1465,1162.1484,1162.1484,1162.1484,0.9999999999999999,2.248025650999807
1466,1165.5383,1165.5383,1165.5383,0.9999999999999999,2.2817721439996603
1467,1145.5139,1145.5139,1145.5139,0.9999999999999999,2.2674340550001943
1468,1164.7959,1164.7959,1164.7959,0.9999999999999999,2.075968471000124
1469,1159.4891,1159.4891,1159.4891,0.9999999999999999,2.106584863000535
1470,1151.3348,1151.3348,1151.3348,0.9999999999999999,2.1866304989998753
1471,1161.8043,1161.8043,1161.8043,0.9999999999999999,2.5981385080003747
1472,1152.9703,1152.9703,1152.9703,0.9999999999999999,2.099846737000007
1473,1140.0045,1140.0045,1140.0045,0.9999999999999999,2.0988439619995916
1474,1144.139,1144.139,1144.139,0.9999999999999999,2.100485734999893
1475,1150.9081,1150.9081,1150.9081,0.9999999999999999,2.098330871000144
1476,1163.332,1163.332,1163.332,0.9999999999999999,2.093476656000348
1477,1146.5465,1146.5465,1146.5465,0.9999999999999999,2.0757184889998825
1478,1163.4921,1163.4921,1163.4921,0.9999999999999999,2.0882908580006188
1479,1148.7922,1148.7922,1148.7922,0.9999999999999999,2.0933344049999505
1480,1149.6842,1149.6842,1149.6842,0.9999999999999999,2.144293008999739
1481,1153.6002,1153.6002,1153.6002,0.9999999999999999,2.0928816750001715
1482,1163.4237,1163.4237,1163.4237,0.9999999999999999,2.095366982000087
1483,1149.5002,1149.5002,1149.5002,0.9999999999999999,2.0835803130003114
1484,1140.0282,1140.0282,1140.0282,0.9999999999999999,2.076892283000234
1485,1145.8177,1145.8177,1145.8177,0.9999999999999999,2.078524077000111
1486,1170.5465,1170.5465,1170.5465,0.9999999999999999,2.051043462999587
1487,1165.1903,1165.1903,1165.1903,0.9999999999999999,2.159533226000349
1488,1157.558,1157.558,1157.558,0.9999999999999999,2.2366160189994844
1489,1154.4379,1154.4379,1154.4379,0.9999999999999999,2.26826020199951
1490,1152.9452,1152.9452,1152.9452,0.9999999999999999,2.2889540500000294
1491,1159.7054,1159.7054,1159.7054,0.9999999999999999,2.3733825839999554
1492,1147.7542,1147.7542,1147.7542,0.9999999999999999,2.3064308499997423
1493,1159.7329,1159.7329,1159.7329,0.9999999999999999,2.2655499140000757
1494,1155.4355,1155.4355,1155.4355,1,2.4164306780003244
1495,1154.8602,1154.8602,1154.8602,1,2.1488953759999276
1496,1153.4901,1153.4901,1153.4901,1,2.1543907850000323
1497,1167.53,1167.53,1167.53,1,2.2039348549997158
1498,1141.9236,1141.9236,1141.9236,1,2.1164448629997423
1499,1152.3127,1152.3127,1152.3127,1,2.082729849000316
