environment,architecture,weighting,k,seed,reused,run_directory,reference_run,dataset,reward,reward_corrected,train_mse,held_out_mse,weighted_train_mse,weighted_held_out_mse,fit_seconds,evaluation_seconds,fit_and_evaluation_seconds,process_seconds
inverted_pendulum,shared,uniform,8,0,True,distillation_experiments/artifacts/repertoires/cgp_feature_inverted_pendulum/ann_initial_uniform_k8_5seeds,distillation_experiments/artifacts/repertoires/cgp_feature_inverted_pendulum/ann_initial_uniform_k8_5seeds,distillation_experiments/artifacts/expert_datasets/expert_inverted_pendulum.npz,1000.0,False,0.0007767641800455749,0.0009077181457541883,0.0007767830393277109,0.0009077181457541883,34.72739367900067,32.44373470899882,67.17112838799949,
inverted_pendulum,shared,uniform,8,1,True,distillation_experiments/artifacts/repertoires/cgp_feature_inverted_pendulum/ann_initial_uniform_k8_5seeds,distillation_experiments/artifacts/repertoires/cgp_feature_inverted_pendulum/ann_initial_uniform_k8_5seeds,distillation_experiments/artifacts/expert_datasets/expert_inverted_pendulum.npz,1000.0,False,0.000859010498970747,0.000988256186246872,0.0008590244688093662,0.000988256186246872,35.882207540998934,21.504892587996437,57.38710012899537,
inverted_pendulum,shared,uniform,8,2,True,distillation_experiments/artifacts/repertoires/cgp_feature_inverted_pendulum/ann_initial_uniform_k8_5seeds,distillation_experiments/artifacts/repertoires/cgp_feature_inverted_pendulum/ann_initial_uniform_k8_5seeds,distillation_experiments/artifacts/expert_datasets/expert_inverted_pendulum.npz,613.7999877929688,False,0.0006803692667745054,0.0007512413430958986,0.0006804657750762999,0.0007512413430958986,34.69619442000112,22.430225065996638,57.12641948599776,
inverted_pendulum,shared,uniform,8,3,True,distillation_experiments/artifacts/repertoires/cgp_feature_inverted_pendulum/ann_initial_uniform_k8_5seeds,distillation_experiments/artifacts/repertoires/cgp_feature_inverted_pendulum/ann_initial_uniform_k8_5seeds,distillation_experiments/artifacts/expert_datasets/expert_inverted_pendulum.npz,23.30000114440918,False,0.0008724123472347856,0.0009221103391610086,0.0008724123472347856,0.0009221103391610086,36.20121897901117,21.382570176996524,57.5837891560077,
inverted_pendulum,shared,uniform,8,4,True,distillation_experiments/artifacts/repertoires/cgp_feature_inverted_pendulum/ann_initial_uniform_k8_5seeds,distillation_experiments/artifacts/repertoires/cgp_feature_inverted_pendulum/ann_initial_uniform_k8_5seeds,distillation_experiments/artifacts/expert_datasets/expert_inverted_pendulum.npz,24.899999618530273,False,0.0007203355780802667,0.0011201425222679973,0.0007200613617897034,0.0011201425222679973,34.63426209600584,22.78894329999457,57.42320539600041,
inverted_pendulum,shared,q_dagger,8,0,True,distillation_experiments/artifacts/repertoires/cgp_feature_inverted_pendulum/ann_initial_q_dagger_k8_5seeds,distillation_experiments/artifacts/repertoires/cgp_feature_inverted_pendulum/ann_initial_q_dagger_k8_5seeds,distillation_experiments/artifacts/expert_datasets/expert_inverted_pendulum.npz,81.5,False,0.0031748053152114153,0.0028687897138297558,0.005759860388934612,0.031987544149160385,30.921023229995626,30.6406067309872,61.56162996098283,
inverted_pendulum,shared,q_dagger,8,1,True,distillation_experiments/artifacts/repertoires/cgp_feature_inverted_pendulum/ann_initial_q_dagger_k8_5seeds,distillation_experiments/artifacts/repertoires/cgp_feature_inverted_pendulum/ann_initial_q_dagger_k8_5seeds,distillation_experiments/artifacts/expert_datasets/expert_inverted_pendulum.npz,90.20000457763672,False,0.00319746695458889,0.003219372360035777,0.0067833708599209785,0.014757825993001461,28.39248901499377,19.094438105996232,47.48692712099,
inverted_pendulum,shared,q_dagger,8,2,True,distillation_experiments/artifacts/repertoires/cgp_feature_inverted_pendulum/ann_initial_q_dagger_k8_5seeds,distillation_experiments/artifacts/repertoires/cgp_feature_inverted_pendulum/ann_initial_q_dagger_k8_5seeds,distillation_experiments/artifacts/expert_datasets/expert_inverted_pendulum.npz,30.5,False,0.0019066057866439223,0.003724588081240654,0.005686527583748102,0.007076399400830269,33.60001489700517,19.175957571002073,52.77597246800724,
inverted_pendulum,shared,q_dagger,8,3,True,distillation_experiments/artifacts/repertoires/cgp_feature_inverted_pendulum/ann_initial_q_dagger_k8_5seeds,distillation_experiments/artifacts/repertoires/cgp_feature_inverted_pendulum/ann_initial_q_dagger_k8_5seeds,distillation_experiments/artifacts/expert_datasets/expert_inverted_pendulum.npz,250.10000610351562,False,0.002887678798288107,0.0016423212364315987,0.005652581341564655,0.004676470533013344,31.576280916997348,20.50590737699531,52.08218829399266,
inverted_pendulum,shared,q_dagger,8,4,True,distillation_experiments/artifacts/repertoires/cgp_feature_inverted_pendulum/ann_initial_q_dagger_k8_5seeds,distillation_experiments/artifacts/repertoires/cgp_feature_inverted_pendulum/ann_initial_q_dagger_k8_5seeds,distillation_experiments/artifacts/expert_datasets/expert_inverted_pendulum.npz,36.29999923706055,False,0.0018885944737121463,0.0019464557990431786,0.005462163593620062,0.019371189177036285,30.292219540002407,19.31983136299823,49.612050903000636,
inverted_double_pendulum,shared,uniform,8,0,True,distillation_experiments/artifacts/repertoires/cgp_feature_inverted_double_pendulum/ann_teacher_bc_k8_5seeds_gpu,distillation_experiments/artifacts/repertoires/cgp_feature_inverted_double_pendulum/ann_teacher_bc_k8_5seeds_gpu,distillation_experiments/artifacts/expert_datasets/expert_inverted_double_pendulum.npz,347.5858459472656,False,0.0003091014514211565,0.0005756370374001563,0.0003091014514211565,0.0005756370374001563,,,,
inverted_double_pendulum,shared,uniform,8,1,True,distillation_experiments/artifacts/repertoires/cgp_feature_inverted_double_pendulum/ann_teacher_bc_k8_5seeds_gpu,distillation_experiments/artifacts/repertoires/cgp_feature_inverted_double_pendulum/ann_teacher_bc_k8_5seeds_gpu,distillation_experiments/artifacts/expert_datasets/expert_inverted_double_pendulum.npz,9359.1015625,False,0.0003316477232147008,0.00041276661795563996,0.0003316477232147008,0.00041276661795563996,,,,
inverted_double_pendulum,shared,uniform,8,2,True,distillation_experiments/artifacts/repertoires/cgp_feature_inverted_double_pendulum/ann_teacher_bc_k8_5seeds_gpu,distillation_experiments/artifacts/repertoires/cgp_feature_inverted_double_pendulum/ann_teacher_bc_k8_5seeds_gpu,distillation_experiments/artifacts/expert_datasets/expert_inverted_double_pendulum.npz,8628.6982421875,False,0.0002634254051372409,0.0003618891059886664,0.0002634254051372409,0.0003618891059886664,,,,
inverted_double_pendulum,shared,uniform,8,3,True,distillation_experiments/artifacts/repertoires/cgp_feature_inverted_double_pendulum/ann_teacher_bc_k8_5seeds_gpu,distillation_experiments/artifacts/repertoires/cgp_feature_inverted_double_pendulum/ann_teacher_bc_k8_5seeds_gpu,distillation_experiments/artifacts/expert_datasets/expert_inverted_double_pendulum.npz,9354.423828125,False,0.00036825449205935,0.0004338026337791234,0.00036825449205935,0.0004338026337791234,,,,
inverted_double_pendulum,shared,uniform,8,4,True,distillation_experiments/artifacts/repertoires/cgp_feature_inverted_double_pendulum/ann_teacher_bc_k8_5seeds_gpu,distillation_experiments/artifacts/repertoires/cgp_feature_inverted_double_pendulum/ann_teacher_bc_k8_5seeds_gpu,distillation_experiments/artifacts/expert_datasets/expert_inverted_double_pendulum.npz,1021.4149780273438,False,0.0002855297934729606,0.00023047284048516303,0.0002855297934729606,0.00023047284048516303,,,,
inverted_double_pendulum,shared,q_dagger,8,0,True,distillation_experiments/artifacts/repertoires/cgp_feature_inverted_double_pendulum/ann_initial_q_dagger_k8_5seeds,distillation_experiments/artifacts/repertoires/cgp_feature_inverted_double_pendulum/ann_initial_q_dagger_k8_5seeds,distillation_experiments/artifacts/expert_datasets/expert_inverted_double_pendulum.npz,1631.7227783203125,False,0.0005577251431532204,0.0005434151971712708,0.0005769928684458137,0.0006125339423306286,31.73810545000015,34.14904919800756,65.88715464800771,
inverted_double_pendulum,shared,q_dagger,8,1,True,distillation_experiments/artifacts/repertoires/cgp_feature_inverted_double_pendulum/ann_initial_q_dagger_k8_5seeds,distillation_experiments/artifacts/repertoires/cgp_feature_inverted_double_pendulum/ann_initial_q_dagger_k8_5seeds,distillation_experiments/artifacts/expert_datasets/expert_inverted_double_pendulum.npz,8762.6435546875,False,0.00043232724419794977,0.0005824230029247701,0.0006811950006522238,0.0013442604104056954,29.089108701999066,22.59383586299373,51.682944564992795,
inverted_double_pendulum,shared,q_dagger,8,2,True,distillation_experiments/artifacts/repertoires/cgp_feature_inverted_double_pendulum/ann_initial_q_dagger_k8_5seeds,distillation_experiments/artifacts/repertoires/cgp_feature_inverted_double_pendulum/ann_initial_q_dagger_k8_5seeds,distillation_experiments/artifacts/expert_datasets/expert_inverted_double_pendulum.npz,1389.0701904296875,False,0.0004152169858571142,0.0006727689178660512,0.0005364407552406192,0.0012653684243559837,29.59196474700002,22.89683636301197,52.48880111001199,
inverted_double_pendulum,shared,q_dagger,8,3,True,distillation_experiments/artifacts/repertoires/cgp_feature_inverted_double_pendulum/ann_initial_q_dagger_k8_5seeds,distillation_experiments/artifacts/repertoires/cgp_feature_inverted_double_pendulum/ann_initial_q_dagger_k8_5seeds,distillation_experiments/artifacts/expert_datasets/expert_inverted_double_pendulum.npz,700.212646484375,False,0.00036813964834436774,0.0004181366239208728,0.0005739028565585613,0.0011925450526177883,29.16677698699641,23.25062309599889,52.4174000829953,
inverted_double_pendulum,shared,q_dagger,8,4,True,distillation_experiments/artifacts/repertoires/cgp_feature_inverted_double_pendulum/ann_initial_q_dagger_k8_5seeds,distillation_experiments/artifacts/repertoires/cgp_feature_inverted_double_pendulum/ann_initial_q_dagger_k8_5seeds,distillation_experiments/artifacts/expert_datasets/expert_inverted_double_pendulum.npz,925.1408081054688,False,0.0003944838827010244,0.0004779383889399469,0.0005498346872627735,0.000750073988456279,28.993162439001026,22.880265404994134,51.87342784399516,
hopper,shared,uniform,8,0,True,distillation_experiments/artifacts/repertoires/cgp_feature_hopper/ann_initial_uniform_k8_5seeds,distillation_experiments/artifacts/repertoires/cgp_feature_hopper/ann_initial_uniform_k8_5seeds,distillation_experiments/artifacts/expert_datasets/expert_hopper.npz,232.7788848876953,False,0.09167364239692688,0.09181494265794754,0.09167364239692688,0.09181494265794754,37.9714919179969,44.82847288700577,82.79996480500267,
hopper,shared,uniform,8,1,True,distillation_experiments/artifacts/repertoires/cgp_feature_hopper/ann_initial_uniform_k8_5seeds,distillation_experiments/artifacts/repertoires/cgp_feature_hopper/ann_initial_uniform_k8_5seeds,distillation_experiments/artifacts/expert_datasets/expert_hopper.npz,239.17666625976562,False,0.08835116028785706,0.08656459301710129,0.08835116028785706,0.08656459301710129,36.99208638400887,12.883542967989342,49.875629351998214,
hopper,shared,uniform,8,2,True,distillation_experiments/artifacts/repertoires/cgp_feature_hopper/ann_initial_uniform_k8_5seeds,distillation_experiments/artifacts/repertoires/cgp_feature_hopper/ann_initial_uniform_k8_5seeds,distillation_experiments/artifacts/expert_datasets/expert_hopper.npz,244.3941650390625,False,0.09496466815471649,0.09735365957021713,0.09496466815471649,0.09735365957021713,36.35409394498856,13.601775653005461,49.955869597994024,
hopper,shared,uniform,8,3,True,distillation_experiments/artifacts/repertoires/cgp_feature_hopper/ann_initial_uniform_k8_5seeds,distillation_experiments/artifacts/repertoires/cgp_feature_hopper/ann_initial_uniform_k8_5seeds,distillation_experiments/artifacts/expert_datasets/expert_hopper.npz,236.8999481201172,False,0.08913681656122208,0.08985913544893265,0.08913681656122208,0.08985913544893265,35.84589601198968,14.763079461001325,50.608975472991006,
hopper,shared,uniform,8,4,True,distillation_experiments/artifacts/repertoires/cgp_feature_hopper/ann_initial_uniform_k8_5seeds,distillation_experiments/artifacts/repertoires/cgp_feature_hopper/ann_initial_uniform_k8_5seeds,distillation_experiments/artifacts/expert_datasets/expert_hopper.npz,547.3814697265625,False,0.09133470058441162,0.09062660485506058,0.09133470058441162,0.09062660485506058,35.891028395999456,12.41148359599174,48.302511991991196,
hopper,shared,q_dagger,8,0,True,distillation_experiments/artifacts/repertoires/cgp_feature_hopper/ann_initial_q_dagger_k8_5seeds,distillation_experiments/artifacts/repertoires/cgp_feature_hopper/ann_initial_q_dagger_k8_5seeds,distillation_experiments/artifacts/expert_datasets/expert_hopper.npz,145.86322021484375,False,0.09113049507141113,0.09219460934400558,0.08675600588321686,0.08607693761587143,39.57671355899947,43.97253035500762,83.54924391400709,
hopper,shared,q_dagger,8,1,True,distillation_experiments/artifacts/repertoires/cgp_feature_hopper/ann_initial_q_dagger_k8_5seeds,distillation_experiments/artifacts/repertoires/cgp_feature_hopper/ann_initial_q_dagger_k8_5seeds,distillation_experiments/artifacts/expert_datasets/expert_hopper.npz,100.4666748046875,False,0.09474527835845947,0.09287549555301666,0.087887242436409,0.08675992488861084,35.52391432299919,14.807767606995185,50.331681929994375,
hopper,shared,q_dagger,8,2,True,distillation_experiments/artifacts/repertoires/cgp_feature_hopper/ann_initial_q_dagger_k8_5seeds,distillation_experiments/artifacts/repertoires/cgp_feature_hopper/ann_initial_q_dagger_k8_5seeds,distillation_experiments/artifacts/expert_datasets/expert_hopper.npz,88.5869369506836,False,0.0934080258011818,0.09502068907022476,0.08885390311479568,0.0901089683175087,35.005647879996104,13.93917049599986,48.944818375995965,
hopper,shared,q_dagger,8,3,True,distillation_experiments/artifacts/repertoires/cgp_feature_hopper/ann_initial_q_dagger_k8_5seeds,distillation_experiments/artifacts/repertoires/cgp_feature_hopper/ann_initial_q_dagger_k8_5seeds,distillation_experiments/artifacts/expert_datasets/expert_hopper.npz,139.7300567626953,False,0.09181854873895645,0.09329448640346527,0.0891544446349144,0.0899299904704094,36.24444649500947,13.278377765003825,49.522824260013294,
hopper,shared,q_dagger,8,4,True,distillation_experiments/artifacts/repertoires/cgp_feature_hopper/ann_initial_q_dagger_k8_5seeds,distillation_experiments/artifacts/repertoires/cgp_feature_hopper/ann_initial_q_dagger_k8_5seeds,distillation_experiments/artifacts/expert_datasets/expert_hopper.npz,338.560302734375,False,0.09611517935991287,0.09471341222524643,0.09130539745092392,0.08602236956357956,35.71974169500754,15.25480370799778,50.97454540300532,
hopper,independent,uniform,8,0,True,distillation_experiments/artifacts/repertoires/cgp_action_feature_hopper/ann_independent_uniform_k8_5seeds,distillation_experiments/artifacts/repertoires/cgp_action_feature_hopper/ann_independent_uniform_k8_5seeds,distillation_experiments/artifacts/expert_datasets/expert_hopper.npz,1117.9085693359375,False,0.07890352606773376,0.0794372409582138,0.07890352606773376,0.0794372409582138,112.5429734870122,41.23021571600111,153.77318920301332,
hopper,independent,uniform,8,1,True,distillation_experiments/artifacts/repertoires/cgp_action_feature_hopper/ann_independent_uniform_k8_5seeds,distillation_experiments/artifacts/repertoires/cgp_action_feature_hopper/ann_independent_uniform_k8_5seeds,distillation_experiments/artifacts/expert_datasets/expert_hopper.npz,717.3796997070312,False,0.078830786049366,0.07897110283374786,0.078830786049366,0.07897110283374786,109.1383968720038,11.805890895993798,120.9442877679976,
hopper,independent,uniform,8,2,True,distillation_experiments/artifacts/repertoires/cgp_action_feature_hopper/ann_independent_uniform_k8_5seeds,distillation_experiments/artifacts/repertoires/cgp_action_feature_hopper/ann_independent_uniform_k8_5seeds,distillation_experiments/artifacts/expert_datasets/expert_hopper.npz,644.29150390625,False,0.08042381703853607,0.08309251070022583,0.08042381703853607,0.08309251070022583,105.97674625400396,11.285115221995511,117.26186147599947,
hopper,independent,uniform,8,3,True,distillation_experiments/artifacts/repertoires/cgp_action_feature_hopper/ann_independent_uniform_k8_5seeds,distillation_experiments/artifacts/repertoires/cgp_action_feature_hopper/ann_independent_uniform_k8_5seeds,distillation_experiments/artifacts/expert_datasets/expert_hopper.npz,842.21826171875,False,0.08019338548183441,0.08191192895174026,0.08019338548183441,0.08191192895174026,108.97397911798907,14.438045268005226,123.4120243859943,
hopper,independent,uniform,8,4,True,distillation_experiments/artifacts/repertoires/cgp_action_feature_hopper/ann_independent_uniform_k8_5seeds,distillation_experiments/artifacts/repertoires/cgp_action_feature_hopper/ann_independent_uniform_k8_5seeds,distillation_experiments/artifacts/expert_datasets/expert_hopper.npz,100.19738006591797,False,0.08029857277870178,0.07838664948940277,0.08029857277870178,0.07838664948940277,114.77509323299455,12.368788480001967,127.14388171299652,
hopper,independent,q_dagger,8,0,True,distillation_experiments/artifacts/repertoires/cgp_action_feature_hopper/ann_independent_q_dagger_k8_5seeds,distillation_experiments/artifacts/repertoires/cgp_action_feature_hopper/ann_independent_q_dagger_k8_5seeds,distillation_experiments/artifacts/expert_datasets/expert_hopper.npz,672.6415405273438,False,0.08423113077878952,0.08645505458116531,0.07651492208242416,0.08021999150514603,110.58268890000181,44.679075253006886,155.2617641530087,
hopper,independent,q_dagger,8,1,True,distillation_experiments/artifacts/repertoires/cgp_action_feature_hopper/ann_independent_q_dagger_k8_5seeds,distillation_experiments/artifacts/repertoires/cgp_action_feature_hopper/ann_independent_q_dagger_k8_5seeds,distillation_experiments/artifacts/expert_datasets/expert_hopper.npz,237.263427734375,False,0.08106446266174316,0.08205199241638184,0.07274842262268066,0.07468554377555847,107.75964986199688,12.354697086993838,120.11434694899071,
hopper,independent,q_dagger,8,2,True,distillation_experiments/artifacts/repertoires/cgp_action_feature_hopper/ann_independent_q_dagger_k8_5seeds,distillation_experiments/artifacts/repertoires/cgp_action_feature_hopper/ann_independent_q_dagger_k8_5seeds,distillation_experiments/artifacts/expert_datasets/expert_hopper.npz,146.98252868652344,False,0.08458997309207916,0.08623053878545761,0.0775090679526329,0.07828310877084732,107.60900417600351,14.987802500007092,122.5968066760106,
hopper,independent,q_dagger,8,3,True,distillation_experiments/artifacts/repertoires/cgp_action_feature_hopper/ann_independent_q_dagger_k8_5seeds,distillation_experiments/artifacts/repertoires/cgp_action_feature_hopper/ann_independent_q_dagger_k8_5seeds,distillation_experiments/artifacts/expert_datasets/expert_hopper.npz,220.9109649658203,False,0.08333317935466766,0.08661041408777237,0.07315423339605331,0.07490622252225876,110.71256461599842,11.955799774994375,122.66836439099279,
hopper,independent,q_dagger,8,4,True,distillation_experiments/artifacts/repertoires/cgp_action_feature_hopper/ann_independent_q_dagger_k8_5seeds,distillation_experiments/artifacts/repertoires/cgp_action_feature_hopper/ann_independent_q_dagger_k8_5seeds,distillation_experiments/artifacts/expert_datasets/expert_hopper.npz,265.3728942871094,False,0.08223260939121246,0.0819411426782608,0.07485264539718628,0.07055621594190598,111.00224464999337,12.512895312000182,123.51513996199355,
walker2d,shared,uniform,8,0,True,distillation_experiments/artifacts/repertoires/cgp_feature_walker2d/ann_initial_uniform_k8_5seeds,distillation_experiments/artifacts/repertoires/cgp_feature_walker2d/ann_initial_uniform_k8_5seeds,distillation_experiments/artifacts/expert_datasets/expert_walker2d.npz,36.60163497924805,True,0.14993435144424438,0.1578943431377411,0.14993435144424438,0.1578943431377411,51.35912764900422,51.67225413500273,103.03138178400695,
walker2d,shared,uniform,8,1,True,distillation_experiments/artifacts/repertoires/cgp_feature_walker2d/ann_initial_uniform_k8_5seeds,distillation_experiments/artifacts/repertoires/cgp_feature_walker2d/ann_initial_uniform_k8_5seeds,distillation_experiments/artifacts/expert_datasets/expert_walker2d.npz,242.1899871826172,False,0.1586134135723114,0.1606990396976471,0.1586134135723114,0.1606990396976471,38.32488097800524,14.017417490002117,52.34229846800736,
walker2d,shared,uniform,8,2,True,distillation_experiments/artifacts/repertoires/cgp_feature_walker2d/ann_initial_uniform_k8_5seeds,distillation_experiments/artifacts/repertoires/cgp_feature_walker2d/ann_initial_uniform_k8_5seeds,distillation_experiments/artifacts/expert_datasets/expert_walker2d.npz,1.8320763111114502,False,0.15395604074001312,0.1547485589981079,0.15395604074001312,0.1547485589981079,39.72421941399807,16.68256541500159,56.40678482899966,
walker2d,shared,uniform,8,3,True,distillation_experiments/artifacts/repertoires/cgp_feature_walker2d/ann_initial_uniform_k8_5seeds,distillation_experiments/artifacts/repertoires/cgp_feature_walker2d/ann_initial_uniform_k8_5seeds,distillation_experiments/artifacts/expert_datasets/expert_walker2d.npz,0.8587972521781921,False,0.15759170055389404,0.15323787927627563,0.15759170055389404,0.15323787927627563,38.16308173000289,16.51209150798968,54.67517323799257,
walker2d,shared,uniform,8,4,True,distillation_experiments/artifacts/repertoires/cgp_feature_walker2d/ann_initial_uniform_k8_5seeds,distillation_experiments/artifacts/repertoires/cgp_feature_walker2d/ann_initial_uniform_k8_5seeds,distillation_experiments/artifacts/expert_datasets/expert_walker2d.npz,42.53571701049805,False,0.15657825767993927,0.15286535024642944,0.15657825767993927,0.15286535024642944,39.4489513879962,17.348680840994348,56.79763222899055,
walker2d,shared,q_dagger,8,0,True,distillation_experiments/artifacts/repertoires/cgp_feature_walker2d/ann_initial_q_dagger_k8_5seeds,distillation_experiments/artifacts/repertoires/cgp_feature_walker2d/ann_initial_q_dagger_k8_5seeds,distillation_experiments/artifacts/expert_datasets/expert_walker2d.npz,-2.309870958328247,False,0.167537659406662,0.17362113296985626,0.13565479218959808,0.1405872255563736,41.2602584730048,54.913757121001254,96.17401559400605,
walker2d,shared,q_dagger,8,1,True,distillation_experiments/artifacts/repertoires/cgp_feature_walker2d/ann_initial_q_dagger_k8_5seeds,distillation_experiments/artifacts/repertoires/cgp_feature_walker2d/ann_initial_q_dagger_k8_5seeds,distillation_experiments/artifacts/expert_datasets/expert_walker2d.npz,43.45667266845703,True,0.1736638993024826,0.1773110181093216,0.14417876303195953,0.15155021846294403,37.43177681299858,16.548297512999852,53.98007432599843,
walker2d,shared,q_dagger,8,2,True,distillation_experiments/artifacts/repertoires/cgp_feature_walker2d/ann_initial_q_dagger_k8_5seeds,distillation_experiments/artifacts/repertoires/cgp_feature_walker2d/ann_initial_q_dagger_k8_5seeds,distillation_experiments/artifacts/expert_datasets/expert_walker2d.npz,34.35152816772461,False,0.1641414761543274,0.1663227677345276,0.14335548877716064,0.1471806764602661,37.91138248000061,16.70175787700282,54.61314035700343,
walker2d,shared,q_dagger,8,3,True,distillation_experiments/artifacts/repertoires/cgp_feature_walker2d/ann_initial_q_dagger_k8_5seeds,distillation_experiments/artifacts/repertoires/cgp_feature_walker2d/ann_initial_q_dagger_k8_5seeds,distillation_experiments/artifacts/expert_datasets/expert_walker2d.npz,6.433630466461182,False,0.17453409731388092,0.1691344678401947,0.1449204534292221,0.13992419838905334,38.16092111199396,15.237082423001993,53.39800353499595,
walker2d,shared,q_dagger,8,4,True,distillation_experiments/artifacts/repertoires/cgp_feature_walker2d/ann_initial_q_dagger_k8_5seeds,distillation_experiments/artifacts/repertoires/cgp_feature_walker2d/ann_initial_q_dagger_k8_5seeds,distillation_experiments/artifacts/expert_datasets/expert_walker2d.npz,47.51908493041992,False,0.16779367625713348,0.16756321489810944,0.1432386338710785,0.14241592586040497,38.210148536003544,13.794934677003766,52.00508321300731,
walker2d,independent,uniform,8,0,True,distillation_experiments/artifacts/repertoires/cgp_action_feature_walker2d/ann_independent_uniform_k8_5seeds,distillation_experiments/artifacts/repertoires/cgp_action_feature_walker2d/ann_independent_uniform_k8_5seeds,distillation_experiments/artifacts/expert_datasets/expert_walker2d.npz,54.75265121459961,False,0.11605049669742584,0.12207853049039841,0.11605049669742584,0.12207853049039841,201.48272114699648,50.19269047799753,251.675411624994,
walker2d,independent,uniform,8,1,True,distillation_experiments/artifacts/repertoires/cgp_action_feature_walker2d/ann_independent_uniform_k8_5seeds,distillation_experiments/artifacts/repertoires/cgp_action_feature_walker2d/ann_independent_uniform_k8_5seeds,distillation_experiments/artifacts/expert_datasets/expert_walker2d.npz,65.15251922607422,False,0.11670038849115372,0.11977088451385498,0.11670038849115372,0.11977088451385498,214.99864306399832,12.050442986990674,227.049086050989,
walker2d,independent,uniform,8,2,True,distillation_experiments/artifacts/repertoires/cgp_action_feature_walker2d/ann_independent_uniform_k8_5seeds,distillation_experiments/artifacts/repertoires/cgp_action_feature_walker2d/ann_independent_uniform_k8_5seeds,distillation_experiments/artifacts/expert_datasets/expert_walker2d.npz,54.39809036254883,False,0.11048297584056854,0.11016529053449631,0.11048297584056854,0.11016529053449631,216.91207677300554,11.90500827600772,228.81708504901326,
walker2d,independent,uniform,8,3,True,distillation_experiments/artifacts/repertoires/cgp_action_feature_walker2d/ann_independent_uniform_k8_5seeds,distillation_experiments/artifacts/repertoires/cgp_action_feature_walker2d/ann_independent_uniform_k8_5seeds,distillation_experiments/artifacts/expert_datasets/expert_walker2d.npz,80.47490692138672,False,0.11119504272937775,0.10673531889915466,0.11119504272937775,0.10673531889915466,197.14384092600085,13.272186555986991,210.41602748198784,
walker2d,independent,uniform,8,4,True,distillation_experiments/artifacts/repertoires/cgp_action_feature_walker2d/ann_independent_uniform_k8_5seeds,distillation_experiments/artifacts/repertoires/cgp_action_feature_walker2d/ann_independent_uniform_k8_5seeds,distillation_experiments/artifacts/expert_datasets/expert_walker2d.npz,126.09111785888672,False,0.11579512804746628,0.11543401330709457,0.11579512804746628,0.11543401330709457,203.73488201599685,10.528767999989213,214.26365001598606,
walker2d,independent,q_dagger,8,0,True,distillation_experiments/artifacts/repertoires/cgp_action_feature_walker2d/ann_independent_q_dagger_k8_5seeds,distillation_experiments/artifacts/repertoires/cgp_action_feature_walker2d/ann_independent_q_dagger_k8_5seeds,distillation_experiments/artifacts/expert_datasets/expert_walker2d.npz,4.501985549926758,False,0.12731949985027313,0.12992051243782043,0.09804223477840424,0.09965494275093079,192.20744446100434,47.23248751999927,239.4399319810036,
walker2d,independent,q_dagger,8,1,True,distillation_experiments/artifacts/repertoires/cgp_action_feature_walker2d/ann_independent_q_dagger_k8_5seeds,distillation_experiments/artifacts/repertoires/cgp_action_feature_walker2d/ann_independent_q_dagger_k8_5seeds,distillation_experiments/artifacts/expert_datasets/expert_walker2d.npz,170.95062255859375,False,0.12729360163211823,0.13121391832828522,0.10275227576494217,0.10802850872278214,196.41702631799853,12.79627602500841,209.21330234300694,
walker2d,independent,q_dagger,8,2,True,distillation_experiments/artifacts/repertoires/cgp_action_feature_walker2d/ann_independent_q_dagger_k8_5seeds,distillation_experiments/artifacts/repertoires/cgp_action_feature_walker2d/ann_independent_q_dagger_k8_5seeds,distillation_experiments/artifacts/expert_datasets/expert_walker2d.npz,158.02113342285156,False,0.1248968169093132,0.12228114902973175,0.10052314400672913,0.09748353809118271,197.13906382300775,10.86638524501177,208.00544906801952,
walker2d,independent,q_dagger,8,3,True,distillation_experiments/artifacts/repertoires/cgp_action_feature_walker2d/ann_independent_q_dagger_k8_5seeds,distillation_experiments/artifacts/repertoires/cgp_action_feature_walker2d/ann_independent_q_dagger_k8_5seeds,distillation_experiments/artifacts/expert_datasets/expert_walker2d.npz,79.82530212402344,False,0.12468314915895462,0.1226276233792305,0.10042945295572281,0.09596160054206848,192.54399300798832,14.056781056002364,206.60077406399068,
walker2d,independent,q_dagger,8,4,True,distillation_experiments/artifacts/repertoires/cgp_action_feature_walker2d/ann_independent_q_dagger_k8_5seeds,distillation_experiments/artifacts/repertoires/cgp_action_feature_walker2d/ann_independent_q_dagger_k8_5seeds,distillation_experiments/artifacts/expert_datasets/expert_walker2d.npz,203.310546875,False,0.12553033232688904,0.12526574730873108,0.10200346261262894,0.10241623222827911,195.2571817709977,12.538560633998713,207.79574240499642,
inverted_pendulum,shared,uniform,1,0,False,distillation_experiments/artifacts/repertoires/ann_feature_sensitivity_5seeds/runs/cgp_feature_inverted_pendulum/shared_uniform_k1_seed0,distillation_experiments/artifacts/repertoires/cgp_feature_inverted_pendulum/ann_initial_uniform_k8_5seeds,distillation_experiments/artifacts/expert_datasets/expert_inverted_pendulum.npz,41.60000228881836,False,0.002536145970225334,0.002277381019666791,0.002536145970225334,0.002277381019666791,28.279129953996744,31.890078305004863,60.16920825900161,76.13260909900418
inverted_pendulum,shared,uniform,1,1,False,distillation_experiments/artifacts/repertoires/ann_feature_sensitivity_5seeds/runs/cgp_feature_inverted_pendulum/shared_uniform_k1_seed1,distillation_experiments/artifacts/repertoires/cgp_feature_inverted_pendulum/ann_initial_uniform_k8_5seeds,distillation_experiments/artifacts/expert_datasets/expert_inverted_pendulum.npz,393.8000183105469,False,0.002954956144094467,0.0028132665902376175,0.002954956144094467,0.0028132665902376175,39.86373268099851,35.347672213974874,75.21140489497338,93.87707294899155
inverted_pendulum,shared,uniform,1,2,False,distillation_experiments/artifacts/repertoires/ann_feature_sensitivity_5seeds/runs/cgp_feature_inverted_pendulum/shared_uniform_k1_seed2,distillation_experiments/artifacts/repertoires/cgp_feature_inverted_pendulum/ann_initial_uniform_k8_5seeds,distillation_experiments/artifacts/expert_datasets/expert_inverted_pendulum.npz,1000.0,False,0.0020475082565099,0.0026455167680978775,0.0020475082565099,0.0026455167680978775,37.925545206002425,34.967598867980996,72.89314407398342,97.49232625501463
inverted_pendulum,shared,uniform,1,3,False,distillation_experiments/artifacts/repertoires/ann_feature_sensitivity_5seeds/runs/cgp_feature_inverted_pendulum/shared_uniform_k1_seed3,distillation_experiments/artifacts/repertoires/cgp_feature_inverted_pendulum/ann_initial_uniform_k8_5seeds,distillation_experiments/artifacts/expert_datasets/expert_inverted_pendulum.npz,338.3000183105469,False,0.0029432750307023525,0.002339073922485113,0.0029432750307023525,0.002339073922485113,38.47728556400398,34.29409276199294,72.77137832599692,94.90950699898531
inverted_pendulum,shared,uniform,1,4,False,distillation_experiments/artifacts/repertoires/ann_feature_sensitivity_5seeds/runs/cgp_feature_inverted_pendulum/shared_uniform_k1_seed4,distillation_experiments/artifacts/repertoires/cgp_feature_inverted_pendulum/ann_initial_uniform_k8_5seeds,distillation_experiments/artifacts/expert_datasets/expert_inverted_pendulum.npz,806.2000122070312,False,0.00243074307218194,0.0030850351322442293,0.00243074307218194,0.0030850351322442293,37.96512375501334,34.222477169998456,72.1876009250118,93.8180229270074
inverted_pendulum,shared,q_dagger,1,0,False,distillation_experiments/artifacts/repertoires/ann_feature_sensitivity_5seeds/runs/cgp_feature_inverted_pendulum/shared_q_dagger_k1_seed0,distillation_experiments/artifacts/repertoires/cgp_feature_inverted_pendulum/ann_initial_q_dagger_k8_5seeds,distillation_experiments/artifacts/expert_datasets/expert_inverted_pendulum.npz,7.0,False,0.00562196783721447,0.00485153729096055,0.026032496243715286,0.03451256826519966,35.866955378995044,33.96649352001259,69.83344889900764,94.36555212200619
inverted_pendulum,shared,q_dagger,1,1,False,distillation_experiments/artifacts/repertoires/ann_feature_sensitivity_5seeds/runs/cgp_feature_inverted_pendulum/shared_q_dagger_k1_seed1,distillation_experiments/artifacts/repertoires/cgp_feature_inverted_pendulum/ann_initial_q_dagger_k8_5seeds,distillation_experiments/artifacts/expert_datasets/expert_inverted_pendulum.npz,12.699999809265137,False,0.012418665923178196,0.01585450954735279,0.03168751299381256,0.03456181287765503,34.06173851600033,33.43519332099822,67.49693183699856,90.26655480402405
inverted_pendulum,shared,q_dagger,1,2,False,distillation_experiments/artifacts/repertoires/ann_feature_sensitivity_5seeds/runs/cgp_feature_inverted_pendulum/shared_q_dagger_k1_seed2,distillation_experiments/artifacts/repertoires/cgp_feature_inverted_pendulum/ann_initial_q_dagger_k8_5seeds,distillation_experiments/artifacts/expert_datasets/expert_inverted_pendulum.npz,39.0,False,0.007116750348359346,0.009208339266479015,0.01580490544438362,0.019663145765662193,36.85147819301346,35.594228349014884,72.44570654202835,94.00804718499421
inverted_pendulum,shared,q_dagger,1,3,False,distillation_experiments/artifacts/repertoires/ann_feature_sensitivity_5seeds/runs/cgp_feature_inverted_pendulum/shared_q_dagger_k1_seed3,distillation_experiments/artifacts/repertoires/cgp_feature_inverted_pendulum/ann_initial_q_dagger_k8_5seeds,distillation_experiments/artifacts/expert_datasets/expert_inverted_pendulum.npz,13.5,False,0.007443643175065517,0.006123462691903114,0.016269240528345108,0.035287171602249146,38.83830084998044,33.796310871024616,72.63461172100506,89.19244028598769
inverted_pendulum,shared,q_dagger,1,4,False,distillation_experiments/artifacts/repertoires/ann_feature_sensitivity_5seeds/runs/cgp_feature_inverted_pendulum/shared_q_dagger_k1_seed4,distillation_experiments/artifacts/repertoires/cgp_feature_inverted_pendulum/ann_initial_q_dagger_k8_5seeds,distillation_experiments/artifacts/expert_datasets/expert_inverted_pendulum.npz,12.0,False,0.004139705095440149,0.004396516364067793,0.01680001989006996,0.05393538996577263,38.42851578799309,32.14298220697674,70.57149799496983,87.5226886709861
inverted_double_pendulum,shared,uniform,1,0,True,distillation_experiments/artifacts/repertoires/cgp_feature_inverted_double_pendulum/ann_teacher_bc_k1_sensitivity_5seeds_gpu,distillation_experiments/artifacts/repertoires/cgp_feature_inverted_double_pendulum/ann_teacher_bc_k8_5seeds_gpu,distillation_experiments/artifacts/expert_datasets/expert_inverted_double_pendulum.npz,778.955078125,False,0.0009476133855059743,0.0008277984452433884,0.0009476133855059743,0.0008277984452433884,35.38649235199773,35.7249289020001,71.11142125399783,
inverted_double_pendulum,shared,uniform,1,1,True,distillation_experiments/artifacts/repertoires/cgp_feature_inverted_double_pendulum/ann_teacher_bc_k1_sensitivity_5seeds_gpu,distillation_experiments/artifacts/repertoires/cgp_feature_inverted_double_pendulum/ann_teacher_bc_k8_5seeds_gpu,distillation_experiments/artifacts/expert_datasets/expert_inverted_double_pendulum.npz,1857.5604248046875,False,0.0012488021748140454,0.0013375368434935808,0.0012488021748140454,0.0013375368434935808,31.326566529998672,25.862997661999543,57.189564191998215,
inverted_double_pendulum,shared,uniform,1,2,True,distillation_experiments/artifacts/repertoires/cgp_feature_inverted_double_pendulum/ann_teacher_bc_k1_sensitivity_5seeds_gpu,distillation_experiments/artifacts/repertoires/cgp_feature_inverted_double_pendulum/ann_teacher_bc_k8_5seeds_gpu,distillation_experiments/artifacts/expert_datasets/expert_inverted_double_pendulum.npz,1089.5565185546875,False,0.0006589103722944856,0.0009062108001671731,0.0006589103722944856,0.0009062108001671731,31.352137686997594,24.12840638399939,55.480544070996984,
inverted_double_pendulum,shared,uniform,1,3,True,distillation_experiments/artifacts/repertoires/cgp_feature_inverted_double_pendulum/ann_teacher_bc_k1_sensitivity_5seeds_gpu,distillation_experiments/artifacts/repertoires/cgp_feature_inverted_double_pendulum/ann_teacher_bc_k8_5seeds_gpu,distillation_experiments/artifacts/expert_datasets/expert_inverted_double_pendulum.npz,884.5123901367188,False,0.0015462683513760567,0.0009822695283219218,0.0015462683513760567,0.0009822695283219218,32.89195436800219,24.42350434400214,57.31545871200433,
inverted_double_pendulum,shared,uniform,1,4,True,distillation_experiments/artifacts/repertoires/cgp_feature_inverted_double_pendulum/ann_teacher_bc_k1_sensitivity_5seeds_gpu,distillation_experiments/artifacts/repertoires/cgp_feature_inverted_double_pendulum/ann_teacher_bc_k8_5seeds_gpu,distillation_experiments/artifacts/expert_datasets/expert_inverted_double_pendulum.npz,777.3919067382812,False,0.001093134400434792,0.0011000302620232105,0.001093134400434792,0.0011000302620232105,32.26305497100111,23.973922494998988,56.2369774660001,
inverted_double_pendulum,shared,q_dagger,1,0,False,distillation_experiments/artifacts/repertoires/ann_feature_sensitivity_5seeds/runs/cgp_feature_inverted_double_pendulum/shared_q_dagger_k1_seed0,distillation_experiments/artifacts/repertoires/cgp_feature_inverted_double_pendulum/ann_initial_q_dagger_k8_5seeds,distillation_experiments/artifacts/expert_datasets/expert_inverted_double_pendulum.npz,711.9508056640625,False,0.0008823474054224789,0.0008187943021766841,0.0012818027753382921,0.001381358248181641,35.426739369984716,34.868199377000565,70.29493874698528,88.2629817740235
inverted_double_pendulum,shared,q_dagger,1,1,False,distillation_experiments/artifacts/repertoires/ann_feature_sensitivity_5seeds/runs/cgp_feature_inverted_double_pendulum/shared_q_dagger_k1_seed1,distillation_experiments/artifacts/repertoires/cgp_feature_inverted_double_pendulum/ann_initial_q_dagger_k8_5seeds,distillation_experiments/artifacts/expert_datasets/expert_inverted_double_pendulum.npz,1542.666259765625,False,0.0014170323265716434,0.0014617822598665953,0.0016149861039593816,0.0020723941270262003,32.58772198299994,34.46459344599862,67.05231542899855,84.99534985699574
inverted_double_pendulum,shared,q_dagger,1,2,False,distillation_experiments/artifacts/repertoires/ann_feature_sensitivity_5seeds/runs/cgp_feature_inverted_double_pendulum/shared_q_dagger_k1_seed2,distillation_experiments/artifacts/repertoires/cgp_feature_inverted_double_pendulum/ann_initial_q_dagger_k8_5seeds,distillation_experiments/artifacts/expert_datasets/expert_inverted_double_pendulum.npz,3990.20703125,False,0.0006971153197810054,0.0009537949808873236,0.0009790603071451187,0.0010840828763321042,31.87791310698958,35.63690196900279,67.51481507599237,84.70732347900048
inverted_double_pendulum,shared,q_dagger,1,3,False,distillation_experiments/artifacts/repertoires/ann_feature_sensitivity_5seeds/runs/cgp_feature_inverted_double_pendulum/shared_q_dagger_k1_seed3,distillation_experiments/artifacts/repertoires/cgp_feature_inverted_double_pendulum/ann_initial_q_dagger_k8_5seeds,distillation_experiments/artifacts/expert_datasets/expert_inverted_double_pendulum.npz,1850.2366943359375,False,0.0012369600590318441,0.00076677231118083,0.0014530480839312077,0.0012073245598003268,30.809131411020644,33.41737805798766,64.2265094690083,80.87563477500225
inverted_double_pendulum,shared,q_dagger,1,4,False,distillation_experiments/artifacts/repertoires/ann_feature_sensitivity_5seeds/runs/cgp_feature_inverted_double_pendulum/shared_q_dagger_k1_seed4,distillation_experiments/artifacts/repertoires/cgp_feature_inverted_double_pendulum/ann_initial_q_dagger_k8_5seeds,distillation_experiments/artifacts/expert_datasets/expert_inverted_double_pendulum.npz,3053.39697265625,False,0.0010049239499494433,0.0008472952758893371,0.0013042327482253313,0.0010430628899484873,37.13285605900455,33.75149970399798,70.88435576300253,92.55963841700577
hopper,shared,uniform,1,0,False,distillation_experiments/artifacts/repertoires/ann_feature_sensitivity_5seeds/runs/cgp_feature_hopper/shared_uniform_k1_seed0,distillation_experiments/artifacts/repertoires/cgp_feature_hopper/ann_initial_uniform_k8_5seeds,distillation_experiments/artifacts/expert_datasets/expert_hopper.npz,27.74195671081543,False,0.12960074841976166,0.12464995682239532,0.12960073351860046,0.12464995682239532,38.34193043099367,41.41829106400837,79.76022149500204,113.55128101300215
hopper,shared,uniform,1,1,False,distillation_experiments/artifacts/repertoires/ann_feature_sensitivity_5seeds/runs/cgp_feature_hopper/shared_uniform_k1_seed1,distillation_experiments/artifacts/repertoires/cgp_feature_hopper/ann_initial_uniform_k8_5seeds,distillation_experiments/artifacts/expert_datasets/expert_hopper.npz,42.2386589050293,False,0.12209638953208923,0.12259668856859207,0.12209638953208923,0.12259668856859207,39.17413264498464,43.01281223498518,82.18694487996981,117.18990258401027
hopper,shared,uniform,1,2,False,distillation_experiments/artifacts/repertoires/ann_feature_sensitivity_5seeds/runs/cgp_feature_hopper/shared_uniform_k1_seed2,distillation_experiments/artifacts/repertoires/cgp_feature_hopper/ann_initial_uniform_k8_5seeds,distillation_experiments/artifacts/expert_datasets/expert_hopper.npz,39.4457893371582,False,0.1297733336687088,0.131308451294899,0.1297733336687088,0.131308451294899,37.460488440003246,44.850149958976544,82.31063839897979,116.44638612601557
hopper,shared,uniform,1,3,False,distillation_experiments/artifacts/repertoires/ann_feature_sensitivity_5seeds/runs/cgp_feature_hopper/shared_uniform_k1_seed3,distillation_experiments/artifacts/repertoires/cgp_feature_hopper/ann_initial_uniform_k8_5seeds,distillation_experiments/artifacts/expert_datasets/expert_hopper.npz,34.21583557128906,False,0.12308873236179352,0.12323016673326492,0.12308873236179352,0.12323016673326492,38.99110190401552,42.93096559800324,81.92206750201876,119.77217019899399
hopper,shared,uniform,1,4,False,distillation_experiments/artifacts/repertoires/ann_feature_sensitivity_5seeds/runs/cgp_feature_hopper/shared_uniform_k1_seed4,distillation_experiments/artifacts/repertoires/cgp_feature_hopper/ann_initial_uniform_k8_5seeds,distillation_experiments/artifacts/expert_datasets/expert_hopper.npz,33.54892349243164,False,0.12885506451129913,0.1257910579442978,0.12885506451129913,0.1257910579442978,39.245925280993106,37.637195477000205,76.88312075799331,113.96488500101259
hopper,shared,q_dagger,1,0,False,distillation_experiments/artifacts/repertoires/ann_feature_sensitivity_5seeds/runs/cgp_feature_hopper/shared_q_dagger_k1_seed0,distillation_experiments/artifacts/repertoires/cgp_feature_hopper/ann_initial_q_dagger_k8_5seeds,distillation_experiments/artifacts/expert_datasets/expert_hopper.npz,5.411484718322754,False,0.13211020827293396,0.12823283672332764,0.14170564711093903,0.13397841155529022,36.01663147000363,37.40960818500025,73.42623965500388,109.6350998779817
hopper,shared,q_dagger,1,1,False,distillation_experiments/artifacts/repertoires/ann_feature_sensitivity_5seeds/runs/cgp_feature_hopper/shared_q_dagger_k1_seed1,distillation_experiments/artifacts/repertoires/cgp_feature_hopper/ann_initial_q_dagger_k8_5seeds,distillation_experiments/artifacts/expert_datasets/expert_hopper.npz,40.723201751708984,False,0.13921873271465302,0.1358821988105774,0.14499226212501526,0.14406323432922363,35.59733763500117,37.612392918003025,73.20973055300419,104.51585580501705
hopper,shared,q_dagger,1,2,False,distillation_experiments/artifacts/repertoires/ann_feature_sensitivity_5seeds/runs/cgp_feature_hopper/shared_q_dagger_k1_seed2,distillation_experiments/artifacts/repertoires/cgp_feature_hopper/ann_initial_q_dagger_k8_5seeds,distillation_experiments/artifacts/expert_datasets/expert_hopper.npz,38.6561393737793,False,0.1318628340959549,0.13302099704742432,0.14176850020885468,0.14023396372795105,35.01365320599871,37.62084613801562,72.63449934401433,104.64391358901048
hopper,shared,q_dagger,1,3,False,distillation_experiments/artifacts/repertoires/ann_feature_sensitivity_5seeds/runs/cgp_feature_hopper/shared_q_dagger_k1_seed3,distillation_experiments/artifacts/repertoires/cgp_feature_hopper/ann_initial_q_dagger_k8_5seeds,distillation_experiments/artifacts/expert_datasets/expert_hopper.npz,27.609933853149414,False,0.126359760761261,0.1272372454404831,0.13568520545959473,0.13351596891880035,33.70031298598042,36.408716486999765,70.10902947298018,101.95169162400998
hopper,shared,q_dagger,1,4,False,distillation_experiments/artifacts/repertoires/ann_feature_sensitivity_5seeds/runs/cgp_feature_hopper/shared_q_dagger_k1_seed4,distillation_experiments/artifacts/repertoires/cgp_feature_hopper/ann_initial_q_dagger_k8_5seeds,distillation_experiments/artifacts/expert_datasets/expert_hopper.npz,24.26850700378418,False,0.13346810638904572,0.12900228798389435,0.1474030762910843,0.1382896900177002,30.281814696994843,37.527285171992844,67.80909986898769,98.34017943998333
hopper,independent,uniform,1,0,False,distillation_experiments/artifacts/repertoires/ann_feature_sensitivity_5seeds/runs/cgp_action_feature_hopper/independent_uniform_k1_seed0,distillation_experiments/artifacts/repertoires/cgp_action_feature_hopper/ann_independent_uniform_k8_5seeds,distillation_experiments/artifacts/expert_datasets/expert_hopper.npz,185.2700653076172,False,0.11546112596988678,0.11396695673465729,0.11546112596988678,0.11396695673465729,89.62724395198165,35.789553673006594,125.41679762498825,159.5264730549825
hopper,independent,uniform,1,1,False,distillation_experiments/artifacts/repertoires/ann_feature_sensitivity_5seeds/runs/cgp_action_feature_hopper/independent_uniform_k1_seed1,distillation_experiments/artifacts/repertoires/cgp_action_feature_hopper/ann_independent_uniform_k8_5seeds,distillation_experiments/artifacts/expert_datasets/expert_hopper.npz,85.00545501708984,False,0.11007605493068695,0.10771559923887253,0.11007605493068695,0.10771559923887253,97.63653457799228,39.94832641299581,137.5848609909881,170.61785996699473
hopper,independent,uniform,1,2,False,distillation_experiments/artifacts/repertoires/ann_feature_sensitivity_5seeds/runs/cgp_action_feature_hopper/independent_uniform_k1_seed2,distillation_experiments/artifacts/repertoires/cgp_action_feature_hopper/ann_independent_uniform_k8_5seeds,distillation_experiments/artifacts/expert_datasets/expert_hopper.npz,76.77108764648438,False,0.12047602236270905,0.12150685489177704,0.12047602236270905,0.12150685489177704,105.36319487201399,44.640024733002065,150.00321960501606,190.0309310029843
hopper,independent,uniform,1,3,False,distillation_experiments/artifacts/repertoires/ann_feature_sensitivity_5seeds/runs/cgp_action_feature_hopper/independent_uniform_k1_seed3,distillation_experiments/artifacts/repertoires/cgp_action_feature_hopper/ann_independent_uniform_k8_5seeds,distillation_experiments/artifacts/expert_datasets/expert_hopper.npz,82.99762725830078,False,0.11562732607126236,0.11757515370845795,0.11562732607126236,0.11757515370845795,103.751498239988,44.034196638996946,147.78569487898494,187.0985422200174
hopper,independent,uniform,1,4,False,distillation_experiments/artifacts/repertoires/ann_feature_sensitivity_5seeds/runs/cgp_action_feature_hopper/independent_uniform_k1_seed4,distillation_experiments/artifacts/repertoires/cgp_action_feature_hopper/ann_independent_uniform_k8_5seeds,distillation_experiments/artifacts/expert_datasets/expert_hopper.npz,49.53126907348633,False,0.11172603070735931,0.10915011912584305,0.11172603070735931,0.10915011912584305,100.34835645501153,44.004575658007525,144.35293211301905,181.14827932202024
hopper,independent,q_dagger,1,0,False,distillation_experiments/artifacts/repertoires/ann_feature_sensitivity_5seeds/runs/cgp_action_feature_hopper/independent_q_dagger_k1_seed0,distillation_experiments/artifacts/repertoires/cgp_action_feature_hopper/ann_independent_q_dagger_k8_5seeds,distillation_experiments/artifacts/expert_datasets/expert_hopper.npz,159.5865936279297,False,0.11467397212982178,0.11122580617666245,0.1091054379940033,0.10244227945804596,103.72215260600206,41.028893523005536,144.7510461290076,181.75716453100904
hopper,independent,q_dagger,1,1,False,distillation_experiments/artifacts/repertoires/ann_feature_sensitivity_5seeds/runs/cgp_action_feature_hopper/independent_q_dagger_k1_seed1,distillation_experiments/artifacts/repertoires/cgp_action_feature_hopper/ann_independent_q_dagger_k8_5seeds,distillation_experiments/artifacts/expert_datasets/expert_hopper.npz,81.05780792236328,False,0.11672086268663406,0.11938958615064621,0.10832348465919495,0.11252982169389725,98.9990264030057,39.47262758901343,138.47165399201913,176.32089488001657
hopper,independent,q_dagger,1,2,False,distillation_experiments/artifacts/repertoires/ann_feature_sensitivity_5seeds/runs/cgp_action_feature_hopper/independent_q_dagger_k1_seed2,distillation_experiments/artifacts/repertoires/cgp_action_feature_hopper/ann_independent_q_dagger_k8_5seeds,distillation_experiments/artifacts/expert_datasets/expert_hopper.npz,81.6268310546875,False,0.11134295165538788,0.11337246745824814,0.10819066315889359,0.10793635994195938,96.45277322700713,37.511898041004315,133.96467126801144,171.41444456399768
hopper,independent,q_dagger,1,3,False,distillation_experiments/artifacts/repertoires/ann_feature_sensitivity_5seeds/runs/cgp_action_feature_hopper/independent_q_dagger_k1_seed3,distillation_experiments/artifacts/repertoires/cgp_action_feature_hopper/ann_independent_q_dagger_k8_5seeds,distillation_experiments/artifacts/expert_datasets/expert_hopper.npz,18.91670036315918,False,0.11391989141702652,0.11516547203063965,0.10851242393255234,0.10918126255273819,93.63328118997742,38.05688891900354,131.69017010898096,164.99449162598467
hopper,independent,q_dagger,1,4,False,distillation_experiments/artifacts/repertoires/ann_feature_sensitivity_5seeds/runs/cgp_action_feature_hopper/independent_q_dagger_k1_seed4,distillation_experiments/artifacts/repertoires/cgp_action_feature_hopper/ann_independent_q_dagger_k8_5seeds,distillation_experiments/artifacts/expert_datasets/expert_hopper.npz,12.766528129577637,False,0.12439541518688202,0.1216399222612381,0.12033610790967941,0.11609482020139694,83.47927160200197,36.58017730599386,120.05944890799583,154.05830752800102
walker2d,shared,uniform,1,0,False,distillation_experiments/artifacts/repertoires/ann_feature_sensitivity_5seeds/runs/cgp_feature_walker2d/shared_uniform_k1_seed0,distillation_experiments/artifacts/repertoires/cgp_feature_walker2d/ann_initial_uniform_k8_5seeds,distillation_experiments/artifacts/expert_datasets/expert_walker2d.npz,36.72067642211914,False,0.23160867393016815,0.23681482672691345,0.23160867393016815,0.23681482672691345,33.695132886990905,40.53109173299163,74.22622461998253,110.419762651989
walker2d,shared,uniform,1,1,False,distillation_experiments/artifacts/repertoires/ann_feature_sensitivity_5seeds/runs/cgp_feature_walker2d/shared_uniform_k1_seed1,distillation_experiments/artifacts/repertoires/cgp_feature_walker2d/ann_initial_uniform_k8_5seeds,distillation_experiments/artifacts/expert_datasets/expert_walker2d.npz,35.06447982788086,False,0.2423142045736313,0.24522501230239868,0.2423142045736313,0.24522501230239868,30.405705229990417,42.13424658801523,72.53995181800565,108.98856541697751
walker2d,shared,uniform,1,2,False,distillation_experiments/artifacts/repertoires/ann_feature_sensitivity_5seeds/runs/cgp_feature_walker2d/shared_uniform_k1_seed2,distillation_experiments/artifacts/repertoires/cgp_feature_walker2d/ann_initial_uniform_k8_5seeds,distillation_experiments/artifacts/expert_datasets/expert_walker2d.npz,41.26591110229492,False,0.24254174530506134,0.24748842418193817,0.24254174530506134,0.24748842418193817,32.56245102797402,40.98180806200253,73.54425908997655,108.79927557701012
walker2d,shared,uniform,1,3,False,distillation_experiments/artifacts/repertoires/ann_feature_sensitivity_5seeds/runs/cgp_feature_walker2d/shared_uniform_k1_seed3,distillation_experiments/artifacts/repertoires/cgp_feature_walker2d/ann_initial_uniform_k8_5seeds,distillation_experiments/artifacts/expert_datasets/expert_walker2d.npz,37.54665756225586,False,0.23837588727474213,0.234038844704628,0.23837588727474213,0.234038844704628,31.23289519100217,41.28499005699996,72.51788524800213,106.9366579069756
walker2d,shared,uniform,1,4,False,distillation_experiments/artifacts/repertoires/ann_feature_sensitivity_5seeds/runs/cgp_feature_walker2d/shared_uniform_k1_seed4,distillation_experiments/artifacts/repertoires/cgp_feature_walker2d/ann_initial_uniform_k8_5seeds,distillation_experiments/artifacts/expert_datasets/expert_walker2d.npz,9.354592323303223,False,0.24467864632606506,0.23952607810497284,0.24467866122722626,0.23952607810497284,32.55840199199156,40.130422795016784,72.68882478700834,106.4546226930106
walker2d,shared,q_dagger,1,0,False,distillation_experiments/artifacts/repertoires/ann_feature_sensitivity_5seeds/runs/cgp_feature_walker2d/shared_q_dagger_k1_seed0,distillation_experiments/artifacts/repertoires/cgp_feature_walker2d/ann_initial_q_dagger_k8_5seeds,distillation_experiments/artifacts/expert_datasets/expert_walker2d.npz,6.11264181137085,False,0.2499668449163437,0.2503603398799896,0.22134746611118317,0.22065366804599762,34.3614092959906,41.56462661901605,75.92603591500665,111.880387237994
walker2d,shared,q_dagger,1,1,False,distillation_experiments/artifacts/repertoires/ann_feature_sensitivity_5seeds/runs/cgp_feature_walker2d/shared_q_dagger_k1_seed1,distillation_experiments/artifacts/repertoires/cgp_feature_walker2d/ann_initial_q_dagger_k8_5seeds,distillation_experiments/artifacts/expert_datasets/expert_walker2d.npz,19.156272888183594,False,0.2574871778488159,0.2602457106113434,0.22305859625339508,0.22861343622207642,31.96860394399846,41.100393143016845,73.0689970870153,106.90313600498484
walker2d,shared,q_dagger,1,2,False,distillation_experiments/artifacts/repertoires/ann_feature_sensitivity_5seeds/runs/cgp_feature_walker2d/shared_q_dagger_k1_seed2,distillation_experiments/artifacts/repertoires/cgp_feature_walker2d/ann_initial_q_dagger_k8_5seeds,distillation_experiments/artifacts/expert_datasets/expert_walker2d.npz,15.025530815124512,False,0.2672120928764343,0.26487496495246887,0.22731231153011322,0.22474361956119537,32.943902740982594,40.867530398012605,73.8114331389952,107.79502641997533
walker2d,shared,q_dagger,1,3,False,distillation_experiments/artifacts/repertoires/ann_feature_sensitivity_5seeds/runs/cgp_feature_walker2d/shared_q_dagger_k1_seed3,distillation_experiments/artifacts/repertoires/cgp_feature_walker2d/ann_initial_q_dagger_k8_5seeds,distillation_experiments/artifacts/expert_datasets/expert_walker2d.npz,16.61237144470215,False,0.2514394521713257,0.24569416046142578,0.2188444435596466,0.2111576497554779,32.21997227999964,39.97267143000499,72.19264371000463,106.36593953802367
walker2d,shared,q_dagger,1,4,False,distillation_experiments/artifacts/repertoires/ann_feature_sensitivity_5seeds/runs/cgp_feature_walker2d/shared_q_dagger_k1_seed4,distillation_experiments/artifacts/repertoires/cgp_feature_walker2d/ann_initial_q_dagger_k8_5seeds,distillation_experiments/artifacts/expert_datasets/expert_walker2d.npz,2.2491631507873535,False,0.24573896825313568,0.24385188519954681,0.22046983242034912,0.22143197059631348,31.365540194994537,41.269633051997516,72.63517324699205,106.87482262201956
walker2d,independent,uniform,1,0,False,distillation_experiments/artifacts/repertoires/ann_feature_sensitivity_5seeds/runs/cgp_action_feature_walker2d/independent_uniform_k1_seed0,distillation_experiments/artifacts/repertoires/cgp_action_feature_walker2d/ann_independent_uniform_k8_5seeds,distillation_experiments/artifacts/expert_datasets/expert_walker2d.npz,25.218748092651367,False,0.1806478202342987,0.18828119337558746,0.1806478202342987,0.18828119337558746,171.3107407380012,43.68361588998232,214.9943566279835,254.0471740810026
walker2d,independent,uniform,1,1,False,distillation_experiments/artifacts/repertoires/ann_feature_sensitivity_5seeds/runs/cgp_action_feature_walker2d/independent_uniform_k1_seed1,distillation_experiments/artifacts/repertoires/cgp_action_feature_walker2d/ann_independent_uniform_k8_5seeds,distillation_experiments/artifacts/expert_datasets/expert_walker2d.npz,13.110623359680176,False,0.18939396739006042,0.18890517950057983,0.18939396739006042,0.18890517950057983,172.27608175898786,42.379457213013666,214.65553897200152,251.37995022098767
walker2d,independent,uniform,1,2,False,distillation_experiments/artifacts/repertoires/ann_feature_sensitivity_5seeds/runs/cgp_action_feature_walker2d/independent_uniform_k1_seed2,distillation_experiments/artifacts/repertoires/cgp_action_feature_walker2d/ann_independent_uniform_k8_5seeds,distillation_experiments/artifacts/expert_datasets/expert_walker2d.npz,53.19373321533203,False,0.18356899917125702,0.1843162626028061,0.18356899917125702,0.1843162626028061,170.4194957750151,40.60156938599539,211.02106516101048,247.04088038700866
walker2d,independent,uniform,1,3,False,distillation_experiments/artifacts/repertoires/ann_feature_sensitivity_5seeds/runs/cgp_action_feature_walker2d/independent_uniform_k1_seed3,distillation_experiments/artifacts/repertoires/cgp_action_feature_walker2d/ann_independent_uniform_k8_5seeds,distillation_experiments/artifacts/expert_datasets/expert_walker2d.npz,39.78940963745117,False,0.18453679978847504,0.17897845804691315,0.18453679978847504,0.17897845804691315,171.67785612100852,42.104331367008854,213.78218748801737,251.84368849900784
walker2d,independent,uniform,1,4,False,distillation_experiments/artifacts/repertoires/ann_feature_sensitivity_5seeds/runs/cgp_action_feature_walker2d/independent_uniform_k1_seed4,distillation_experiments/artifacts/repertoires/cgp_action_feature_walker2d/ann_independent_uniform_k8_5seeds,distillation_experiments/artifacts/expert_datasets/expert_walker2d.npz,44.054107666015625,False,0.184146910905838,0.17904019355773926,0.184146910905838,0.17904019355773926,172.14549105099286,43.01736127899494,215.1628523299878,252.50192312299623
walker2d,independent,q_dagger,1,0,False,distillation_experiments/artifacts/repertoires/ann_feature_sensitivity_5seeds/runs/cgp_action_feature_walker2d/independent_q_dagger_k1_seed0,distillation_experiments/artifacts/repertoires/cgp_action_feature_walker2d/ann_independent_q_dagger_k8_5seeds,distillation_experiments/artifacts/expert_datasets/expert_walker2d.npz,32.59896469116211,False,0.20811967551708221,0.2139265388250351,0.1679176539182663,0.17101538181304932,170.35795298899757,48.33436321999761,218.69231620899518,259.27591761699296
walker2d,independent,q_dagger,1,1,False,distillation_experiments/artifacts/repertoires/ann_feature_sensitivity_5seeds/runs/cgp_action_feature_walker2d/independent_q_dagger_k1_seed1,distillation_experiments/artifacts/repertoires/cgp_action_feature_walker2d/ann_independent_q_dagger_k8_5seeds,distillation_experiments/artifacts/expert_datasets/expert_walker2d.npz,46.646671295166016,False,0.2068820297718048,0.20592506229877472,0.17595358192920685,0.17860296368598938,199.09921955200844,49.935658139002044,249.03487769101048,296.4915544940159
walker2d,independent,q_dagger,1,2,False,distillation_experiments/artifacts/repertoires/ann_feature_sensitivity_5seeds/runs/cgp_action_feature_walker2d/independent_q_dagger_k1_seed2,distillation_experiments/artifacts/repertoires/cgp_action_feature_walker2d/ann_independent_q_dagger_k8_5seeds,distillation_experiments/artifacts/expert_datasets/expert_walker2d.npz,5.135346412658691,False,0.19791869819164276,0.19741950929164886,0.16986073553562164,0.16522732377052307,203.7189248490031,44.476945766975405,248.1958706159785,289.39095452500624
walker2d,independent,q_dagger,1,3,False,distillation_experiments/artifacts/repertoires/ann_feature_sensitivity_5seeds/runs/cgp_action_feature_walker2d/independent_q_dagger_k1_seed3,distillation_experiments/artifacts/repertoires/cgp_action_feature_walker2d/ann_independent_q_dagger_k8_5seeds,distillation_experiments/artifacts/expert_datasets/expert_walker2d.npz,6.616186618804932,False,0.19191507995128632,0.18919062614440918,0.15560853481292725,0.15177398920059204,186.4681175930018,43.11681767401751,229.58493526701932,269.3537116710213
walker2d,independent,q_dagger,1,4,False,distillation_experiments/artifacts/repertoires/ann_feature_sensitivity_5seeds/runs/cgp_action_feature_walker2d/independent_q_dagger_k1_seed4,distillation_experiments/artifacts/repertoires/cgp_action_feature_walker2d/ann_independent_q_dagger_k8_5seeds,distillation_experiments/artifacts/expert_datasets/expert_walker2d.npz,4.561175346374512,False,0.19997598230838776,0.19747613370418549,0.16919338703155518,0.17145156860351562,197.3900646000111,48.39290297898697,245.78296757899807,287.48361730002216
inverted_pendulum,shared,uniform,2,0,False,distillation_experiments/artifacts/repertoires/ann_feature_sensitivity_5seeds/runs/cgp_feature_inverted_pendulum/shared_uniform_k2_seed0,distillation_experiments/artifacts/repertoires/cgp_feature_inverted_pendulum/ann_initial_uniform_k8_5seeds,distillation_experiments/artifacts/expert_datasets/expert_inverted_pendulum.npz,1000.0,False,0.001974434358999133,0.0017542860005050898,0.001974434358999133,0.0017542860005050898,38.05507244198816,32.985996189003345,71.0410686309915,93.55071567499544
inverted_pendulum,shared,uniform,2,1,False,distillation_experiments/artifacts/repertoires/ann_feature_sensitivity_5seeds/runs/cgp_feature_inverted_pendulum/shared_uniform_k2_seed1,distillation_experiments/artifacts/repertoires/cgp_feature_inverted_pendulum/ann_initial_uniform_k8_5seeds,distillation_experiments/artifacts/expert_datasets/expert_inverted_pendulum.npz,1000.0,False,0.002327762311324477,0.0021021009888499975,0.002327762311324477,0.0021021009888499975,35.84802129698801,32.56740582501516,68.41542712200317,91.48284508101642
inverted_pendulum,shared,uniform,2,2,False,distillation_experiments/artifacts/repertoires/ann_feature_sensitivity_5seeds/runs/cgp_feature_inverted_pendulum/shared_uniform_k2_seed2,distillation_experiments/artifacts/repertoires/cgp_feature_inverted_pendulum/ann_initial_uniform_k8_5seeds,distillation_experiments/artifacts/expert_datasets/expert_inverted_pendulum.npz,1000.0,False,0.0018633066210895777,0.002457692287862301,0.0018633066210895777,0.002457692287862301,36.218374165997375,34.0040730110195,70.22244717701687,93.58131607397809
inverted_pendulum,shared,uniform,2,3,False,distillation_experiments/artifacts/repertoires/ann_feature_sensitivity_5seeds/runs/cgp_feature_inverted_pendulum/shared_uniform_k2_seed3,distillation_experiments/artifacts/repertoires/cgp_feature_inverted_pendulum/ann_initial_uniform_k8_5seeds,distillation_experiments/artifacts/expert_datasets/expert_inverted_pendulum.npz,164.90000915527344,False,0.0024583216290920973,0.0026581755373626947,0.0024583216290920973,0.0026581755373626947,37.25576688800356,29.884693227009848,67.14046011501341,88.0252575269842
inverted_pendulum,shared,uniform,2,4,False,distillation_experiments/artifacts/repertoires/ann_feature_sensitivity_5seeds/runs/cgp_feature_inverted_pendulum/shared_uniform_k2_seed4,distillation_experiments/artifacts/repertoires/cgp_feature_inverted_pendulum/ann_initial_uniform_k8_5seeds,distillation_experiments/artifacts/expert_datasets/expert_inverted_pendulum.npz,45.29999923706055,False,0.001995623577386141,0.0027521851006895304,0.001995623577386141,0.0027521851006895304,36.00346668099519,33.71898485798738,69.72245153898257,90.10845110801165
inverted_pendulum,shared,q_dagger,2,0,False,distillation_experiments/artifacts/repertoires/ann_feature_sensitivity_5seeds/runs/cgp_feature_inverted_pendulum/shared_q_dagger_k2_seed0,distillation_experiments/artifacts/repertoires/cgp_feature_inverted_pendulum/ann_initial_q_dagger_k8_5seeds,distillation_experiments/artifacts/expert_datasets/expert_inverted_pendulum.npz,60.400001525878906,False,0.00332514732144773,0.0030246477108448744,0.02006676234304905,0.032858170568943024,34.834287441015476,30.820702806988265,65.65499024800374,85.1194827639847
inverted_pendulum,shared,q_dagger,2,1,False,distillation_experiments/artifacts/repertoires/ann_feature_sensitivity_5seeds/runs/cgp_feature_inverted_pendulum/shared_q_dagger_k2_seed1,distillation_experiments/artifacts/repertoires/cgp_feature_inverted_pendulum/ann_initial_q_dagger_k8_5seeds,distillation_experiments/artifacts/expert_datasets/expert_inverted_pendulum.npz,67.70000457763672,False,0.0045751226134598255,0.005195691250264645,0.025549184530973434,0.021539000794291496,33.407801645982545,30.563542699004756,63.9713443449873,79.39196435199119
inverted_pendulum,shared,q_dagger,2,2,False,distillation_experiments/artifacts/repertoires/ann_feature_sensitivity_5seeds/runs/cgp_feature_inverted_pendulum/shared_q_dagger_k2_seed2,distillation_experiments/artifacts/repertoires/cgp_feature_inverted_pendulum/ann_initial_q_dagger_k8_5seeds,distillation_experiments/artifacts/expert_datasets/expert_inverted_pendulum.npz,68.0,False,0.002231478923931718,0.004192010033875704,0.010510887950658798,0.015803257003426552,33.656716519006295,30.329839367012028,63.98655588601832,83.1488505450252
inverted_pendulum,shared,q_dagger,2,3,False,distillation_experiments/artifacts/repertoires/ann_feature_sensitivity_5seeds/runs/cgp_feature_inverted_pendulum/shared_q_dagger_k2_seed3,distillation_experiments/artifacts/repertoires/cgp_feature_inverted_pendulum/ann_initial_q_dagger_k8_5seeds,distillation_experiments/artifacts/expert_datasets/expert_inverted_pendulum.npz,5.200000286102295,False,0.007720550987869501,0.004602063912898302,0.01907481998205185,0.023320013657212257,37.74155110801803,29.999695564009016,67.74124667202705,88.46558299899334
inverted_pendulum,shared,q_dagger,2,4,False,distillation_experiments/artifacts/repertoires/ann_feature_sensitivity_5seeds/runs/cgp_feature_inverted_pendulum/shared_q_dagger_k2_seed4,distillation_experiments/artifacts/repertoires/cgp_feature_inverted_pendulum/ann_initial_q_dagger_k8_5seeds,distillation_experiments/artifacts/expert_datasets/expert_inverted_pendulum.npz,4.800000190734863,False,0.006429803557693958,0.006049173418432474,0.014497513882815838,0.05805456265807152,38.48542110301787,33.79391115499311,72.27933225801098,91.90608569400501
inverted_double_pendulum,shared,uniform,2,0,True,distillation_experiments/artifacts/repertoires/cgp_feature_inverted_double_pendulum/ann_teacher_bc_k2_sensitivity_5seeds_gpu,distillation_experiments/artifacts/repertoires/cgp_feature_inverted_double_pendulum/ann_teacher_bc_k8_5seeds_gpu,distillation_experiments/artifacts/expert_datasets/expert_inverted_double_pendulum.npz,1884.932861328125,False,0.000684100785292685,0.0005344451637938619,0.000684100785292685,0.0005344451637938619,34.51734476000274,36.67945285099995,71.1967976110027,
inverted_double_pendulum,shared,uniform,2,1,True,distillation_experiments/artifacts/repertoires/cgp_feature_inverted_double_pendulum/ann_teacher_bc_k2_sensitivity_5seeds_gpu,distillation_experiments/artifacts/repertoires/cgp_feature_inverted_double_pendulum/ann_teacher_bc_k8_5seeds_gpu,distillation_experiments/artifacts/expert_datasets/expert_inverted_double_pendulum.npz,1191.39453125,False,0.0011052883928641677,0.0012577989837154746,0.0011052883928641677,0.0012577989837154746,31.766325626998878,24.55125204000069,56.31757766699957,
inverted_double_pendulum,shared,uniform,2,2,True,distillation_experiments/artifacts/repertoires/cgp_feature_inverted_double_pendulum/ann_teacher_bc_k2_sensitivity_5seeds_gpu,distillation_experiments/artifacts/repertoires/cgp_feature_inverted_double_pendulum/ann_teacher_bc_k8_5seeds_gpu,distillation_experiments/artifacts/expert_datasets/expert_inverted_double_pendulum.npz,2699.5673828125,False,0.0004986215499229729,0.0006908910581842065,0.0004986215499229729,0.0006908910581842065,31.453317356998014,25.908455185999628,57.36177254299764,
inverted_double_pendulum,shared,uniform,2,3,True,distillation_experiments/artifacts/repertoires/cgp_feature_inverted_double_pendulum/ann_teacher_bc_k2_sensitivity_5seeds_gpu,distillation_experiments/artifacts/repertoires/cgp_feature_inverted_double_pendulum/ann_teacher_bc_k8_5seeds_gpu,distillation_experiments/artifacts/expert_datasets/expert_inverted_double_pendulum.npz,1920.8414306640625,False,0.0010948670096695423,0.000584159221034497,0.0010948670096695423,0.000584159221034497,32.26349478300108,24.726650558000983,56.99014534100206,
inverted_double_pendulum,shared,uniform,2,4,True,distillation_experiments/artifacts/repertoires/cgp_feature_inverted_double_pendulum/ann_teacher_bc_k2_sensitivity_5seeds_gpu,distillation_experiments/artifacts/repertoires/cgp_feature_inverted_double_pendulum/ann_teacher_bc_k8_5seeds_gpu,distillation_experiments/artifacts/expert_datasets/expert_inverted_double_pendulum.npz,364.61529541015625,False,0.0005901329568587244,0.0006010942743159831,0.0005901329568587244,0.0006010942743159831,31.88640154300083,24.27353765800217,56.159939201003,
inverted_double_pendulum,shared,q_dagger,2,0,False,distillation_experiments/artifacts/repertoires/ann_feature_sensitivity_5seeds/runs/cgp_feature_inverted_double_pendulum/shared_q_dagger_k2_seed0,distillation_experiments/artifacts/repertoires/cgp_feature_inverted_double_pendulum/ann_initial_q_dagger_k8_5seeds,distillation_experiments/artifacts/expert_datasets/expert_inverted_double_pendulum.npz,614.298095703125,False,0.0008156689582392573,0.0008654840639792383,0.0010257544927299023,0.0012616579188033938,36.68198371800827,35.225684531003935,71.9076682490122,92.17423655698076
inverted_double_pendulum,shared,q_dagger,2,1,False,distillation_experiments/artifacts/repertoires/ann_feature_sensitivity_5seeds/runs/cgp_feature_inverted_double_pendulum/shared_q_dagger_k2_seed1,distillation_experiments/artifacts/repertoires/cgp_feature_inverted_double_pendulum/ann_initial_q_dagger_k8_5seeds,distillation_experiments/artifacts/expert_datasets/expert_inverted_double_pendulum.npz,1078.7049560546875,False,0.001092551276087761,0.0013132201274856925,0.0012311618775129318,0.0017583986045792699,36.64650323498063,35.3109760619991,71.95747929697973,92.80353691999335
inverted_double_pendulum,shared,q_dagger,2,2,False,distillation_experiments/artifacts/repertoires/ann_feature_sensitivity_5seeds/runs/cgp_feature_inverted_double_pendulum/shared_q_dagger_k2_seed2,distillation_experiments/artifacts/repertoires/cgp_feature_inverted_double_pendulum/ann_initial_q_dagger_k8_5seeds,distillation_experiments/artifacts/expert_datasets/expert_inverted_double_pendulum.npz,2461.563232421875,False,0.0006956345168873668,0.0009278797078877687,0.0009908259380608797,0.0011589642381295562,35.68875668299734,33.284866670001065,68.9736233529984,89.22140319799655
inverted_double_pendulum,shared,q_dagger,2,3,False,distillation_experiments/artifacts/repertoires/ann_feature_sensitivity_5seeds/runs/cgp_feature_inverted_double_pendulum/shared_q_dagger_k2_seed3,distillation_experiments/artifacts/repertoires/cgp_feature_inverted_double_pendulum/ann_initial_q_dagger_k8_5seeds,distillation_experiments/artifacts/expert_datasets/expert_inverted_double_pendulum.npz,1049.212890625,False,0.0011479490203782916,0.000682881916873157,0.0012487166095525026,0.0010915194870904088,34.710213204001775,37.769658331992105,72.47987153599388,91.50799156798166
inverted_double_pendulum,shared,q_dagger,2,4,False,distillation_experiments/artifacts/repertoires/ann_feature_sensitivity_5seeds/runs/cgp_feature_inverted_double_pendulum/shared_q_dagger_k2_seed4,distillation_experiments/artifacts/repertoires/cgp_feature_inverted_double_pendulum/ann_initial_q_dagger_k8_5seeds,distillation_experiments/artifacts/expert_datasets/expert_inverted_double_pendulum.npz,1230.4168701171875,False,0.0008820422226563096,0.0006967566441744566,0.0011176156112924218,0.000784722447860986,33.35533229098655,35.83174354798393,69.18707583897049,88.59570763798547
hopper,shared,uniform,2,0,False,distillation_experiments/artifacts/repertoires/ann_feature_sensitivity_5seeds/runs/cgp_feature_hopper/shared_uniform_k2_seed0,distillation_experiments/artifacts/repertoires/cgp_feature_hopper/ann_initial_uniform_k8_5seeds,distillation_experiments/artifacts/expert_datasets/expert_hopper.npz,116.47855377197266,False,0.11349514126777649,0.11148468405008316,0.11349514126777649,0.11148468405008316,33.6388956180017,41.223616480012424,74.86251209801412,112.62477830701391
hopper,shared,uniform,2,1,False,distillation_experiments/artifacts/repertoires/ann_feature_sensitivity_5seeds/runs/cgp_feature_hopper/shared_uniform_k2_seed1,distillation_experiments/artifacts/repertoires/cgp_feature_hopper/ann_initial_uniform_k8_5seeds,distillation_experiments/artifacts/expert_datasets/expert_hopper.npz,11.99714183807373,False,0.11850707232952118,0.11963040381669998,0.11850707232952118,0.11963040381669998,39.743485390994465,41.83458149799844,81.57806688899291,118.11621668000589
hopper,shared,uniform,2,2,False,distillation_experiments/artifacts/repertoires/ann_feature_sensitivity_5seeds/runs/cgp_feature_hopper/shared_uniform_k2_seed2,distillation_experiments/artifacts/repertoires/cgp_feature_hopper/ann_initial_uniform_k8_5seeds,distillation_experiments/artifacts/expert_datasets/expert_hopper.npz,24.188291549682617,False,0.11910036951303482,0.12115824222564697,0.11910036951303482,0.12115824222564697,37.63590173900593,41.17529084999114,78.81119258899707,117.25218144399696
hopper,shared,uniform,2,3,False,distillation_experiments/artifacts/repertoires/ann_feature_sensitivity_5seeds/runs/cgp_feature_hopper/shared_uniform_k2_seed3,distillation_experiments/artifacts/repertoires/cgp_feature_hopper/ann_initial_uniform_k8_5seeds,distillation_experiments/artifacts/expert_datasets/expert_hopper.npz,19.284303665161133,False,0.12422020733356476,0.12145095318555832,0.12422020733356476,0.12145095318555832,37.26538575699669,43.981728685001144,81.24711444199784,120.08178346199566
hopper,shared,uniform,2,4,False,distillation_experiments/artifacts/repertoires/ann_feature_sensitivity_5seeds/runs/cgp_feature_hopper/shared_uniform_k2_seed4,distillation_experiments/artifacts/repertoires/cgp_feature_hopper/ann_initial_uniform_k8_5seeds,distillation_experiments/artifacts/expert_datasets/expert_hopper.npz,40.92372131347656,False,0.11692946404218674,0.11379395425319672,0.11692946404218674,0.11379395425319672,37.898393549985485,43.34119887801353,81.23959242799901,120.87667719001183
hopper,shared,q_dagger,2,0,False,distillation_experiments/artifacts/repertoires/ann_feature_sensitivity_5seeds/runs/cgp_feature_hopper/shared_q_dagger_k2_seed0,distillation_experiments/artifacts/repertoires/cgp_feature_hopper/ann_initial_q_dagger_k8_5seeds,distillation_experiments/artifacts/expert_datasets/expert_hopper.npz,7.414962291717529,False,0.12702158093452454,0.12633207440376282,0.12987567484378815,0.12752322852611542,38.101566253986675,39.91734106198419,78.01890731597086,118.34144256499712
hopper,shared,q_dagger,2,1,False,distillation_experiments/artifacts/repertoires/ann_feature_sensitivity_5seeds/runs/cgp_feature_hopper/shared_q_dagger_k2_seed1,distillation_experiments/artifacts/repertoires/cgp_feature_hopper/ann_initial_q_dagger_k8_5seeds,distillation_experiments/artifacts/expert_datasets/expert_hopper.npz,30.464893341064453,False,0.11141667515039444,0.11138466000556946,0.11757384985685349,0.11859381943941116,37.3657215879939,42.48664826498134,79.85236985297524,118.62819749501068
hopper,shared,q_dagger,2,2,False,distillation_experiments/artifacts/repertoires/ann_feature_sensitivity_5seeds/runs/cgp_feature_hopper/shared_q_dagger_k2_seed2,distillation_experiments/artifacts/repertoires/cgp_feature_hopper/ann_initial_q_dagger_k8_5seeds,distillation_experiments/artifacts/expert_datasets/expert_hopper.npz,6.248805999755859,False,0.12608779966831207,0.1258600801229477,0.12725830078125,0.1256648749113083,41.46184107899899,40.471518780017504,81.93335985901649,120.95411203999538
hopper,shared,q_dagger,2,3,False,distillation_experiments/artifacts/repertoires/ann_feature_sensitivity_5seeds/runs/cgp_feature_hopper/shared_q_dagger_k2_seed3,distillation_experiments/artifacts/repertoires/cgp_feature_hopper/ann_initial_q_dagger_k8_5seeds,distillation_experiments/artifacts/expert_datasets/expert_hopper.npz,16.203859329223633,False,0.12337155640125275,0.12304286658763885,0.1281408816576004,0.12348858267068863,39.73991001400282,43.381143635022454,83.12105364902527,119.92698152200319
hopper,shared,q_dagger,2,4,False,distillation_experiments/artifacts/repertoires/ann_feature_sensitivity_5seeds/runs/cgp_feature_hopper/shared_q_dagger_k2_seed4,distillation_experiments/artifacts/repertoires/cgp_feature_hopper/ann_initial_q_dagger_k8_5seeds,distillation_experiments/artifacts/expert_datasets/expert_hopper.npz,21.46628761291504,False,0.12639757990837097,0.12625423073768616,0.13016381859779358,0.1261172741651535,40.16708561498672,42.516938818997005,82.68402443398372,119.89630480200867
hopper,independent,uniform,2,0,False,distillation_experiments/artifacts/repertoires/ann_feature_sensitivity_5seeds/runs/cgp_action_feature_hopper/independent_uniform_k2_seed0,distillation_experiments/artifacts/repertoires/cgp_action_feature_hopper/ann_independent_uniform_k8_5seeds,distillation_experiments/artifacts/expert_datasets/expert_hopper.npz,317.1179504394531,False,0.10439012199640274,0.10308182239532471,0.10439012199640274,0.10308182239532471,106.89060672099004,42.491324679984245,149.38193140097428,190.930309044983
hopper,independent,uniform,2,1,False,distillation_experiments/artifacts/repertoires/ann_feature_sensitivity_5seeds/runs/cgp_action_feature_hopper/independent_uniform_k2_seed1,distillation_experiments/artifacts/repertoires/cgp_action_feature_hopper/ann_independent_uniform_k8_5seeds,distillation_experiments/artifacts/expert_datasets/expert_hopper.npz,535.7741088867188,False,0.09812890738248825,0.09804171323776245,0.09812890738248825,0.09804171323776245,107.27038413300761,43.292610753996996,150.5629948870046,189.07998180302093
hopper,independent,uniform,2,2,False,distillation_experiments/artifacts/repertoires/ann_feature_sensitivity_5seeds/runs/cgp_action_feature_hopper/independent_uniform_k2_seed2,distillation_experiments/artifacts/repertoires/cgp_action_feature_hopper/ann_independent_uniform_k8_5seeds,distillation_experiments/artifacts/expert_datasets/expert_hopper.npz,273.2475280761719,False,0.10301556438207626,0.10569195449352264,0.10301556438207626,0.10569195449352264,105.69758317898959,44.96968213800574,150.66726531699533,190.34349597699475
hopper,independent,uniform,2,3,False,distillation_experiments/artifacts/repertoires/ann_feature_sensitivity_5seeds/runs/cgp_action_feature_hopper/independent_uniform_k2_seed3,distillation_experiments/artifacts/repertoires/cgp_action_feature_hopper/ann_independent_uniform_k8_5seeds,distillation_experiments/artifacts/expert_datasets/expert_hopper.npz,173.95713806152344,False,0.10150530189275742,0.10065305233001709,0.10150530189275742,0.10065305233001709,104.8767137210234,43.251832824986195,148.1285465460096,188.72603357798653
hopper,independent,uniform,2,4,False,distillation_experiments/artifacts/repertoires/ann_feature_sensitivity_5seeds/runs/cgp_action_feature_hopper/independent_uniform_k2_seed4,distillation_experiments/artifacts/repertoires/cgp_action_feature_hopper/ann_independent_uniform_k8_5seeds,distillation_experiments/artifacts/expert_datasets/expert_hopper.npz,16.02362060546875,False,0.10553610324859619,0.10312403738498688,0.10553610324859619,0.10312403738498688,101.0449703480117,38.31176077501732,139.35673112302902,179.93831680199946
hopper,independent,q_dagger,2,0,False,distillation_experiments/artifacts/repertoires/ann_feature_sensitivity_5seeds/runs/cgp_action_feature_hopper/independent_q_dagger_k2_seed0,distillation_experiments/artifacts/repertoires/cgp_action_feature_hopper/ann_independent_q_dagger_k8_5seeds,distillation_experiments/artifacts/expert_datasets/expert_hopper.npz,238.77001953125,False,0.10816662758588791,0.10712972283363342,0.10602108389139175,0.10093230754137039,102.94130990098347,41.479598825011635,144.4209087259951,185.65171644301154
hopper,independent,q_dagger,2,1,False,distillation_experiments/artifacts/repertoires/ann_feature_sensitivity_5seeds/runs/cgp_action_feature_hopper/independent_q_dagger_k2_seed1,distillation_experiments/artifacts/repertoires/cgp_action_feature_hopper/ann_independent_q_dagger_k8_5seeds,distillation_experiments/artifacts/expert_datasets/expert_hopper.npz,21.83769416809082,False,0.10129173845052719,0.09982471168041229,0.09779858589172363,0.09723486751317978,106.18139665099443,43.41641842399258,149.597815074987,186.80470148500171
hopper,independent,q_dagger,2,2,False,distillation_experiments/artifacts/repertoires/ann_feature_sensitivity_5seeds/runs/cgp_action_feature_hopper/independent_q_dagger_k2_seed2,distillation_experiments/artifacts/repertoires/cgp_action_feature_hopper/ann_independent_q_dagger_k8_5seeds,distillation_experiments/artifacts/expert_datasets/expert_hopper.npz,70.16150665283203,False,0.10517475754022598,0.10583411902189255,0.10301230102777481,0.1041862815618515,99.05757965298835,40.162250594992656,139.219830247981,172.92728495097253
hopper,independent,q_dagger,2,3,False,distillation_experiments/artifacts/repertoires/ann_feature_sensitivity_5seeds/runs/cgp_action_feature_hopper/independent_q_dagger_k2_seed3,distillation_experiments/artifacts/repertoires/cgp_action_feature_hopper/ann_independent_q_dagger_k8_5seeds,distillation_experiments/artifacts/expert_datasets/expert_hopper.npz,254.3411865234375,False,0.10490883141756058,0.10622504353523254,0.10047223418951035,0.09906061738729477,100.73847180500161,42.39539089801838,143.13386270302,178.60869985600584
hopper,independent,q_dagger,2,4,False,distillation_experiments/artifacts/repertoires/ann_feature_sensitivity_5seeds/runs/cgp_action_feature_hopper/independent_q_dagger_k2_seed4,distillation_experiments/artifacts/repertoires/cgp_action_feature_hopper/ann_independent_q_dagger_k8_5seeds,distillation_experiments/artifacts/expert_datasets/expert_hopper.npz,25.185022354125977,False,0.10637503117322922,0.1050814837217331,0.09966489672660828,0.09581971913576126,98.79241172000184,45.21349355400889,144.00590527401073,179.86161223301315
walker2d,shared,uniform,2,0,False,distillation_experiments/artifacts/repertoires/ann_feature_sensitivity_5seeds/runs/cgp_feature_walker2d/shared_uniform_k2_seed0,distillation_experiments/artifacts/repertoires/cgp_feature_walker2d/ann_initial_uniform_k8_5seeds,distillation_experiments/artifacts/expert_datasets/expert_walker2d.npz,42.59872055053711,False,0.21618066728115082,0.22086201608181,0.21618066728115082,0.22086201608181,35.72216704397579,42.9344942389871,78.65666128296289,117.87574233999476
walker2d,shared,uniform,2,1,False,distillation_experiments/artifacts/repertoires/ann_feature_sensitivity_5seeds/runs/cgp_feature_walker2d/shared_uniform_k2_seed1,distillation_experiments/artifacts/repertoires/cgp_feature_walker2d/ann_initial_uniform_k8_5seeds,distillation_experiments/artifacts/expert_datasets/expert_walker2d.npz,27.98542594909668,False,0.21679674088954926,0.21832658350467682,0.21679674088954926,0.21832658350467682,32.99063515299349,41.220732392015634,74.21136754500913,110.36251446299138
walker2d,shared,uniform,2,2,False,distillation_experiments/artifacts/repertoires/ann_feature_sensitivity_5seeds/runs/cgp_feature_walker2d/shared_uniform_k2_seed2,distillation_experiments/artifacts/repertoires/cgp_feature_walker2d/ann_initial_uniform_k8_5seeds,distillation_experiments/artifacts/expert_datasets/expert_walker2d.npz,31.754962921142578,False,0.21354858577251434,0.2105051577091217,0.21354858577251434,0.2105051577091217,34.39283437098493,41.889393741992535,76.28222811297746,115.75589550897712
walker2d,shared,uniform,2,3,False,distillation_experiments/artifacts/repertoires/ann_feature_sensitivity_5seeds/runs/cgp_feature_walker2d/shared_uniform_k2_seed3,distillation_experiments/artifacts/repertoires/cgp_feature_walker2d/ann_initial_uniform_k8_5seeds,distillation_experiments/artifacts/expert_datasets/expert_walker2d.npz,24.901044845581055,False,0.21788905560970306,0.20784112811088562,0.21788905560970306,0.20784112811088562,33.834880193986464,41.45827987298253,75.293160066969,110.35051711197593
walker2d,shared,uniform,2,4,False,distillation_experiments/artifacts/repertoires/ann_feature_sensitivity_5seeds/runs/cgp_feature_walker2d/shared_uniform_k2_seed4,distillation_experiments/artifacts/repertoires/cgp_feature_walker2d/ann_initial_uniform_k8_5seeds,distillation_experiments/artifacts/expert_datasets/expert_walker2d.npz,38.30261993408203,False,0.21191614866256714,0.20913636684417725,0.21191614866256714,0.20913636684417725,37.753284627979156,46.23329086299054,83.9865754909697,123.91567188699264
walker2d,shared,q_dagger,2,0,False,distillation_experiments/artifacts/repertoires/ann_feature_sensitivity_5seeds/runs/cgp_feature_walker2d/shared_q_dagger_k2_seed0,distillation_experiments/artifacts/repertoires/cgp_feature_walker2d/ann_initial_q_dagger_k8_5seeds,distillation_experiments/artifacts/expert_datasets/expert_walker2d.npz,44.72795486450195,False,0.2279762327671051,0.23029612004756927,0.19203361868858337,0.19463731348514557,41.03144889802206,46.57056161999935,87.60201051802142,134.11269321100553
walker2d,shared,q_dagger,2,1,False,distillation_experiments/artifacts/repertoires/ann_feature_sensitivity_5seeds/runs/cgp_feature_walker2d/shared_q_dagger_k2_seed1,distillation_experiments/artifacts/repertoires/cgp_feature_walker2d/ann_initial_q_dagger_k8_5seeds,distillation_experiments/artifacts/expert_datasets/expert_walker2d.npz,8.342265129089355,False,0.23197151720523834,0.23409150540828705,0.20587413012981415,0.21165020763874054,39.08445275502163,47.88459603799856,86.96904879302019,131.38880722399335
walker2d,shared,q_dagger,2,2,False,distillation_experiments/artifacts/repertoires/ann_feature_sensitivity_5seeds/runs/cgp_feature_walker2d/shared_q_dagger_k2_seed2,distillation_experiments/artifacts/repertoires/cgp_feature_walker2d/ann_initial_q_dagger_k8_5seeds,distillation_experiments/artifacts/expert_datasets/expert_walker2d.npz,40.15247344970703,False,0.22930419445037842,0.22553564608097076,0.19204294681549072,0.1881764531135559,40.79507118000765,48.39039953102474,89.1854707110324,127.99568526100484
walker2d,shared,q_dagger,2,3,False,distillation_experiments/artifacts/repertoires/ann_feature_sensitivity_5seeds/runs/cgp_feature_walker2d/shared_q_dagger_k2_seed3,distillation_experiments/artifacts/repertoires/cgp_feature_walker2d/ann_initial_q_dagger_k8_5seeds,distillation_experiments/artifacts/expert_datasets/expert_walker2d.npz,4.462371349334717,False,0.22024676203727722,0.21018140017986298,0.1986372023820877,0.1888028234243393,36.25688168100896,42.83762822797871,79.09450990898767,118.39071712899022
walker2d,shared,q_dagger,2,4,False,distillation_experiments/artifacts/repertoires/ann_feature_sensitivity_5seeds/runs/cgp_feature_walker2d/shared_q_dagger_k2_seed4,distillation_experiments/artifacts/repertoires/cgp_feature_walker2d/ann_initial_q_dagger_k8_5seeds,distillation_experiments/artifacts/expert_datasets/expert_walker2d.npz,10.715388298034668,False,0.22680942714214325,0.22675225138664246,0.20264405012130737,0.2015557885169983,38.03965869298554,46.534892544994364,84.5745512379799,124.462676302006
walker2d,independent,uniform,2,0,False,distillation_experiments/artifacts/repertoires/ann_feature_sensitivity_5seeds/runs/cgp_action_feature_walker2d/independent_uniform_k2_seed0,distillation_experiments/artifacts/repertoires/cgp_action_feature_walker2d/ann_independent_uniform_k8_5seeds,distillation_experiments/artifacts/expert_datasets/expert_walker2d.npz,49.8987922668457,False,0.15847744047641754,0.16340214014053345,0.15847744047641754,0.16340214014053345,182.31885682302527,42.094507825007895,224.41336464803317,270.1197487990139
walker2d,independent,uniform,2,1,False,distillation_experiments/artifacts/repertoires/ann_feature_sensitivity_5seeds/runs/cgp_action_feature_walker2d/independent_uniform_k2_seed1,distillation_experiments/artifacts/repertoires/cgp_action_feature_walker2d/ann_independent_uniform_k8_5seeds,distillation_experiments/artifacts/expert_datasets/expert_walker2d.npz,44.83203125,False,0.16274692118167877,0.16415269672870636,0.16274692118167877,0.16415269672870636,176.91218284299248,41.583023176004644,218.49520601899712,255.17722671097727
walker2d,independent,uniform,2,2,False,distillation_experiments/artifacts/repertoires/ann_feature_sensitivity_5seeds/runs/cgp_action_feature_walker2d/independent_uniform_k2_seed2,distillation_experiments/artifacts/repertoires/cgp_action_feature_walker2d/ann_independent_uniform_k8_5seeds,distillation_experiments/artifacts/expert_datasets/expert_walker2d.npz,25.76556396484375,False,0.15092863142490387,0.1530788689851761,0.15092863142490387,0.1530788689851761,171.99862429199857,41.83847091998905,213.83709521198762,251.5397455499915
walker2d,independent,uniform,2,3,False,distillation_experiments/artifacts/repertoires/ann_feature_sensitivity_5seeds/runs/cgp_action_feature_walker2d/independent_uniform_k2_seed3,distillation_experiments/artifacts/repertoires/cgp_action_feature_walker2d/ann_independent_uniform_k8_5seeds,distillation_experiments/artifacts/expert_datasets/expert_walker2d.npz,6.900937080383301,False,0.15059210360050201,0.14837418496608734,0.15059210360050201,0.14837418496608734,190.93925609599683,50.57043015601812,241.50968625201494,280.063678164006
walker2d,independent,uniform,2,4,False,distillation_experiments/artifacts/repertoires/ann_feature_sensitivity_5seeds/runs/cgp_action_feature_walker2d/independent_uniform_k2_seed4,distillation_experiments/artifacts/repertoires/cgp_action_feature_walker2d/ann_independent_uniform_k8_5seeds,distillation_experiments/artifacts/expert_datasets/expert_walker2d.npz,47.504573822021484,False,0.153187558054924,0.1513289362192154,0.153187558054924,0.1513289362192154,183.24747100000968,42.96635287598474,226.21382387599442,263.2549616089964
walker2d,independent,q_dagger,2,0,False,distillation_experiments/artifacts/repertoires/ann_feature_sensitivity_5seeds/runs/cgp_action_feature_walker2d/independent_q_dagger_k2_seed0,distillation_experiments/artifacts/repertoires/cgp_action_feature_walker2d/ann_independent_q_dagger_k8_5seeds,distillation_experiments/artifacts/expert_datasets/expert_walker2d.npz,54.307289123535156,False,0.17137722671031952,0.1762470304965973,0.13980333507061005,0.14161790907382965,175.15136717099813,49.23990762402536,224.3912747950235,265.71153261399013
walker2d,independent,q_dagger,2,1,False,distillation_experiments/artifacts/repertoires/ann_feature_sensitivity_5seeds/runs/cgp_action_feature_walker2d/independent_q_dagger_k2_seed1,distillation_experiments/artifacts/repertoires/cgp_action_feature_walker2d/ann_independent_q_dagger_k8_5seeds,distillation_experiments/artifacts/expert_datasets/expert_walker2d.npz,3.000788450241089,False,0.16715353727340698,0.16826242208480835,0.14154842495918274,0.14429277181625366,178.60584023801493,42.268706798990024,220.87454703700496,261.01289173198165
walker2d,independent,q_dagger,2,2,False,distillation_experiments/artifacts/repertoires/ann_feature_sensitivity_5seeds/runs/cgp_action_feature_walker2d/independent_q_dagger_k2_seed2,distillation_experiments/artifacts/repertoires/cgp_action_feature_walker2d/ann_independent_q_dagger_k8_5seeds,distillation_experiments/artifacts/expert_datasets/expert_walker2d.npz,45.28034973144531,False,0.1681455373764038,0.16728757321834564,0.13386555016040802,0.13388344645500183,201.91317545899074,43.09107282900368,245.00424828799441,285.44315950298915
walker2d,independent,q_dagger,2,3,False,distillation_experiments/artifacts/repertoires/ann_feature_sensitivity_5seeds/runs/cgp_action_feature_walker2d/independent_q_dagger_k2_seed3,distillation_experiments/artifacts/repertoires/cgp_action_feature_walker2d/ann_independent_q_dagger_k8_5seeds,distillation_experiments/artifacts/expert_datasets/expert_walker2d.npz,18.616756439208984,False,0.17240111529827118,0.16965121030807495,0.14498145878314972,0.14179955422878265,179.45666260799044,43.092569333006395,222.54923194099683,261.169999078993
walker2d,independent,q_dagger,2,4,False,distillation_experiments/artifacts/repertoires/ann_feature_sensitivity_5seeds/runs/cgp_action_feature_walker2d/independent_q_dagger_k2_seed4,distillation_experiments/artifacts/repertoires/cgp_action_feature_walker2d/ann_independent_q_dagger_k8_5seeds,distillation_experiments/artifacts/expert_datasets/expert_walker2d.npz,42.7976188659668,False,0.16627167165279388,0.16353006660938263,0.1400018036365509,0.1390523612499237,176.03849161899416,41.818399379990296,217.85689099898445,257.3621229810233
inverted_pendulum,shared,uniform,4,0,False,distillation_experiments/artifacts/repertoires/ann_feature_sensitivity_5seeds/runs/cgp_feature_inverted_pendulum/shared_uniform_k4_seed0,distillation_experiments/artifacts/repertoires/cgp_feature_inverted_pendulum/ann_initial_uniform_k8_5seeds,distillation_experiments/artifacts/expert_datasets/expert_inverted_pendulum.npz,1000.0,False,0.0016285587335005403,0.0018960012821480632,0.0016285587335005403,0.0018960012821480632,32.91264129400952,30.177667882991955,63.09030917700147,80.68020919899573
inverted_pendulum,shared,uniform,4,1,False,distillation_experiments/artifacts/repertoires/ann_feature_sensitivity_5seeds/runs/cgp_feature_inverted_pendulum/shared_uniform_k4_seed1,distillation_experiments/artifacts/repertoires/cgp_feature_inverted_pendulum/ann_initial_uniform_k8_5seeds,distillation_experiments/artifacts/expert_datasets/expert_inverted_pendulum.npz,1000.0,False,0.0016275857342407107,0.0013935328461229801,0.0016275857342407107,0.0013935328461229801,32.79618614001083,29.940250585990725,62.73643672600156,78.55539647300611
inverted_pendulum,shared,uniform,4,2,False,distillation_experiments/artifacts/repertoires/ann_feature_sensitivity_5seeds/runs/cgp_feature_inverted_pendulum/shared_uniform_k4_seed2,distillation_experiments/artifacts/repertoires/cgp_feature_inverted_pendulum/ann_initial_uniform_k8_5seeds,distillation_experiments/artifacts/expert_datasets/expert_inverted_pendulum.npz,1000.0,False,0.0015458944253623486,0.0017081372207030654,0.0015458944253623486,0.0017081372207030654,33.0378357009904,30.10361794900382,63.14145364999422,79.9657025479828
inverted_pendulum,shared,uniform,4,3,False,distillation_experiments/artifacts/repertoires/ann_feature_sensitivity_5seeds/runs/cgp_feature_inverted_pendulum/shared_uniform_k4_seed3,distillation_experiments/artifacts/repertoires/cgp_feature_inverted_pendulum/ann_initial_uniform_k8_5seeds,distillation_experiments/artifacts/expert_datasets/expert_inverted_pendulum.npz,1000.0,False,0.001578525290824473,0.0015055850381031632,0.001578525174409151,0.0015055850381031632,32.12389206199441,29.82086594600696,61.94475800800137,79.08496829197975
inverted_pendulum,shared,uniform,4,4,False,distillation_experiments/artifacts/repertoires/ann_feature_sensitivity_5seeds/runs/cgp_feature_inverted_pendulum/shared_uniform_k4_seed4,distillation_experiments/artifacts/repertoires/cgp_feature_inverted_pendulum/ann_initial_uniform_k8_5seeds,distillation_experiments/artifacts/expert_datasets/expert_inverted_pendulum.npz,1000.0,False,0.0014804264064878225,0.001725348294712603,0.0014804264064878225,0.001725348294712603,31.17343360200175,30.275527324993163,61.448960926994914,78.66919317698921
inverted_pendulum,shared,q_dagger,4,0,False,distillation_experiments/artifacts/repertoires/ann_feature_sensitivity_5seeds/runs/cgp_feature_inverted_pendulum/shared_q_dagger_k4_seed0,distillation_experiments/artifacts/repertoires/cgp_feature_inverted_pendulum/ann_initial_q_dagger_k8_5seeds,distillation_experiments/artifacts/expert_datasets/expert_inverted_pendulum.npz,32.900001525878906,False,0.0037540995981544256,0.003331901039928198,0.013129954226315022,0.03069857507944107,33.682124318991555,31.739362571999663,65.42148689099122,81.48543614000664
inverted_pendulum,shared,q_dagger,4,1,False,distillation_experiments/artifacts/repertoires/ann_feature_sensitivity_5seeds/runs/cgp_feature_inverted_pendulum/shared_q_dagger_k4_seed1,distillation_experiments/artifacts/repertoires/cgp_feature_inverted_pendulum/ann_initial_q_dagger_k8_5seeds,distillation_experiments/artifacts/expert_datasets/expert_inverted_pendulum.npz,63.79999923706055,False,0.003112846054136753,0.0031140067148953676,0.009833679534494877,0.014228776097297668,32.24520915400353,29.741115821991116,61.98632497599465,79.49781319900649
inverted_pendulum,shared,q_dagger,4,2,False,distillation_experiments/artifacts/repertoires/ann_feature_sensitivity_5seeds/runs/cgp_feature_inverted_pendulum/shared_q_dagger_k4_seed2,distillation_experiments/artifacts/repertoires/cgp_feature_inverted_pendulum/ann_initial_q_dagger_k8_5seeds,distillation_experiments/artifacts/expert_datasets/expert_inverted_pendulum.npz,4.300000190734863,False,0.006241622380912304,0.009170879609882832,0.009639482945203781,0.01379910483956337,33.50023164099548,30.424601783015532,63.92483342401101,81.53458785300609
inverted_pendulum,shared,q_dagger,4,3,False,distillation_experiments/artifacts/repertoires/ann_feature_sensitivity_5seeds/runs/cgp_feature_inverted_pendulum/shared_q_dagger_k4_seed3,distillation_experiments/artifacts/repertoires/cgp_feature_inverted_pendulum/ann_initial_q_dagger_k8_5seeds,distillation_experiments/artifacts/expert_datasets/expert_inverted_pendulum.npz,1000.0,False,0.0030899420380592346,0.003090891521424055,0.010480568744242191,0.023206787183880806,32.56019037900842,31.408566352009075,63.96875673101749,81.43328603499685
inverted_pendulum,shared,q_dagger,4,4,False,distillation_experiments/artifacts/repertoires/ann_feature_sensitivity_5seeds/runs/cgp_feature_inverted_pendulum/shared_q_dagger_k4_seed4,distillation_experiments/artifacts/repertoires/cgp_feature_inverted_pendulum/ann_initial_q_dagger_k8_5seeds,distillation_experiments/artifacts/expert_datasets/expert_inverted_pendulum.npz,1000.0,False,0.0025829754304140806,0.0028084497898817062,0.007686060853302479,0.02477859891951084,31.211302873009117,29.59789909198298,60.8092019649921,78.04374312399887
inverted_double_pendulum,shared,uniform,4,0,True,distillation_experiments/artifacts/repertoires/cgp_feature_inverted_double_pendulum/ann_teacher_bc_k4_sensitivity_5seeds_gpu,distillation_experiments/artifacts/repertoires/cgp_feature_inverted_double_pendulum/ann_teacher_bc_k8_5seeds_gpu,distillation_experiments/artifacts/expert_datasets/expert_inverted_double_pendulum.npz,945.7341918945312,False,0.0005798137281090021,0.0004415313887875527,0.0005798137281090021,0.0004415313887875527,36.8394504909993,33.561968059999344,70.40141855099864,
inverted_double_pendulum,shared,uniform,4,1,True,distillation_experiments/artifacts/repertoires/cgp_feature_inverted_double_pendulum/ann_teacher_bc_k4_sensitivity_5seeds_gpu,distillation_experiments/artifacts/repertoires/cgp_feature_inverted_double_pendulum/ann_teacher_bc_k8_5seeds_gpu,distillation_experiments/artifacts/expert_datasets/expert_inverted_double_pendulum.npz,673.6277465820312,False,0.0009893497917801142,0.0010768065694719553,0.0009893497917801142,0.0010768065694719553,30.3742684860008,22.647722621000867,53.02199110700167,
inverted_double_pendulum,shared,uniform,4,2,True,distillation_experiments/artifacts/repertoires/cgp_feature_inverted_double_pendulum/ann_teacher_bc_k4_sensitivity_5seeds_gpu,distillation_experiments/artifacts/repertoires/cgp_feature_inverted_double_pendulum/ann_teacher_bc_k8_5seeds_gpu,distillation_experiments/artifacts/expert_datasets/expert_inverted_double_pendulum.npz,736.61865234375,False,0.000351965514710173,0.0004140051605645567,0.000351965514710173,0.0004140051605645567,29.155962298002123,23.263127002002875,52.419089300005,
inverted_double_pendulum,shared,uniform,4,3,True,distillation_experiments/artifacts/repertoires/cgp_feature_inverted_double_pendulum/ann_teacher_bc_k4_sensitivity_5seeds_gpu,distillation_experiments/artifacts/repertoires/cgp_feature_inverted_double_pendulum/ann_teacher_bc_k8_5seeds_gpu,distillation_experiments/artifacts/expert_datasets/expert_inverted_double_pendulum.npz,768.8370361328125,False,0.0006469662766903639,0.0005285441875457764,0.0006469662766903639,0.0005285441875457764,31.282365217000915,22.852296738001314,54.13466195500223,
inverted_double_pendulum,shared,uniform,4,4,True,distillation_experiments/artifacts/repertoires/cgp_feature_inverted_double_pendulum/ann_teacher_bc_k4_sensitivity_5seeds_gpu,distillation_experiments/artifacts/repertoires/cgp_feature_inverted_double_pendulum/ann_teacher_bc_k8_5seeds_gpu,distillation_experiments/artifacts/expert_datasets/expert_inverted_double_pendulum.npz,2987.856201171875,False,0.0007450256962329149,0.0006185210077092052,0.0007450256962329149,0.0006185210077092052,31.330245935001585,21.56946182899992,52.899707764001505,
inverted_double_pendulum,shared,q_dagger,4,0,False,distillation_experiments/artifacts/repertoires/ann_feature_sensitivity_5seeds/runs/cgp_feature_inverted_double_pendulum/shared_q_dagger_k4_seed0,distillation_experiments/artifacts/repertoires/cgp_feature_inverted_double_pendulum/ann_initial_q_dagger_k8_5seeds,distillation_experiments/artifacts/expert_datasets/expert_inverted_double_pendulum.npz,674.624267578125,False,0.00045390010927803814,0.0005382169620133936,0.0006217936752364039,0.0007602408877573907,38.951175033987965,35.62122556299437,74.57240059698233,96.46525093898526
inverted_double_pendulum,shared,q_dagger,4,1,False,distillation_experiments/artifacts/repertoires/ann_feature_sensitivity_5seeds/runs/cgp_feature_inverted_double_pendulum/shared_q_dagger_k4_seed1,distillation_experiments/artifacts/repertoires/cgp_feature_inverted_double_pendulum/ann_initial_q_dagger_k8_5seeds,distillation_experiments/artifacts/expert_datasets/expert_inverted_double_pendulum.npz,1403.311279296875,False,0.0010538697242736816,0.0012029602658003569,0.0011062964331358671,0.0015092850662767887,34.93619544498506,37.147872895991895,72.08406834097696,92.91479474998778
inverted_double_pendulum,shared,q_dagger,4,2,False,distillation_experiments/artifacts/repertoires/ann_feature_sensitivity_5seeds/runs/cgp_feature_inverted_double_pendulum/shared_q_dagger_k4_seed2,distillation_experiments/artifacts/repertoires/cgp_feature_inverted_double_pendulum/ann_initial_q_dagger_k8_5seeds,distillation_experiments/artifacts/expert_datasets/expert_inverted_double_pendulum.npz,867.9523315429688,False,0.0004783621698152274,0.0006778151728212833,0.0006330952164717019,0.0007417743909172714,40.379951137991156,38.026725476025604,78.40667661401676,101.7323295189999
inverted_double_pendulum,shared,q_dagger,4,3,False,distillation_experiments/artifacts/repertoires/ann_feature_sensitivity_5seeds/runs/cgp_feature_inverted_double_pendulum/shared_q_dagger_k4_seed3,distillation_experiments/artifacts/repertoires/cgp_feature_inverted_double_pendulum/ann_initial_q_dagger_k8_5seeds,distillation_experiments/artifacts/expert_datasets/expert_inverted_double_pendulum.npz,6585.4150390625,False,0.0010645260335877538,0.0006370163173414767,0.0011749945115298033,0.0011099731782451272,39.883407969988184,37.6788329819974,77.56224095198559,100.89060562301893
inverted_double_pendulum,shared,q_dagger,4,4,False,distillation_experiments/artifacts/repertoires/ann_feature_sensitivity_5seeds/runs/cgp_feature_inverted_double_pendulum/shared_q_dagger_k4_seed4,distillation_experiments/artifacts/repertoires/cgp_feature_inverted_double_pendulum/ann_initial_q_dagger_k8_5seeds,distillation_experiments/artifacts/expert_datasets/expert_inverted_double_pendulum.npz,3894.621826171875,False,0.0007979914080351591,0.0005419552326202393,0.0009603656362742186,0.000650128407869488,38.150618296000175,39.372634028986795,77.52325232498697,101.79630988798453
hopper,shared,uniform,4,0,False,distillation_experiments/artifacts/repertoires/ann_feature_sensitivity_5seeds/runs/cgp_feature_hopper/shared_uniform_k4_seed0,distillation_experiments/artifacts/repertoires/cgp_feature_hopper/ann_initial_uniform_k8_5seeds,distillation_experiments/artifacts/expert_datasets/expert_hopper.npz,309.9230041503906,False,0.10433945804834366,0.10080645978450775,0.10433946549892426,0.10080645978450775,41.66915388999041,42.372453079005936,84.04160696899635,125.4376078619971
hopper,shared,uniform,4,1,False,distillation_experiments/artifacts/repertoires/ann_feature_sensitivity_5seeds/runs/cgp_feature_hopper/shared_uniform_k4_seed1,distillation_experiments/artifacts/repertoires/cgp_feature_hopper/ann_initial_uniform_k8_5seeds,distillation_experiments/artifacts/expert_datasets/expert_hopper.npz,43.883888244628906,False,0.10677452385425568,0.10367990285158157,0.10677452385425568,0.10367990285158157,38.514789448992815,42.162098686996615,80.67688813598943,119.14323011200759
hopper,shared,uniform,4,2,False,distillation_experiments/artifacts/repertoires/ann_feature_sensitivity_5seeds/runs/cgp_feature_hopper/shared_uniform_k4_seed2,distillation_experiments/artifacts/repertoires/cgp_feature_hopper/ann_initial_uniform_k8_5seeds,distillation_experiments/artifacts/expert_datasets/expert_hopper.npz,214.2926025390625,False,0.10582831501960754,0.10781923681497574,0.10582831501960754,0.10781923681497574,39.837747343990486,43.31528233399149,83.15302967798198,122.14165542201954
hopper,shared,uniform,4,3,False,distillation_experiments/artifacts/repertoires/ann_feature_sensitivity_5seeds/runs/cgp_feature_hopper/shared_uniform_k4_seed3,distillation_experiments/artifacts/repertoires/cgp_feature_hopper/ann_initial_uniform_k8_5seeds,distillation_experiments/artifacts/expert_datasets/expert_hopper.npz,210.8163604736328,False,0.10481400042772293,0.10516049712896347,0.10481400042772293,0.10516049712896347,40.585274463985115,42.78926494898042,83.37453941296553,121.60725621200982
hopper,shared,uniform,4,4,False,distillation_experiments/artifacts/repertoires/ann_feature_sensitivity_5seeds/runs/cgp_feature_hopper/shared_uniform_k4_seed4,distillation_experiments/artifacts/repertoires/cgp_feature_hopper/ann_initial_uniform_k8_5seeds,distillation_experiments/artifacts/expert_datasets/expert_hopper.npz,160.22190856933594,False,0.10644220560789108,0.10386160016059875,0.10644220560789108,0.10386160016059875,34.98855363501934,37.19123177099391,72.17978540601325,104.00401287598652
hopper,shared,q_dagger,4,0,False,distillation_experiments/artifacts/repertoires/ann_feature_sensitivity_5seeds/runs/cgp_feature_hopper/shared_q_dagger_k4_seed0,distillation_experiments/artifacts/repertoires/cgp_feature_hopper/ann_initial_q_dagger_k8_5seeds,distillation_experiments/artifacts/expert_datasets/expert_hopper.npz,13.690452575683594,False,0.11749584227800369,0.1176963746547699,0.10667294263839722,0.1050201952457428,37.19376463102526,37.34677826601546,74.54054289704072,111.77585277199978
hopper,shared,q_dagger,4,1,False,distillation_experiments/artifacts/repertoires/ann_feature_sensitivity_5seeds/runs/cgp_feature_hopper/shared_q_dagger_k4_seed1,distillation_experiments/artifacts/repertoires/cgp_feature_hopper/ann_initial_q_dagger_k8_5seeds,distillation_experiments/artifacts/expert_datasets/expert_hopper.npz,27.197662353515625,False,0.11157157272100449,0.10850758105516434,0.10798881202936172,0.10455936938524246,40.05689491899102,40.452509127993835,80.50940404698486,115.85442368697841
hopper,shared,q_dagger,4,2,False,distillation_experiments/artifacts/repertoires/ann_feature_sensitivity_5seeds/runs/cgp_feature_hopper/shared_q_dagger_k4_seed2,distillation_experiments/artifacts/repertoires/cgp_feature_hopper/ann_initial_q_dagger_k8_5seeds,distillation_experiments/artifacts/expert_datasets/expert_hopper.npz,226.6466827392578,False,0.10856068879365921,0.11181768029928207,0.10708586126565933,0.10834332555532455,35.04976171898306,37.83596764501999,72.88572936400305,104.26917964499444
hopper,shared,q_dagger,4,3,False,distillation_experiments/artifacts/repertoires/ann_feature_sensitivity_5seeds/runs/cgp_feature_hopper/shared_q_dagger_k4_seed3,distillation_experiments/artifacts/repertoires/cgp_feature_hopper/ann_initial_q_dagger_k8_5seeds,distillation_experiments/artifacts/expert_datasets/expert_hopper.npz,86.1781234741211,False,0.11247523874044418,0.1141137108206749,0.10601921379566193,0.10589995980262756,34.680726256017806,37.54940437999903,72.23013063601684,105.45694994498626
hopper,shared,q_dagger,4,4,False,distillation_experiments/artifacts/repertoires/ann_feature_sensitivity_5seeds/runs/cgp_feature_hopper/shared_q_dagger_k4_seed4,distillation_experiments/artifacts/repertoires/cgp_feature_hopper/ann_initial_q_dagger_k8_5seeds,distillation_experiments/artifacts/expert_datasets/expert_hopper.npz,27.751440048217773,False,0.11258925497531891,0.10953377932310104,0.10859022289514542,0.10206419229507446,35.32231274698279,42.240407400997356,77.56272014798014,110.69961406898801
hopper,independent,uniform,4,0,False,distillation_experiments/artifacts/repertoires/ann_feature_sensitivity_5seeds/runs/cgp_action_feature_hopper/independent_uniform_k4_seed0,distillation_experiments/artifacts/repertoires/cgp_action_feature_hopper/ann_independent_uniform_k8_5seeds,distillation_experiments/artifacts/expert_datasets/expert_hopper.npz,88.13790130615234,False,0.09432154893875122,0.09293083846569061,0.09432154893875122,0.09293083846569061,105.23527501299395,42.26710356900003,147.50237858199398,183.40038213302614
hopper,independent,uniform,4,1,False,distillation_experiments/artifacts/repertoires/ann_feature_sensitivity_5seeds/runs/cgp_action_feature_hopper/independent_uniform_k4_seed1,distillation_experiments/artifacts/repertoires/cgp_action_feature_hopper/ann_independent_uniform_k8_5seeds,distillation_experiments/artifacts/expert_datasets/expert_hopper.npz,288.4356994628906,False,0.08749029040336609,0.08529381453990936,0.08749029040336609,0.08529381453990936,106.93242383399047,37.561068151990185,144.49349198598065,179.98422203600057
hopper,independent,uniform,4,2,False,distillation_experiments/artifacts/repertoires/ann_feature_sensitivity_5seeds/runs/cgp_action_feature_hopper/independent_uniform_k4_seed2,distillation_experiments/artifacts/repertoires/cgp_action_feature_hopper/ann_independent_uniform_k8_5seeds,distillation_experiments/artifacts/expert_datasets/expert_hopper.npz,620.3639526367188,False,0.09252753108739853,0.09472108632326126,0.09252753108739853,0.09472108632326126,109.8451640639978,43.464248863980174,153.30941292797797,187.06192668899894
hopper,independent,uniform,4,3,False,distillation_experiments/artifacts/repertoires/ann_feature_sensitivity_5seeds/runs/cgp_action_feature_hopper/independent_uniform_k4_seed3,distillation_experiments/artifacts/repertoires/cgp_action_feature_hopper/ann_independent_uniform_k8_5seeds,distillation_experiments/artifacts/expert_datasets/expert_hopper.npz,46.9415397644043,False,0.08876555413007736,0.09186242520809174,0.08876555413007736,0.09186242520809174,104.88398885700735,39.60582754397183,144.48981640097918,179.1180593080062
hopper,independent,uniform,4,4,False,distillation_experiments/artifacts/repertoires/ann_feature_sensitivity_5seeds/runs/cgp_action_feature_hopper/independent_uniform_k4_seed4,distillation_experiments/artifacts/repertoires/cgp_action_feature_hopper/ann_independent_uniform_k8_5seeds,distillation_experiments/artifacts/expert_datasets/expert_hopper.npz,1081.6888427734375,False,0.09368985891342163,0.0920586884021759,0.09368985891342163,0.0920586884021759,110.27160859899595,37.81971974001499,148.09132833901094,183.8455460050027
hopper,independent,q_dagger,4,0,False,distillation_experiments/artifacts/repertoires/ann_feature_sensitivity_5seeds/runs/cgp_action_feature_hopper/independent_q_dagger_k4_seed0,distillation_experiments/artifacts/repertoires/cgp_action_feature_hopper/ann_independent_q_dagger_k8_5seeds,distillation_experiments/artifacts/expert_datasets/expert_hopper.npz,495.9105529785156,False,0.09661322832107544,0.09726686030626297,0.08794865012168884,0.08781511336565018,96.51774417699198,36.99928079897654,133.51702497596852,169.5050052900042
hopper,independent,q_dagger,4,1,False,distillation_experiments/artifacts/repertoires/ann_feature_sensitivity_5seeds/runs/cgp_action_feature_hopper/independent_q_dagger_k4_seed1,distillation_experiments/artifacts/repertoires/cgp_action_feature_hopper/ann_independent_q_dagger_k8_5seeds,distillation_experiments/artifacts/expert_datasets/expert_hopper.npz,335.2391662597656,False,0.0937318205833435,0.09178140759468079,0.08672128617763519,0.085086889564991,102.24029420499573,38.685179544991115,140.92547374998685,175.38223686200217
hopper,independent,q_dagger,4,2,False,distillation_experiments/artifacts/repertoires/ann_feature_sensitivity_5seeds/runs/cgp_action_feature_hopper/independent_q_dagger_k4_seed2,distillation_experiments/artifacts/repertoires/cgp_action_feature_hopper/ann_independent_q_dagger_k8_5seeds,distillation_experiments/artifacts/expert_datasets/expert_hopper.npz,80.08550262451172,False,0.09820156544446945,0.09933213144540787,0.08977106213569641,0.08995066583156586,100.22686528597842,38.610450856998796,138.83731614297722,171.1412302700046
hopper,independent,q_dagger,4,3,False,distillation_experiments/artifacts/repertoires/ann_feature_sensitivity_5seeds/runs/cgp_action_feature_hopper/independent_q_dagger_k4_seed3,distillation_experiments/artifacts/repertoires/cgp_action_feature_hopper/ann_independent_q_dagger_k8_5seeds,distillation_experiments/artifacts/expert_datasets/expert_hopper.npz,59.72182846069336,False,0.09204009920358658,0.09609631448984146,0.08494365960359573,0.08841712027788162,92.83865841501392,40.74093015200924,133.57958856702317,168.64839136201772
hopper,independent,q_dagger,4,4,False,distillation_experiments/artifacts/repertoires/ann_feature_sensitivity_5seeds/runs/cgp_action_feature_hopper/independent_q_dagger_k4_seed4,distillation_experiments/artifacts/repertoires/cgp_action_feature_hopper/ann_independent_q_dagger_k8_5seeds,distillation_experiments/artifacts/expert_datasets/expert_hopper.npz,665.3045654296875,False,0.09452512860298157,0.09583564847707748,0.09021346271038055,0.08779192715883255,106.6438692540105,39.95129038701998,146.59515964103048,184.99169515699032
walker2d,shared,uniform,4,0,False,distillation_experiments/artifacts/repertoires/ann_feature_sensitivity_5seeds/runs/cgp_feature_walker2d/shared_uniform_k4_seed0,distillation_experiments/artifacts/repertoires/cgp_feature_walker2d/ann_initial_uniform_k8_5seeds,distillation_experiments/artifacts/expert_datasets/expert_walker2d.npz,43.55526351928711,False,0.18446412682533264,0.19006676971912384,0.18446412682533264,0.19006676971912384,40.111499805992935,45.15837884199573,85.26987864798866,126.02871633000905
walker2d,shared,uniform,4,1,False,distillation_experiments/artifacts/repertoires/ann_feature_sensitivity_5seeds/runs/cgp_feature_walker2d/shared_uniform_k4_seed1,distillation_experiments/artifacts/repertoires/cgp_feature_walker2d/ann_initial_uniform_k8_5seeds,distillation_experiments/artifacts/expert_datasets/expert_walker2d.npz,36.453582763671875,False,0.19159646332263947,0.19404450058937073,0.19159646332263947,0.19404450058937073,41.389336660999106,48.65690626701689,90.046242928016,132.161094228999
walker2d,shared,uniform,4,2,False,distillation_experiments/artifacts/repertoires/ann_feature_sensitivity_5seeds/runs/cgp_feature_walker2d/shared_uniform_k4_seed2,distillation_experiments/artifacts/repertoires/cgp_feature_walker2d/ann_initial_uniform_k8_5seeds,distillation_experiments/artifacts/expert_datasets/expert_walker2d.npz,39.940242767333984,False,0.17888908088207245,0.18008270859718323,0.17888908088207245,0.18008270859718323,39.14815673098201,48.76362692299881,87.91178365398082,128.0640727680002
walker2d,shared,uniform,4,3,False,distillation_experiments/artifacts/repertoires/ann_feature_sensitivity_5seeds/runs/cgp_feature_walker2d/shared_uniform_k4_seed3,distillation_experiments/artifacts/repertoires/cgp_feature_walker2d/ann_initial_uniform_k8_5seeds,distillation_experiments/artifacts/expert_datasets/expert_walker2d.npz,41.21234893798828,False,0.1922251582145691,0.1865459382534027,0.1922251582145691,0.1865459382534027,41.66007813598844,45.33292242200696,86.9930005579954,128.61498298999504
walker2d,shared,uniform,4,4,False,distillation_experiments/artifacts/repertoires/ann_feature_sensitivity_5seeds/runs/cgp_feature_walker2d/shared_uniform_k4_seed4,distillation_experiments/artifacts/repertoires/cgp_feature_walker2d/ann_initial_uniform_k8_5seeds,distillation_experiments/artifacts/expert_datasets/expert_walker2d.npz,22.729633331298828,False,0.1863958239555359,0.18169324100017548,0.1863958239555359,0.18169324100017548,39.764254081004765,47.39344776299549,87.15770184400026,128.68074894399615
walker2d,shared,q_dagger,4,0,False,distillation_experiments/artifacts/repertoires/ann_feature_sensitivity_5seeds/runs/cgp_feature_walker2d/shared_q_dagger_k4_seed0,distillation_experiments/artifacts/repertoires/cgp_feature_walker2d/ann_initial_q_dagger_k8_5seeds,distillation_experiments/artifacts/expert_datasets/expert_walker2d.npz,30.372495651245117,False,0.18837778270244598,0.19132235646247864,0.16267310082912445,0.16395053267478943,40.55687672100612,47.868561751995,88.42543847300112,129.2428077509976
walker2d,shared,q_dagger,4,1,False,distillation_experiments/artifacts/repertoires/ann_feature_sensitivity_5seeds/runs/cgp_feature_walker2d/shared_q_dagger_k4_seed1,distillation_experiments/artifacts/repertoires/cgp_feature_walker2d/ann_initial_q_dagger_k8_5seeds,distillation_experiments/artifacts/expert_datasets/expert_walker2d.npz,34.58725357055664,False,0.20309023559093475,0.20490971207618713,0.1846625655889511,0.1921304166316986,39.09286793199135,41.23728818399832,80.33015611598967,117.85519825000665
walker2d,shared,q_dagger,4,2,False,distillation_experiments/artifacts/repertoires/ann_feature_sensitivity_5seeds/runs/cgp_feature_walker2d/shared_q_dagger_k4_seed2,distillation_experiments/artifacts/repertoires/cgp_feature_walker2d/ann_initial_q_dagger_k8_5seeds,distillation_experiments/artifacts/expert_datasets/expert_walker2d.npz,7.262387752532959,False,0.1926511824131012,0.19247031211853027,0.1683415025472641,0.1681513786315918,37.037559643998975,43.576302886009216,80.61386253000819,122.6604647449858
walker2d,shared,q_dagger,4,3,False,distillation_experiments/artifacts/repertoires/ann_feature_sensitivity_5seeds/runs/cgp_feature_walker2d/shared_q_dagger_k4_seed3,distillation_experiments/artifacts/repertoires/cgp_feature_walker2d/ann_initial_q_dagger_k8_5seeds,distillation_experiments/artifacts/expert_datasets/expert_walker2d.npz,49.495235443115234,False,0.19257880747318268,0.18910779058933258,0.17195549607276917,0.16831842064857483,37.61298595299013,47.547526690003,85.16051264299313,123.70051663299091
walker2d,shared,q_dagger,4,4,False,distillation_experiments/artifacts/repertoires/ann_feature_sensitivity_5seeds/runs/cgp_feature_walker2d/shared_q_dagger_k4_seed4,distillation_experiments/artifacts/repertoires/cgp_feature_walker2d/ann_initial_q_dagger_k8_5seeds,distillation_experiments/artifacts/expert_datasets/expert_walker2d.npz,37.939178466796875,False,0.2101714164018631,0.20959772169589996,0.1752670258283615,0.17330694198608398,36.57835060500656,45.94530606700573,82.5236566720123,122.6951639559993
walker2d,independent,uniform,4,0,False,distillation_experiments/artifacts/repertoires/ann_feature_sensitivity_5seeds/runs/cgp_action_feature_walker2d/independent_uniform_k4_seed0,distillation_experiments/artifacts/repertoires/cgp_action_feature_walker2d/ann_independent_uniform_k8_5seeds,distillation_experiments/artifacts/expert_datasets/expert_walker2d.npz,200.35757446289062,False,0.12961411476135254,0.13422511518001556,0.12961411476135254,0.13422511518001556,198.3621104590129,44.71331826399546,243.07542872300837,282.8852229510085
walker2d,independent,uniform,4,1,False,distillation_experiments/artifacts/repertoires/ann_feature_sensitivity_5seeds/runs/cgp_action_feature_walker2d/independent_uniform_k4_seed1,distillation_experiments/artifacts/repertoires/cgp_action_feature_walker2d/ann_independent_uniform_k8_5seeds,distillation_experiments/artifacts/expert_datasets/expert_walker2d.npz,56.30208969116211,False,0.13410967588424683,0.1365148276090622,0.13410967588424683,0.1365148276090622,208.39840371199534,47.59709543400095,255.9954991459963,294.5857944730087
walker2d,independent,uniform,4,2,False,distillation_experiments/artifacts/repertoires/ann_feature_sensitivity_5seeds/runs/cgp_action_feature_walker2d/independent_uniform_k4_seed2,distillation_experiments/artifacts/repertoires/cgp_action_feature_walker2d/ann_independent_uniform_k8_5seeds,distillation_experiments/artifacts/expert_datasets/expert_walker2d.npz,166.63870239257812,False,0.13927988708019257,0.13828201591968536,0.13927988708019257,0.13828201591968536,262.0825783080072,50.609860391996335,312.69243870000355,352.86977092400775
walker2d,independent,uniform,4,3,False,distillation_experiments/artifacts/repertoires/ann_feature_sensitivity_5seeds/runs/cgp_action_feature_walker2d/independent_uniform_k4_seed3,distillation_experiments/artifacts/repertoires/cgp_action_feature_walker2d/ann_independent_uniform_k8_5seeds,distillation_experiments/artifacts/expert_datasets/expert_walker2d.npz,33.689186096191406,False,0.13469639420509338,0.13229939341545105,0.13469639420509338,0.13229939341545105,207.7538693760289,48.55248263798421,256.3063520140131,304.08521573999315
walker2d,independent,uniform,4,4,False,distillation_experiments/artifacts/repertoires/ann_feature_sensitivity_5seeds/runs/cgp_action_feature_walker2d/independent_uniform_k4_seed4,distillation_experiments/artifacts/repertoires/cgp_action_feature_walker2d/ann_independent_uniform_k8_5seeds,distillation_experiments/artifacts/expert_datasets/expert_walker2d.npz,54.516761779785156,False,0.13588711619377136,0.13254359364509583,0.13588711619377136,0.13254359364509583,202.65987603200483,46.56035490601789,249.22023093802272,291.3934726490115
walker2d,independent,q_dagger,4,0,False,distillation_experiments/artifacts/repertoires/ann_feature_sensitivity_5seeds/runs/cgp_action_feature_walker2d/independent_q_dagger_k4_seed0,distillation_experiments/artifacts/repertoires/cgp_action_feature_walker2d/ann_independent_q_dagger_k8_5seeds,distillation_experiments/artifacts/expert_datasets/expert_walker2d.npz,172.90371704101562,False,0.14942924678325653,0.1521921008825302,0.12045267224311829,0.12476209551095963,193.63183121898328,42.3161003489804,235.94793156796368,278.48160328000085
walker2d,independent,q_dagger,4,1,False,distillation_experiments/artifacts/repertoires/ann_feature_sensitivity_5seeds/runs/cgp_action_feature_walker2d/independent_q_dagger_k4_seed1,distillation_experiments/artifacts/repertoires/cgp_action_feature_walker2d/ann_independent_q_dagger_k8_5seeds,distillation_experiments/artifacts/expert_datasets/expert_walker2d.npz,51.519527435302734,False,0.14901261031627655,0.15070869028568268,0.1230602040886879,0.12635821104049683,186.20748200800153,41.90182104401174,228.10930305201327,265.38067212098395
walker2d,independent,q_dagger,4,2,False,distillation_experiments/artifacts/repertoires/ann_feature_sensitivity_5seeds/runs/cgp_action_feature_walker2d/independent_q_dagger_k4_seed2,distillation_experiments/artifacts/repertoires/cgp_action_feature_walker2d/ann_independent_q_dagger_k8_5seeds,distillation_experiments/artifacts/expert_datasets/expert_walker2d.npz,6.7085490226745605,False,0.1406036913394928,0.14013120532035828,0.11413061618804932,0.1160731241106987,185.17514148098417,42.455639909021556,227.63078139000572,267.7125416510098
walker2d,independent,q_dagger,4,3,False,distillation_experiments/artifacts/repertoires/ann_feature_sensitivity_5seeds/runs/cgp_action_feature_walker2d/independent_q_dagger_k4_seed3,distillation_experiments/artifacts/repertoires/cgp_action_feature_walker2d/ann_independent_q_dagger_k8_5seeds,distillation_experiments/artifacts/expert_datasets/expert_walker2d.npz,279.3641052246094,False,0.14049258828163147,0.13698309659957886,0.11663883924484253,0.11091935634613037,184.65337690300657,42.00803954899311,226.66141645199968,263.1297504400136
walker2d,independent,q_dagger,4,4,False,distillation_experiments/artifacts/repertoires/ann_feature_sensitivity_5seeds/runs/cgp_action_feature_walker2d/independent_q_dagger_k4_seed4,distillation_experiments/artifacts/repertoires/cgp_action_feature_walker2d/ann_independent_q_dagger_k8_5seeds,distillation_experiments/artifacts/expert_datasets/expert_walker2d.npz,53.57207107543945,False,0.14000087976455688,0.13953258097171783,0.11585161834955215,0.11690248548984528,184.28762770298636,42.40322620299412,226.69085390598048,264.711324022006
inverted_pendulum,shared,uniform,16,0,False,distillation_experiments/artifacts/repertoires/ann_feature_sensitivity_5seeds/runs/cgp_feature_inverted_pendulum/shared_uniform_k16_seed0,distillation_experiments/artifacts/repertoires/cgp_feature_inverted_pendulum/ann_initial_uniform_k8_5seeds,distillation_experiments/artifacts/expert_datasets/expert_inverted_pendulum.npz,32.10000228881836,False,0.00034991183201782405,0.00047575324424542487,0.0003499415470287204,0.00047575324424542487,37.96698066897807,29.394821407011477,67.36180207598954,84.98835845399299
inverted_pendulum,shared,uniform,16,1,False,distillation_experiments/artifacts/repertoires/ann_feature_sensitivity_5seeds/runs/cgp_feature_inverted_pendulum/shared_uniform_k16_seed1,distillation_experiments/artifacts/repertoires/cgp_feature_inverted_pendulum/ann_initial_uniform_k8_5seeds,distillation_experiments/artifacts/expert_datasets/expert_inverted_pendulum.npz,1000.0,False,0.00045413203770294785,0.0005647558136843145,0.00045416306238621473,0.0005647558136843145,35.55308851102018,30.397522714018123,65.9506112250383,83.80622408300405
inverted_pendulum,shared,uniform,16,2,False,distillation_experiments/artifacts/repertoires/ann_feature_sensitivity_5seeds/runs/cgp_feature_inverted_pendulum/shared_uniform_k16_seed2,distillation_experiments/artifacts/repertoires/cgp_feature_inverted_pendulum/ann_initial_uniform_k8_5seeds,distillation_experiments/artifacts/expert_datasets/expert_inverted_pendulum.npz,128.6999969482422,False,0.0004971346352249384,0.0007643659482710063,0.0004971169400960207,0.0007643659482710063,36.093298738996964,29.94030520200613,66.0336039410031,81.24585897297948
inverted_pendulum,shared,uniform,16,3,False,distillation_experiments/artifacts/repertoires/ann_feature_sensitivity_5seeds/runs/cgp_feature_inverted_pendulum/shared_uniform_k16_seed3,distillation_experiments/artifacts/repertoires/cgp_feature_inverted_pendulum/ann_initial_uniform_k8_5seeds,distillation_experiments/artifacts/expert_datasets/expert_inverted_pendulum.npz,23.600000381469727,False,0.0005055724759586155,0.0006451323279179633,0.0005055678193457425,0.0006451323279179633,34.58858768598293,31.38145599301788,65.97004367900081,84.1299378729891
inverted_pendulum,shared,uniform,16,4,False,distillation_experiments/artifacts/repertoires/ann_feature_sensitivity_5seeds/runs/cgp_feature_inverted_pendulum/shared_uniform_k16_seed4,distillation_experiments/artifacts/repertoires/cgp_feature_inverted_pendulum/ann_initial_uniform_k8_5seeds,distillation_experiments/artifacts/expert_datasets/expert_inverted_pendulum.npz,125.5999984741211,False,0.00036322552477940917,0.0006971139227971435,0.00036321248626336455,0.0006971139227971435,35.13479809000273,30.310676052991766,65.4454741429945,80.99570522998692
inverted_pendulum,shared,q_dagger,16,0,False,distillation_experiments/artifacts/repertoires/ann_feature_sensitivity_5seeds/runs/cgp_feature_inverted_pendulum/shared_q_dagger_k16_seed0,distillation_experiments/artifacts/repertoires/cgp_feature_inverted_pendulum/ann_initial_q_dagger_k8_5seeds,distillation_experiments/artifacts/expert_datasets/expert_inverted_pendulum.npz,901.1000366210938,False,0.0016998732462525368,0.0017392721492797136,0.0027797569055110216,0.0263463594019413,34.38177399299457,30.73689849799848,65.11867249099305,83.46589252102422
inverted_pendulum,shared,q_dagger,16,1,False,distillation_experiments/artifacts/repertoires/ann_feature_sensitivity_5seeds/runs/cgp_feature_inverted_pendulum/shared_q_dagger_k16_seed1,distillation_experiments/artifacts/repertoires/cgp_feature_inverted_pendulum/ann_initial_q_dagger_k8_5seeds,distillation_experiments/artifacts/expert_datasets/expert_inverted_pendulum.npz,32.70000076293945,False,0.0017147985054180026,0.0018795327050611377,0.0028663319535553455,0.011796968057751656,33.722765965998406,31.73796921299072,65.46073517898913,81.30880133199389
inverted_pendulum,shared,q_dagger,16,2,False,distillation_experiments/artifacts/repertoires/ann_feature_sensitivity_5seeds/runs/cgp_feature_inverted_pendulum/shared_q_dagger_k16_seed2,distillation_experiments/artifacts/repertoires/cgp_feature_inverted_pendulum/ann_initial_q_dagger_k8_5seeds,distillation_experiments/artifacts/expert_datasets/expert_inverted_pendulum.npz,172.10000610351562,False,0.00165941275190562,0.002692048205062747,0.003159369109198451,0.003545070067048073,34.47884890300338,29.72019733299385,64.19904623599723,81.76762765098829
inverted_pendulum,shared,q_dagger,16,3,False,distillation_experiments/artifacts/repertoires/ann_feature_sensitivity_5seeds/runs/cgp_feature_inverted_pendulum/shared_q_dagger_k16_seed3,distillation_experiments/artifacts/repertoires/cgp_feature_inverted_pendulum/ann_initial_q_dagger_k8_5seeds,distillation_experiments/artifacts/expert_datasets/expert_inverted_pendulum.npz,30.399999618530273,False,0.00169992761220783,0.0013768832432106137,0.0028019810561090708,0.00409014243632555,35.535860192001564,30.38605112800724,65.9219113200088,83.77935631398577
inverted_pendulum,shared,q_dagger,16,4,False,distillation_experiments/artifacts/repertoires/ann_feature_sensitivity_5seeds/runs/cgp_feature_inverted_pendulum/shared_q_dagger_k16_seed4,distillation_experiments/artifacts/repertoires/cgp_feature_inverted_pendulum/ann_initial_q_dagger_k8_5seeds,distillation_experiments/artifacts/expert_datasets/expert_inverted_pendulum.npz,319.8000183105469,False,0.0015131764812394977,0.001412757090292871,0.0026210227515548468,0.006883854977786541,36.701053681987105,31.767267447023187,68.46832112901029,86.37016838300042
inverted_double_pendulum,shared,uniform,16,0,True,distillation_experiments/artifacts/repertoires/cgp_feature_inverted_double_pendulum/ann_teacher_bc_k16_sensitivity_5seeds_gpu,distillation_experiments/artifacts/repertoires/cgp_feature_inverted_double_pendulum/ann_teacher_bc_k8_5seeds_gpu,distillation_experiments/artifacts/expert_datasets/expert_inverted_double_pendulum.npz,574.99072265625,False,0.00017926863802131265,0.0002645720960572362,0.00017926863802131265,0.0002645720960572362,35.43524118300047,34.145765148001374,69.58100633100184,
inverted_double_pendulum,shared,uniform,16,1,True,distillation_experiments/artifacts/repertoires/cgp_feature_inverted_double_pendulum/ann_teacher_bc_k16_sensitivity_5seeds_gpu,distillation_experiments/artifacts/repertoires/cgp_feature_inverted_double_pendulum/ann_teacher_bc_k8_5seeds_gpu,distillation_experiments/artifacts/expert_datasets/expert_inverted_double_pendulum.npz,3055.085205078125,False,0.00024606642546132207,0.00022269734472502023,0.00024606642546132207,0.00022269734472502023,31.626114886999858,22.958808749001037,54.584923636000894,
inverted_double_pendulum,shared,uniform,16,2,True,distillation_experiments/artifacts/repertoires/cgp_feature_inverted_double_pendulum/ann_teacher_bc_k16_sensitivity_5seeds_gpu,distillation_experiments/artifacts/repertoires/cgp_feature_inverted_double_pendulum/ann_teacher_bc_k8_5seeds_gpu,distillation_experiments/artifacts/expert_datasets/expert_inverted_double_pendulum.npz,9359.1328125,False,0.00021871823992114514,0.0002623082255013287,0.00021871823992114514,0.0002623082255013287,31.26345104700158,23.664983980001125,54.928435027002706,
inverted_double_pendulum,shared,uniform,16,3,True,distillation_experiments/artifacts/repertoires/cgp_feature_inverted_double_pendulum/ann_teacher_bc_k16_sensitivity_5seeds_gpu,distillation_experiments/artifacts/repertoires/cgp_feature_inverted_double_pendulum/ann_teacher_bc_k8_5seeds_gpu,distillation_experiments/artifacts/expert_datasets/expert_inverted_double_pendulum.npz,1808.495361328125,False,0.0002383507671765983,0.0006907796487212181,0.0002383507671765983,0.0006907796487212181,32.47223451999889,24.98159510700134,57.45382962700023,
inverted_double_pendulum,shared,uniform,16,4,True,distillation_experiments/artifacts/repertoires/cgp_feature_inverted_double_pendulum/ann_teacher_bc_k16_sensitivity_5seeds_gpu,distillation_experiments/artifacts/repertoires/cgp_feature_inverted_double_pendulum/ann_teacher_bc_k8_5seeds_gpu,distillation_experiments/artifacts/expert_datasets/expert_inverted_double_pendulum.npz,690.3792114257812,False,0.00017791874415706843,0.00019465321383904666,0.00017791874415706843,0.00019465321383904666,31.393309297000087,22.715185097000358,54.108494394000445,
inverted_double_pendulum,shared,q_dagger,16,0,False,distillation_experiments/artifacts/repertoires/ann_feature_sensitivity_5seeds/runs/cgp_feature_inverted_double_pendulum/shared_q_dagger_k16_seed0,distillation_experiments/artifacts/repertoires/cgp_feature_inverted_double_pendulum/ann_initial_q_dagger_k8_5seeds,distillation_experiments/artifacts/expert_datasets/expert_inverted_double_pendulum.npz,415.7074279785156,False,0.00023706225329078734,0.0005036667571403086,0.00033798182266764343,0.0008135039242915809,38.55826357501792,34.859571359993424,73.41783493501134,93.67576405100408
inverted_double_pendulum,shared,q_dagger,16,1,False,distillation_experiments/artifacts/repertoires/ann_feature_sensitivity_5seeds/runs/cgp_feature_inverted_double_pendulum/shared_q_dagger_k16_seed1,distillation_experiments/artifacts/repertoires/cgp_feature_inverted_double_pendulum/ann_initial_q_dagger_k8_5seeds,distillation_experiments/artifacts/expert_datasets/expert_inverted_double_pendulum.npz,8486.3720703125,False,0.00034009775845333934,0.00035878337803296745,0.00046360542182810605,0.0004286889743525535,35.24402551501407,34.30008727699169,69.54411279200576,86.6037898529903
inverted_double_pendulum,shared,q_dagger,16,2,False,distillation_experiments/artifacts/repertoires/ann_feature_sensitivity_5seeds/runs/cgp_feature_inverted_double_pendulum/shared_q_dagger_k16_seed2,distillation_experiments/artifacts/repertoires/cgp_feature_inverted_double_pendulum/ann_initial_q_dagger_k8_5seeds,distillation_experiments/artifacts/expert_datasets/expert_inverted_double_pendulum.npz,691.1165771484375,False,0.0002834692713804543,0.0006322523695416749,0.0003493270487524569,0.003041526535525918,36.03597350901691,32.16787857998861,68.20385208900552,85.04426973799127
inverted_double_pendulum,shared,q_dagger,16,3,False,distillation_experiments/artifacts/repertoires/ann_feature_sensitivity_5seeds/runs/cgp_feature_inverted_double_pendulum/shared_q_dagger_k16_seed3,distillation_experiments/artifacts/repertoires/cgp_feature_inverted_double_pendulum/ann_initial_q_dagger_k8_5seeds,distillation_experiments/artifacts/expert_datasets/expert_inverted_double_pendulum.npz,8449.6875,False,0.0003532121772877872,0.000492321327328682,0.000422485958551988,0.001298596034757793,35.07235061901156,35.28033082498587,70.35268144399743,88.30685588897904
inverted_double_pendulum,shared,q_dagger,16,4,False,distillation_experiments/artifacts/repertoires/ann_feature_sensitivity_5seeds/runs/cgp_feature_inverted_double_pendulum/shared_q_dagger_k16_seed4,distillation_experiments/artifacts/repertoires/cgp_feature_inverted_double_pendulum/ann_initial_q_dagger_k8_5seeds,distillation_experiments/artifacts/expert_datasets/expert_inverted_double_pendulum.npz,760.1482543945312,False,0.000198195586563088,0.00022423364862333983,0.0002983342856168747,0.00030058869742788374,34.32266761298524,34.59448672799044,68.91715434097569,87.2167817009904
hopper,shared,uniform,16,0,False,distillation_experiments/artifacts/repertoires/ann_feature_sensitivity_5seeds/runs/cgp_feature_hopper/shared_uniform_k16_seed0,distillation_experiments/artifacts/repertoires/cgp_feature_hopper/ann_initial_uniform_k8_5seeds,distillation_experiments/artifacts/expert_datasets/expert_hopper.npz,204.9296875,False,0.07979737967252731,0.08049830794334412,0.07979737967252731,0.08049830794334412,36.60713060898706,36.44186003901996,73.04899064800702,102.91351004102034
hopper,shared,uniform,16,1,False,distillation_experiments/artifacts/repertoires/ann_feature_sensitivity_5seeds/runs/cgp_feature_hopper/shared_uniform_k16_seed1,distillation_experiments/artifacts/repertoires/cgp_feature_hopper/ann_initial_uniform_k8_5seeds,distillation_experiments/artifacts/expert_datasets/expert_hopper.npz,153.6061248779297,False,0.07770538330078125,0.0781366303563118,0.07770538330078125,0.0781366303563118,35.96343075099867,37.3404293860076,73.30386013700627,104.75586250500055
hopper,shared,uniform,16,2,False,distillation_experiments/artifacts/repertoires/ann_feature_sensitivity_5seeds/runs/cgp_feature_hopper/shared_uniform_k16_seed2,distillation_experiments/artifacts/repertoires/cgp_feature_hopper/ann_initial_uniform_k8_5seeds,distillation_experiments/artifacts/expert_datasets/expert_hopper.npz,256.2726745605469,False,0.07980918139219284,0.08211557567119598,0.07980918139219284,0.08211557567119598,36.30728100499255,36.751774534990545,73.05905553998309,104.76532554399455
hopper,shared,uniform,16,3,False,distillation_experiments/artifacts/repertoires/ann_feature_sensitivity_5seeds/runs/cgp_feature_hopper/shared_uniform_k16_seed3,distillation_experiments/artifacts/repertoires/cgp_feature_hopper/ann_initial_uniform_k8_5seeds,distillation_experiments/artifacts/expert_datasets/expert_hopper.npz,278.6630859375,False,0.07851719111204147,0.07863829284906387,0.07851719111204147,0.07863829284906387,37.740892280999105,36.9276893499773,74.6685816309764,105.46931203198619
hopper,shared,uniform,16,4,False,distillation_experiments/artifacts/repertoires/ann_feature_sensitivity_5seeds/runs/cgp_feature_hopper/shared_uniform_k16_seed4,distillation_experiments/artifacts/repertoires/cgp_feature_hopper/ann_initial_uniform_k8_5seeds,distillation_experiments/artifacts/expert_datasets/expert_hopper.npz,286.8497009277344,False,0.07936545461416245,0.07728758454322815,0.07936545461416245,0.07728758454322815,37.86051426301128,36.46316777099855,74.32368203400983,104.562664742989
hopper,shared,q_dagger,16,0,False,distillation_experiments/artifacts/repertoires/ann_feature_sensitivity_5seeds/runs/cgp_feature_hopper/shared_q_dagger_k16_seed0,distillation_experiments/artifacts/repertoires/cgp_feature_hopper/ann_initial_q_dagger_k8_5seeds,distillation_experiments/artifacts/expert_datasets/expert_hopper.npz,1056.9051513671875,False,0.08343040943145752,0.08454105257987976,0.0759657621383667,0.07843019813299179,36.238822507992154,37.19411833299091,73.43294084098306,109.32034870100324
hopper,shared,q_dagger,16,1,False,distillation_experiments/artifacts/repertoires/ann_feature_sensitivity_5seeds/runs/cgp_feature_hopper/shared_q_dagger_k16_seed1,distillation_experiments/artifacts/repertoires/cgp_feature_hopper/ann_initial_q_dagger_k8_5seeds,distillation_experiments/artifacts/expert_datasets/expert_hopper.npz,674.2676391601562,False,0.07972200959920883,0.07935749739408493,0.07448267191648483,0.0739690288901329,37.868974559998605,38.62463923799805,76.49361379799666,110.0816597850062
hopper,shared,q_dagger,16,2,False,distillation_experiments/artifacts/repertoires/ann_feature_sensitivity_5seeds/runs/cgp_feature_hopper/shared_q_dagger_k16_seed2,distillation_experiments/artifacts/repertoires/cgp_feature_hopper/ann_initial_q_dagger_k8_5seeds,distillation_experiments/artifacts/expert_datasets/expert_hopper.npz,669.3905639648438,False,0.08393660187721252,0.08537030965089798,0.07761339098215103,0.07917102426290512,40.67496040000697,36.49482305999845,77.16978346000542,107.96284522899077
hopper,shared,q_dagger,16,3,False,distillation_experiments/artifacts/repertoires/ann_feature_sensitivity_5seeds/runs/cgp_feature_hopper/shared_q_dagger_k16_seed3,distillation_experiments/artifacts/repertoires/cgp_feature_hopper/ann_initial_q_dagger_k8_5seeds,distillation_experiments/artifacts/expert_datasets/expert_hopper.npz,2246.49169921875,False,0.0843113586306572,0.08458035439252853,0.07627931982278824,0.07674869894981384,36.12739147499087,35.681441977998475,71.80883345298935,105.04202554799849
hopper,shared,q_dagger,16,4,False,distillation_experiments/artifacts/repertoires/ann_feature_sensitivity_5seeds/runs/cgp_feature_hopper/shared_q_dagger_k16_seed4,distillation_experiments/artifacts/repertoires/cgp_feature_hopper/ann_initial_q_dagger_k8_5seeds,distillation_experiments/artifacts/expert_datasets/expert_hopper.npz,193.02040100097656,False,0.08294183015823364,0.08058782666921616,0.0782996416091919,0.07281666249036789,38.80310776398983,36.212391543987906,75.01549930797773,105.76457885699347
hopper,independent,uniform,16,0,False,distillation_experiments/artifacts/repertoires/ann_feature_sensitivity_5seeds/runs/cgp_action_feature_hopper/independent_uniform_k16_seed0,distillation_experiments/artifacts/repertoires/cgp_action_feature_hopper/ann_independent_uniform_k8_5seeds,distillation_experiments/artifacts/expert_datasets/expert_hopper.npz,816.1737670898438,False,0.0695730596780777,0.06693487614393234,0.0695730596780777,0.06693487614393234,102.83675150200725,36.840937829983886,139.67768933199113,171.9344797010126
hopper,independent,uniform,16,1,False,distillation_experiments/artifacts/repertoires/ann_feature_sensitivity_5seeds/runs/cgp_action_feature_hopper/independent_uniform_k16_seed1,distillation_experiments/artifacts/repertoires/cgp_action_feature_hopper/ann_independent_uniform_k8_5seeds,distillation_experiments/artifacts/expert_datasets/expert_hopper.npz,155.72195434570312,False,0.06731865555047989,0.06731283664703369,0.06731865555047989,0.06731283664703369,99.07251670799451,38.26891907499521,137.34143578298972,171.8320158229908
hopper,independent,uniform,16,2,False,distillation_experiments/artifacts/repertoires/ann_feature_sensitivity_5seeds/runs/cgp_action_feature_hopper/independent_uniform_k16_seed2,distillation_experiments/artifacts/repertoires/cgp_action_feature_hopper/ann_independent_uniform_k8_5seeds,distillation_experiments/artifacts/expert_datasets/expert_hopper.npz,324.42803955078125,False,0.07170503586530685,0.07481773942708969,0.07170503586530685,0.07481773942708969,102.95783435599878,37.808808350993786,140.76664270699257,173.77535399899352
hopper,independent,uniform,16,3,False,distillation_experiments/artifacts/repertoires/ann_feature_sensitivity_5seeds/runs/cgp_action_feature_hopper/independent_uniform_k16_seed3,distillation_experiments/artifacts/repertoires/cgp_action_feature_hopper/ann_independent_uniform_k8_5seeds,distillation_experiments/artifacts/expert_datasets/expert_hopper.npz,108.65824127197266,False,0.0706184133887291,0.07110818475484848,0.0706184133887291,0.07110818475484848,102.71474764501909,36.83978102597757,139.55452867099666,173.62656063199393
hopper,independent,uniform,16,4,False,distillation_experiments/artifacts/repertoires/ann_feature_sensitivity_5seeds/runs/cgp_action_feature_hopper/independent_uniform_k16_seed4,distillation_experiments/artifacts/repertoires/cgp_action_feature_hopper/ann_independent_uniform_k8_5seeds,distillation_experiments/artifacts/expert_datasets/expert_hopper.npz,180.0206756591797,False,0.0700099766254425,0.06894846260547638,0.0700099766254425,0.06894846260547638,99.04307031299686,37.16546659200685,136.2085369050037,168.25027320999652
hopper,independent,q_dagger,16,0,False,distillation_experiments/artifacts/repertoires/ann_feature_sensitivity_5seeds/runs/cgp_action_feature_hopper/independent_q_dagger_k16_seed0,distillation_experiments/artifacts/repertoires/cgp_action_feature_hopper/ann_independent_q_dagger_k8_5seeds,distillation_experiments/artifacts/expert_datasets/expert_hopper.npz,407.3653259277344,False,0.07502760738134384,0.07664496451616287,0.0646512359380722,0.06564708054065704,101.33713831700152,38.67418247202295,140.01132078902447,175.3217621119984
hopper,independent,q_dagger,16,1,False,distillation_experiments/artifacts/repertoires/ann_feature_sensitivity_5seeds/runs/cgp_action_feature_hopper/independent_q_dagger_k16_seed1,distillation_experiments/artifacts/repertoires/cgp_action_feature_hopper/ann_independent_q_dagger_k8_5seeds,distillation_experiments/artifacts/expert_datasets/expert_hopper.npz,572.0003662109375,False,0.07291346788406372,0.07330311834812164,0.06523769348859787,0.06454752385616302,103.01375885499874,35.49163383099949,138.50539268599823,171.53083863199572
hopper,independent,q_dagger,16,2,False,distillation_experiments/artifacts/repertoires/ann_feature_sensitivity_5seeds/runs/cgp_action_feature_hopper/independent_q_dagger_k16_seed2,distillation_experiments/artifacts/repertoires/cgp_action_feature_hopper/ann_independent_q_dagger_k8_5seeds,distillation_experiments/artifacts/expert_datasets/expert_hopper.npz,32.785400390625,False,0.07249431312084198,0.07515720278024673,0.06642764806747437,0.06826918572187424,97.39229358700686,37.56259825799498,134.95489184500184,167.2790033670026
hopper,independent,q_dagger,16,3,False,distillation_experiments/artifacts/repertoires/ann_feature_sensitivity_5seeds/runs/cgp_action_feature_hopper/independent_q_dagger_k16_seed3,distillation_experiments/artifacts/repertoires/cgp_action_feature_hopper/ann_independent_q_dagger_k8_5seeds,distillation_experiments/artifacts/expert_datasets/expert_hopper.npz,479.9180603027344,False,0.0720553919672966,0.07330910116434097,0.0635841116309166,0.06470437347888947,101.47246104700025,37.060792835982284,138.53325388298254,174.18787253499613
hopper,independent,q_dagger,16,4,False,distillation_experiments/artifacts/repertoires/ann_feature_sensitivity_5seeds/runs/cgp_action_feature_hopper/independent_q_dagger_k16_seed4,distillation_experiments/artifacts/repertoires/cgp_action_feature_hopper/ann_independent_q_dagger_k8_5seeds,distillation_experiments/artifacts/expert_datasets/expert_hopper.npz,121.03057098388672,False,0.0728180781006813,0.07353423535823822,0.06348078697919846,0.060858894139528275,99.7447691669804,36.782054048002465,136.52682321498287,169.38176720502088
walker2d,shared,uniform,16,0,False,distillation_experiments/artifacts/repertoires/ann_feature_sensitivity_5seeds/runs/cgp_feature_walker2d/shared_uniform_k16_seed0,distillation_experiments/artifacts/repertoires/cgp_feature_walker2d/ann_initial_uniform_k8_5seeds,distillation_experiments/artifacts/expert_datasets/expert_walker2d.npz,65.1113510131836,False,0.12193690240383148,0.12826624512672424,0.12193690240383148,0.12826624512672424,38.20026155898813,41.90098448499339,80.10124604398152,114.29892545597977
walker2d,shared,uniform,16,1,False,distillation_experiments/artifacts/repertoires/ann_feature_sensitivity_5seeds/runs/cgp_feature_walker2d/shared_uniform_k16_seed1,distillation_experiments/artifacts/repertoires/cgp_feature_walker2d/ann_initial_uniform_k8_5seeds,distillation_experiments/artifacts/expert_datasets/expert_walker2d.npz,56.3972053527832,False,0.1290961354970932,0.13183879852294922,0.1290961354970932,0.13183879852294922,36.505447272007586,41.1713184780092,77.67676575001678,112.35654111098847
walker2d,shared,uniform,16,2,False,distillation_experiments/artifacts/repertoires/ann_feature_sensitivity_5seeds/runs/cgp_feature_walker2d/shared_uniform_k16_seed2,distillation_experiments/artifacts/repertoires/cgp_feature_walker2d/ann_initial_uniform_k8_5seeds,distillation_experiments/artifacts/expert_datasets/expert_walker2d.npz,75.72830963134766,False,0.1258690059185028,0.12463066726922989,0.1258690059185028,0.12463066726922989,39.36616306999349,40.196268088009674,79.56243115800316,117.84842583397403
walker2d,shared,uniform,16,3,False,distillation_experiments/artifacts/repertoires/ann_feature_sensitivity_5seeds/runs/cgp_feature_walker2d/shared_uniform_k16_seed3,distillation_experiments/artifacts/repertoires/cgp_feature_walker2d/ann_initial_uniform_k8_5seeds,distillation_experiments/artifacts/expert_datasets/expert_walker2d.npz,31.85675048828125,False,0.12470680475234985,0.12201052159070969,0.12470680475234985,0.12201052159070969,37.85449095300282,42.2828057599836,80.13729671298643,114.92033489700407
walker2d,shared,uniform,16,4,False,distillation_experiments/artifacts/repertoires/ann_feature_sensitivity_5seeds/runs/cgp_feature_walker2d/shared_uniform_k16_seed4,distillation_experiments/artifacts/repertoires/cgp_feature_walker2d/ann_initial_uniform_k8_5seeds,distillation_experiments/artifacts/expert_datasets/expert_walker2d.npz,133.24392700195312,False,0.12400009483098984,0.1211857795715332,0.12400009483098984,0.1211857795715332,37.06717134398059,40.25707217500894,77.32424351898953,112.05402907301323
walker2d,shared,q_dagger,16,0,False,distillation_experiments/artifacts/repertoires/ann_feature_sensitivity_5seeds/runs/cgp_feature_walker2d/shared_q_dagger_k16_seed0,distillation_experiments/artifacts/repertoires/cgp_feature_walker2d/ann_initial_q_dagger_k8_5seeds,distillation_experiments/artifacts/expert_datasets/expert_walker2d.npz,245.08364868164062,False,0.13029196858406067,0.13708527386188507,0.11171486228704453,0.12004469335079193,38.000417953007855,41.08474555501016,79.08516350801801,116.73179088000325
walker2d,shared,q_dagger,16,1,False,distillation_experiments/artifacts/repertoires/ann_feature_sensitivity_5seeds/runs/cgp_feature_walker2d/shared_q_dagger_k16_seed1,distillation_experiments/artifacts/repertoires/cgp_feature_walker2d/ann_initial_q_dagger_k8_5seeds,distillation_experiments/artifacts/expert_datasets/expert_walker2d.npz,95.31587982177734,False,0.13756485283374786,0.14013278484344482,0.11484465003013611,0.11841721832752228,36.40947689700988,40.0318575759884,76.44133447299828,111.60703006599215
walker2d,shared,q_dagger,16,2,False,distillation_experiments/artifacts/repertoires/ann_feature_sensitivity_5seeds/runs/cgp_feature_walker2d/shared_q_dagger_k16_seed2,distillation_experiments/artifacts/repertoires/cgp_feature_walker2d/ann_initial_q_dagger_k8_5seeds,distillation_experiments/artifacts/expert_datasets/expert_walker2d.npz,144.82521057128906,False,0.13475756347179413,0.12909841537475586,0.11263363063335419,0.10767430067062378,35.525519998016534,40.548039651010185,76.07355964902672,113.68335013798787
walker2d,shared,q_dagger,16,3,False,distillation_experiments/artifacts/repertoires/ann_feature_sensitivity_5seeds/runs/cgp_feature_walker2d/shared_q_dagger_k16_seed3,distillation_experiments/artifacts/repertoires/cgp_feature_walker2d/ann_initial_q_dagger_k8_5seeds,distillation_experiments/artifacts/expert_datasets/expert_walker2d.npz,94.93084716796875,False,0.13113611936569214,0.12840992212295532,0.1126369833946228,0.11001190543174744,36.08076434198301,41.46737555798609,77.5481398999691,112.83930503801093
walker2d,shared,q_dagger,16,4,False,distillation_experiments/artifacts/repertoires/ann_feature_sensitivity_5seeds/runs/cgp_feature_walker2d/shared_q_dagger_k16_seed4,distillation_experiments/artifacts/repertoires/cgp_feature_walker2d/ann_initial_q_dagger_k8_5seeds,distillation_experiments/artifacts/expert_datasets/expert_walker2d.npz,51.97711944580078,False,0.13739944994449615,0.13774524629116058,0.11073262244462967,0.11280486732721329,36.22256346399081,40.909034928976325,77.13159839296713,113.87073315499583
walker2d,independent,uniform,16,0,False,distillation_experiments/artifacts/repertoires/ann_feature_sensitivity_5seeds/runs/cgp_action_feature_walker2d/independent_uniform_k16_seed0,distillation_experiments/artifacts/repertoires/cgp_action_feature_walker2d/ann_independent_uniform_k8_5seeds,distillation_experiments/artifacts/expert_datasets/expert_walker2d.npz,51.28389358520508,False,0.09652695804834366,0.10344516485929489,0.09652695804834366,0.10344516485929489,204.80599724000785,41.19028695402085,245.9962841940287,284.153050221008
walker2d,independent,uniform,16,1,False,distillation_experiments/artifacts/repertoires/ann_feature_sensitivity_5seeds/runs/cgp_action_feature_walker2d/independent_uniform_k16_seed1,distillation_experiments/artifacts/repertoires/cgp_action_feature_walker2d/ann_independent_uniform_k8_5seeds,distillation_experiments/artifacts/expert_datasets/expert_walker2d.npz,47.43876647949219,False,0.10083812475204468,0.10285463184118271,0.10083812475204468,0.10285463184118271,199.25093220698182,40.7009978290007,239.9519300359825,276.51774208800634
walker2d,independent,uniform,16,2,False,distillation_experiments/artifacts/repertoires/ann_feature_sensitivity_5seeds/runs/cgp_action_feature_walker2d/independent_uniform_k16_seed2,distillation_experiments/artifacts/repertoires/cgp_action_feature_walker2d/ann_independent_uniform_k8_5seeds,distillation_experiments/artifacts/expert_datasets/expert_walker2d.npz,7.564278602600098,False,0.09579211473464966,0.09713149070739746,0.09579211473464966,0.09713149070739746,200.30940189099056,41.85813509099535,242.1675369819859,280.54183195598307
walker2d,independent,uniform,16,3,False,distillation_experiments/artifacts/repertoires/ann_feature_sensitivity_5seeds/runs/cgp_action_feature_walker2d/independent_uniform_k16_seed3,distillation_experiments/artifacts/repertoires/cgp_action_feature_walker2d/ann_independent_uniform_k8_5seeds,distillation_experiments/artifacts/expert_datasets/expert_walker2d.npz,-10.040928840637207,False,0.09529421478509903,0.09384993463754654,0.09529421478509903,0.09384993463754654,201.1934629640018,44.9817037479952,246.175166711997,282.36780486500356
walker2d,independent,uniform,16,4,False,distillation_experiments/artifacts/repertoires/ann_feature_sensitivity_5seeds/runs/cgp_action_feature_walker2d/independent_uniform_k16_seed4,distillation_experiments/artifacts/repertoires/cgp_action_feature_walker2d/ann_independent_uniform_k8_5seeds,distillation_experiments/artifacts/expert_datasets/expert_walker2d.npz,55.10805892944336,False,0.09568654000759125,0.09430232644081116,0.09568654000759125,0.09430232644081116,194.65330008699675,40.87667097899248,235.52997106598923,273.11692639198736
walker2d,independent,q_dagger,16,0,False,distillation_experiments/artifacts/repertoires/ann_feature_sensitivity_5seeds/runs/cgp_action_feature_walker2d/independent_q_dagger_k16_seed0,distillation_experiments/artifacts/repertoires/cgp_action_feature_walker2d/ann_independent_q_dagger_k8_5seeds,distillation_experiments/artifacts/expert_datasets/expert_walker2d.npz,356.4975280761719,False,0.10072379559278488,0.10525684058666229,0.08151020109653473,0.0863482803106308,200.21555656398414,42.791119429981336,243.00667599396547,279.40116722197854
walker2d,independent,q_dagger,16,1,False,distillation_experiments/artifacts/repertoires/ann_feature_sensitivity_5seeds/runs/cgp_action_feature_walker2d/independent_q_dagger_k16_seed1,distillation_experiments/artifacts/repertoires/cgp_action_feature_walker2d/ann_independent_q_dagger_k8_5seeds,distillation_experiments/artifacts/expert_datasets/expert_walker2d.npz,258.1587219238281,False,0.11010532081127167,0.11106129735708237,0.0861557349562645,0.0876074805855751,198.01819857599912,41.79597837702022,239.81417695301934,275.43249465097324
walker2d,independent,q_dagger,16,2,False,distillation_experiments/artifacts/repertoires/ann_feature_sensitivity_5seeds/runs/cgp_action_feature_walker2d/independent_q_dagger_k16_seed2,distillation_experiments/artifacts/repertoires/cgp_action_feature_walker2d/ann_independent_q_dagger_k8_5seeds,distillation_experiments/artifacts/expert_datasets/expert_walker2d.npz,46.95176315307617,False,0.10760095715522766,0.10752947628498077,0.08259058743715286,0.08548583090305328,197.95732536999276,41.58524890098488,239.54257427097764,277.8542468480009
walker2d,independent,q_dagger,16,3,False,distillation_experiments/artifacts/repertoires/ann_feature_sensitivity_5seeds/runs/cgp_action_feature_walker2d/independent_q_dagger_k16_seed3,distillation_experiments/artifacts/repertoires/cgp_action_feature_walker2d/ann_independent_q_dagger_k8_5seeds,distillation_experiments/artifacts/expert_datasets/expert_walker2d.npz,211.351806640625,False,0.10630223900079727,0.10442385077476501,0.08196257799863815,0.07762976735830307,198.50958009899477,41.958148464007536,240.4677285630023,279.6102356449992
walker2d,independent,q_dagger,16,4,False,distillation_experiments/artifacts/repertoires/ann_feature_sensitivity_5seeds/runs/cgp_action_feature_walker2d/independent_q_dagger_k16_seed4,distillation_experiments/artifacts/repertoires/cgp_action_feature_walker2d/ann_independent_q_dagger_k8_5seeds,distillation_experiments/artifacts/expert_datasets/expert_walker2d.npz,229.9983367919922,False,0.10688755661249161,0.10820674151182175,0.08316855132579803,0.08485907316207886,202.09361057300703,42.519508891011355,244.61311946401838,283.2865888290107
inverted_pendulum,shared,uniform,32,0,False,distillation_experiments/artifacts/repertoires/ann_feature_sensitivity_5seeds/runs/cgp_feature_inverted_pendulum/shared_uniform_k32_seed0,distillation_experiments/artifacts/repertoires/cgp_feature_inverted_pendulum/ann_initial_uniform_k8_5seeds,distillation_experiments/artifacts/expert_datasets/expert_inverted_pendulum.npz,36.0,False,0.00028476936859078705,0.00034878935548476875,0.0002847281575668603,0.00034878935548476875,41.08375400301884,29.134622558020055,70.2183765610389,88.24644063098822
inverted_pendulum,shared,uniform,32,1,False,distillation_experiments/artifacts/repertoires/ann_feature_sensitivity_5seeds/runs/cgp_feature_inverted_pendulum/shared_uniform_k32_seed1,distillation_experiments/artifacts/repertoires/cgp_feature_inverted_pendulum/ann_initial_uniform_k8_5seeds,distillation_experiments/artifacts/expert_datasets/expert_inverted_pendulum.npz,327.70001220703125,False,0.0002823413524311036,0.0006200795178301632,0.0002823432150762528,0.0006200795178301632,37.81421831200714,30.704326366016176,68.51854467802332,85.56322434198228
inverted_pendulum,shared,uniform,32,2,False,distillation_experiments/artifacts/repertoires/ann_feature_sensitivity_5seeds/runs/cgp_feature_inverted_pendulum/shared_uniform_k32_seed2,distillation_experiments/artifacts/repertoires/cgp_feature_inverted_pendulum/ann_initial_uniform_k8_5seeds,distillation_experiments/artifacts/expert_datasets/expert_inverted_pendulum.npz,226.90000915527344,False,0.0002914818178396672,0.0002873586199712008,0.0002915014047175646,0.0002873586199712008,39.581598718010355,30.731056627002545,70.3126553450129,85.34068598001613
inverted_pendulum,shared,uniform,32,3,False,distillation_experiments/artifacts/repertoires/ann_feature_sensitivity_5seeds/runs/cgp_feature_inverted_pendulum/shared_uniform_k32_seed3,distillation_experiments/artifacts/repertoires/cgp_feature_inverted_pendulum/ann_initial_uniform_k8_5seeds,distillation_experiments/artifacts/expert_datasets/expert_inverted_pendulum.npz,36.900001525878906,False,0.00034077331656590104,0.00038400304038077593,0.0003407734038773924,0.00038400304038077593,39.47554124699673,30.35641417201259,69.83195541900932,86.98460842500208
inverted_pendulum,shared,uniform,32,4,False,distillation_experiments/artifacts/repertoires/ann_feature_sensitivity_5seeds/runs/cgp_feature_inverted_pendulum/shared_uniform_k32_seed4,distillation_experiments/artifacts/repertoires/cgp_feature_inverted_pendulum/ann_initial_uniform_k8_5seeds,distillation_experiments/artifacts/expert_datasets/expert_inverted_pendulum.npz,805.1000366210938,False,0.00026191482902504504,0.0006077002617530525,0.00026189160416834056,0.0006077002617530525,39.67973699400318,30.393972793011926,70.0737097870151,87.2719775440055
inverted_pendulum,shared,q_dagger,32,0,False,distillation_experiments/artifacts/repertoires/ann_feature_sensitivity_5seeds/runs/cgp_feature_inverted_pendulum/shared_q_dagger_k32_seed0,distillation_experiments/artifacts/repertoires/cgp_feature_inverted_pendulum/ann_initial_q_dagger_k8_5seeds,distillation_experiments/artifacts/expert_datasets/expert_inverted_pendulum.npz,1000.0,False,0.001738146529532969,0.0016251127235591412,0.0018406263552606106,0.008880501613020897,40.05178616801277,30.806234643998323,70.85802081201109,87.51002760999836
inverted_pendulum,shared,q_dagger,32,1,False,distillation_experiments/artifacts/repertoires/ann_feature_sensitivity_5seeds/runs/cgp_feature_inverted_pendulum/shared_q_dagger_k32_seed1,distillation_experiments/artifacts/repertoires/cgp_feature_inverted_pendulum/ann_initial_q_dagger_k8_5seeds,distillation_experiments/artifacts/expert_datasets/expert_inverted_pendulum.npz,115.80000305175781,False,0.0014139683917164803,0.001604346209205687,0.0018407210009172559,0.01035088486969471,39.053402345016366,29.712008461996447,68.76541080701281,85.84811413299758
inverted_pendulum,shared,q_dagger,32,2,False,distillation_experiments/artifacts/repertoires/ann_feature_sensitivity_5seeds/runs/cgp_feature_inverted_pendulum/shared_q_dagger_k32_seed2,distillation_experiments/artifacts/repertoires/cgp_feature_inverted_pendulum/ann_initial_q_dagger_k8_5seeds,distillation_experiments/artifacts/expert_datasets/expert_inverted_pendulum.npz,465.5,False,0.0012089248048141599,0.001562959747388959,0.0018425568705424666,0.003854704089462757,39.497784881008556,30.037786999018863,69.53557188002742,85.08519281598274
inverted_pendulum,shared,q_dagger,32,3,False,distillation_experiments/artifacts/repertoires/ann_feature_sensitivity_5seeds/runs/cgp_feature_inverted_pendulum/shared_q_dagger_k32_seed3,distillation_experiments/artifacts/repertoires/cgp_feature_inverted_pendulum/ann_initial_q_dagger_k8_5seeds,distillation_experiments/artifacts/expert_datasets/expert_inverted_pendulum.npz,1000.0,False,0.0012736133066937327,0.001081955968402326,0.0018401789711788297,0.0022868316154927015,41.2987804269942,30.504281203000573,71.80306162999477,90.04781886498677
inverted_pendulum,shared,q_dagger,32,4,False,distillation_experiments/artifacts/repertoires/ann_feature_sensitivity_5seeds/runs/cgp_feature_inverted_pendulum/shared_q_dagger_k32_seed4,distillation_experiments/artifacts/repertoires/cgp_feature_inverted_pendulum/ann_initial_q_dagger_k8_5seeds,distillation_experiments/artifacts/expert_datasets/expert_inverted_pendulum.npz,28.200000762939453,False,0.0007290002540685236,0.0012864619493484497,0.001599388080649078,0.05799423158168793,39.74266839399934,30.29939172102604,70.04206011502538,87.84600798599422
inverted_double_pendulum,shared,uniform,32,0,True,distillation_experiments/artifacts/repertoires/cgp_feature_inverted_double_pendulum/ann_teacher_bc_k32_sensitivity_5seeds_gpu,distillation_experiments/artifacts/repertoires/cgp_feature_inverted_double_pendulum/ann_teacher_bc_k8_5seeds_gpu,distillation_experiments/artifacts/expert_datasets/expert_inverted_double_pendulum.npz,801.2745971679688,False,0.00013529782881960273,0.0002318727783858776,0.00013529782881960273,0.0002318727783858776,41.69924618999721,33.75055888499992,75.44980507499713,
inverted_double_pendulum,shared,uniform,32,1,True,distillation_experiments/artifacts/repertoires/cgp_feature_inverted_double_pendulum/ann_teacher_bc_k32_sensitivity_5seeds_gpu,distillation_experiments/artifacts/repertoires/cgp_feature_inverted_double_pendulum/ann_teacher_bc_k8_5seeds_gpu,distillation_experiments/artifacts/expert_datasets/expert_inverted_double_pendulum.npz,737.16455078125,False,0.0001771063543856144,0.00015616283053532243,0.0001771063543856144,0.00015616283053532243,34.979717255999276,24.69803803800096,59.677755294000235,
inverted_double_pendulum,shared,uniform,32,2,True,distillation_experiments/artifacts/repertoires/cgp_feature_inverted_double_pendulum/ann_teacher_bc_k32_sensitivity_5seeds_gpu,distillation_experiments/artifacts/repertoires/cgp_feature_inverted_double_pendulum/ann_teacher_bc_k8_5seeds_gpu,distillation_experiments/artifacts/expert_datasets/expert_inverted_double_pendulum.npz,2139.31689453125,False,9.118145680986345e-05,0.0004078319179825485,9.118145680986345e-05,0.0004078319179825485,39.29581228200186,23.083234768000693,62.379047050002555,
inverted_double_pendulum,shared,uniform,32,3,True,distillation_experiments/artifacts/repertoires/cgp_feature_inverted_double_pendulum/ann_teacher_bc_k32_sensitivity_5seeds_gpu,distillation_experiments/artifacts/repertoires/cgp_feature_inverted_double_pendulum/ann_teacher_bc_k8_5seeds_gpu,distillation_experiments/artifacts/expert_datasets/expert_inverted_double_pendulum.npz,4188.97900390625,False,0.00016382166359107941,0.0002633139956742525,0.00016382166359107941,0.0002633139956742525,41.04837598700033,25.53435948799961,66.58273547499994,
inverted_double_pendulum,shared,uniform,32,4,True,distillation_experiments/artifacts/repertoires/cgp_feature_inverted_double_pendulum/ann_teacher_bc_k32_sensitivity_5seeds_gpu,distillation_experiments/artifacts/repertoires/cgp_feature_inverted_double_pendulum/ann_teacher_bc_k8_5seeds_gpu,distillation_experiments/artifacts/expert_datasets/expert_inverted_double_pendulum.npz,3466.430908203125,False,0.0001599686365807429,0.0001559680822538212,0.0001599686365807429,0.0001559680822538212,41.237240558999474,24.914787781002815,66.15202834000229,
inverted_double_pendulum,shared,q_dagger,32,0,False,distillation_experiments/artifacts/repertoires/ann_feature_sensitivity_5seeds/runs/cgp_feature_inverted_double_pendulum/shared_q_dagger_k32_seed0,distillation_experiments/artifacts/repertoires/cgp_feature_inverted_double_pendulum/ann_initial_q_dagger_k8_5seeds,distillation_experiments/artifacts/expert_datasets/expert_inverted_double_pendulum.npz,665.4602661132812,False,0.00014988172915764153,0.00019635268836282194,0.00018103681213688105,0.00046627968549728394,40.241073279001284,36.42622190300608,76.66729518200736,93.71922925900435
inverted_double_pendulum,shared,q_dagger,32,1,False,distillation_experiments/artifacts/repertoires/ann_feature_sensitivity_5seeds/runs/cgp_feature_inverted_double_pendulum/shared_q_dagger_k32_seed1,distillation_experiments/artifacts/repertoires/cgp_feature_inverted_double_pendulum/ann_initial_q_dagger_k8_5seeds,distillation_experiments/artifacts/expert_datasets/expert_inverted_double_pendulum.npz,6274.23828125,False,0.00021046947222203016,0.00027297833003103733,0.00025764392921701074,0.0011271320981904864,40.44938836200163,33.13589211998624,73.58528048198787,91.90699074100121
inverted_double_pendulum,shared,q_dagger,32,2,False,distillation_experiments/artifacts/repertoires/ann_feature_sensitivity_5seeds/runs/cgp_feature_inverted_double_pendulum/shared_q_dagger_k32_seed2,distillation_experiments/artifacts/repertoires/cgp_feature_inverted_double_pendulum/ann_initial_q_dagger_k8_5seeds,distillation_experiments/artifacts/expert_datasets/expert_inverted_double_pendulum.npz,1633.7344970703125,False,0.00016578608483541757,0.0006418654811568558,0.000182001618668437,0.0015573709970340133,40.018330062011955,33.264748678018805,73.28307874003076,91.42465092998464
inverted_double_pendulum,shared,q_dagger,32,3,False,distillation_experiments/artifacts/repertoires/ann_feature_sensitivity_5seeds/runs/cgp_feature_inverted_double_pendulum/shared_q_dagger_k32_seed3,distillation_experiments/artifacts/repertoires/cgp_feature_inverted_double_pendulum/ann_initial_q_dagger_k8_5seeds,distillation_experiments/artifacts/expert_datasets/expert_inverted_double_pendulum.npz,1338.828857421875,False,0.00017911121540237218,0.00021908554481342435,0.00025442030164413154,0.000620886858087033,39.50352889098576,34.00737733001006,73.51090622099582,90.06609675299842
inverted_double_pendulum,shared,q_dagger,32,4,False,distillation_experiments/artifacts/repertoires/ann_feature_sensitivity_5seeds/runs/cgp_feature_inverted_double_pendulum/shared_q_dagger_k32_seed4,distillation_experiments/artifacts/repertoires/cgp_feature_inverted_double_pendulum/ann_initial_q_dagger_k8_5seeds,distillation_experiments/artifacts/expert_datasets/expert_inverted_double_pendulum.npz,617.4407348632812,False,0.00019606994464993477,0.000164697747095488,0.0002677607990335673,0.0002908817841671407,39.61792132401024,34.641722399013815,74.25964372302406,91.7444109369826
hopper,shared,uniform,32,0,False,distillation_experiments/artifacts/repertoires/ann_feature_sensitivity_5seeds/runs/cgp_feature_hopper/shared_uniform_k32_seed0,distillation_experiments/artifacts/repertoires/cgp_feature_hopper/ann_initial_uniform_k8_5seeds,distillation_experiments/artifacts/expert_datasets/expert_hopper.npz,239.4772186279297,False,0.06639151275157928,0.06589123606681824,0.06639151275157928,0.06589123606681824,43.30565557500813,36.486310090025654,79.79196566503379,109.6304248389788
hopper,shared,uniform,32,1,False,distillation_experiments/artifacts/repertoires/ann_feature_sensitivity_5seeds/runs/cgp_feature_hopper/shared_uniform_k32_seed1,distillation_experiments/artifacts/repertoires/cgp_feature_hopper/ann_initial_uniform_k8_5seeds,distillation_experiments/artifacts/expert_datasets/expert_hopper.npz,424.103515625,False,0.06506624072790146,0.06665950268507004,0.06506624072790146,0.06665950268507004,40.73825148399919,36.30863265800872,77.04688414200791,107.73537132097408
hopper,shared,uniform,32,2,False,distillation_experiments/artifacts/repertoires/ann_feature_sensitivity_5seeds/runs/cgp_feature_hopper/shared_uniform_k32_seed2,distillation_experiments/artifacts/repertoires/cgp_feature_hopper/ann_initial_uniform_k8_5seeds,distillation_experiments/artifacts/expert_datasets/expert_hopper.npz,508.9689636230469,False,0.0669311061501503,0.06937147676944733,0.0669311061501503,0.06937147676944733,45.20060642997851,36.02149129202007,81.22209772199858,112.73814615097945
hopper,shared,uniform,32,3,False,distillation_experiments/artifacts/repertoires/ann_feature_sensitivity_5seeds/runs/cgp_feature_hopper/shared_uniform_k32_seed3,distillation_experiments/artifacts/repertoires/cgp_feature_hopper/ann_initial_uniform_k8_5seeds,distillation_experiments/artifacts/expert_datasets/expert_hopper.npz,253.91030883789062,False,0.06628286838531494,0.0668427124619484,0.06628286838531494,0.0668427124619484,42.59168655000394,38.05961734201992,80.65130389202386,111.27702913898975
hopper,shared,uniform,32,4,False,distillation_experiments/artifacts/repertoires/ann_feature_sensitivity_5seeds/runs/cgp_feature_hopper/shared_uniform_k32_seed4,distillation_experiments/artifacts/repertoires/cgp_feature_hopper/ann_initial_uniform_k8_5seeds,distillation_experiments/artifacts/expert_datasets/expert_hopper.npz,200.7758026123047,False,0.06828764826059341,0.06714262813329697,0.06828764081001282,0.06714262813329697,40.84172226898954,36.79845401700004,77.64017628598958,107.42476731000352
hopper,shared,q_dagger,32,0,False,distillation_experiments/artifacts/repertoires/ann_feature_sensitivity_5seeds/runs/cgp_feature_hopper/shared_q_dagger_k32_seed0,distillation_experiments/artifacts/repertoires/cgp_feature_hopper/ann_initial_q_dagger_k8_5seeds,distillation_experiments/artifacts/expert_datasets/expert_hopper.npz,430.484375,False,0.07251297682523727,0.07200401276350021,0.06516136229038239,0.06647291779518127,44.05792699599988,37.17046594902058,81.22839294502046,112.31198921700707
hopper,shared,q_dagger,32,1,False,distillation_experiments/artifacts/repertoires/ann_feature_sensitivity_5seeds/runs/cgp_feature_hopper/shared_q_dagger_k32_seed1,distillation_experiments/artifacts/repertoires/cgp_feature_hopper/ann_initial_q_dagger_k8_5seeds,distillation_experiments/artifacts/expert_datasets/expert_hopper.npz,543.7757568359375,False,0.06795243173837662,0.06886470317840576,0.0628354549407959,0.06407209485769272,43.720396866003284,37.56382139600464,81.28421826200793,111.75053533699247
hopper,shared,q_dagger,32,2,False,distillation_experiments/artifacts/repertoires/ann_feature_sensitivity_5seeds/runs/cgp_feature_hopper/shared_q_dagger_k32_seed2,distillation_experiments/artifacts/repertoires/cgp_feature_hopper/ann_initial_q_dagger_k8_5seeds,distillation_experiments/artifacts/expert_datasets/expert_hopper.npz,923.8152465820312,False,0.0738161951303482,0.07587924599647522,0.06580834090709686,0.06712371855974197,41.55256182097946,37.95904551399872,79.51160733497818,111.36958500999026
hopper,shared,q_dagger,32,3,False,distillation_experiments/artifacts/repertoires/ann_feature_sensitivity_5seeds/runs/cgp_feature_hopper/shared_q_dagger_k32_seed3,distillation_experiments/artifacts/repertoires/cgp_feature_hopper/ann_initial_q_dagger_k8_5seeds,distillation_experiments/artifacts/expert_datasets/expert_hopper.npz,409.1654968261719,False,0.07168926298618317,0.07298240065574646,0.06280740350484848,0.06363978236913681,43.209167342982255,36.24082773702685,79.4499950800091,109.89574884800822
hopper,shared,q_dagger,32,4,False,distillation_experiments/artifacts/repertoires/ann_feature_sensitivity_5seeds/runs/cgp_feature_hopper/shared_q_dagger_k32_seed4,distillation_experiments/artifacts/repertoires/cgp_feature_hopper/ann_initial_q_dagger_k8_5seeds,distillation_experiments/artifacts/expert_datasets/expert_hopper.npz,202.4026336669922,False,0.06993260979652405,0.069757379591465,0.06482304632663727,0.06128431856632233,40.88206343099591,37.06457593900268,77.94663936999859,109.08579991201987
hopper,independent,uniform,32,0,False,distillation_experiments/artifacts/repertoires/ann_feature_sensitivity_5seeds/runs/cgp_action_feature_hopper/independent_uniform_k32_seed0,distillation_experiments/artifacts/repertoires/cgp_action_feature_hopper/ann_independent_uniform_k8_5seeds,distillation_experiments/artifacts/expert_datasets/expert_hopper.npz,363.24853515625,False,0.05998540669679642,0.05920514836907387,0.05998540669679642,0.05920514836907387,115.683560666017,37.55102042798535,153.23458109400235,186.1965470270079
hopper,independent,uniform,32,1,False,distillation_experiments/artifacts/repertoires/ann_feature_sensitivity_5seeds/runs/cgp_action_feature_hopper/independent_uniform_k32_seed1,distillation_experiments/artifacts/repertoires/cgp_action_feature_hopper/ann_independent_uniform_k8_5seeds,distillation_experiments/artifacts/expert_datasets/expert_hopper.npz,189.43177795410156,False,0.05729516223073006,0.057978756725788116,0.05729516223073006,0.057978756725788116,115.87190486199688,36.06295400200179,151.93485886399867,187.62553730001673
hopper,independent,uniform,32,2,False,distillation_experiments/artifacts/repertoires/ann_feature_sensitivity_5seeds/runs/cgp_action_feature_hopper/independent_uniform_k32_seed2,distillation_experiments/artifacts/repertoires/cgp_action_feature_hopper/ann_independent_uniform_k8_5seeds,distillation_experiments/artifacts/expert_datasets/expert_hopper.npz,467.9942321777344,False,0.06052568927407265,0.06256438046693802,0.06052568927407265,0.06256438046693802,111.27650262101088,36.09603407001123,147.3725366910221,179.82045276399003
hopper,independent,uniform,32,3,False,distillation_experiments/artifacts/repertoires/ann_feature_sensitivity_5seeds/runs/cgp_action_feature_hopper/independent_uniform_k32_seed3,distillation_experiments/artifacts/repertoires/cgp_action_feature_hopper/ann_independent_uniform_k8_5seeds,distillation_experiments/artifacts/expert_datasets/expert_hopper.npz,382.232421875,False,0.059013139456510544,0.0587184764444828,0.059013139456510544,0.0587184764444828,114.38972442498198,36.47951586599811,150.8692402909801,183.60134126298362
hopper,independent,uniform,32,4,False,distillation_experiments/artifacts/repertoires/ann_feature_sensitivity_5seeds/runs/cgp_action_feature_hopper/independent_uniform_k32_seed4,distillation_experiments/artifacts/repertoires/cgp_action_feature_hopper/ann_independent_uniform_k8_5seeds,distillation_experiments/artifacts/expert_datasets/expert_hopper.npz,565.164794921875,False,0.05919510871171951,0.0590016134083271,0.05919510871171951,0.0590016134083271,114.25870702700922,37.25505556198186,151.51376258899109,186.14367392199347
hopper,independent,q_dagger,32,0,False,distillation_experiments/artifacts/repertoires/ann_feature_sensitivity_5seeds/runs/cgp_action_feature_hopper/independent_q_dagger_k32_seed0,distillation_experiments/artifacts/repertoires/cgp_action_feature_hopper/ann_independent_q_dagger_k8_5seeds,distillation_experiments/artifacts/expert_datasets/expert_hopper.npz,1028.9456787109375,False,0.06264781951904297,0.0641854852437973,0.05446169152855873,0.05737345293164253,115.46168503601803,36.364532545994734,151.82621758201276,187.03059494899935
hopper,independent,q_dagger,32,1,False,distillation_experiments/artifacts/repertoires/ann_feature_sensitivity_5seeds/runs/cgp_action_feature_hopper/independent_q_dagger_k32_seed1,distillation_experiments/artifacts/repertoires/cgp_action_feature_hopper/ann_independent_q_dagger_k8_5seeds,distillation_experiments/artifacts/expert_datasets/expert_hopper.npz,97.60369873046875,False,0.06292320042848587,0.0631987601518631,0.055763933807611465,0.05581885948777199,111.78764443800901,36.71933105000062,148.50697548800963,181.73030201499932
hopper,independent,q_dagger,32,2,False,distillation_experiments/artifacts/repertoires/ann_feature_sensitivity_5seeds/runs/cgp_action_feature_hopper/independent_q_dagger_k32_seed2,distillation_experiments/artifacts/repertoires/cgp_action_feature_hopper/ann_independent_q_dagger_k8_5seeds,distillation_experiments/artifacts/expert_datasets/expert_hopper.npz,136.36758422851562,False,0.0642804428935051,0.0675741657614708,0.05556643754243851,0.05804597958922386,111.44653783799731,36.14318841099157,147.58972624898888,180.4817410990072
hopper,independent,q_dagger,32,3,False,distillation_experiments/artifacts/repertoires/ann_feature_sensitivity_5seeds/runs/cgp_action_feature_hopper/independent_q_dagger_k32_seed3,distillation_experiments/artifacts/repertoires/cgp_action_feature_hopper/ann_independent_q_dagger_k8_5seeds,distillation_experiments/artifacts/expert_datasets/expert_hopper.npz,111.6712646484375,False,0.064792700111866,0.06480002403259277,0.0564747229218483,0.05711602419614792,111.51775033801096,36.236632301995996,147.75438264000695,179.5109053690103
hopper,independent,q_dagger,32,4,False,distillation_experiments/artifacts/repertoires/ann_feature_sensitivity_5seeds/runs/cgp_action_feature_hopper/independent_q_dagger_k32_seed4,distillation_experiments/artifacts/repertoires/cgp_action_feature_hopper/ann_independent_q_dagger_k8_5seeds,distillation_experiments/artifacts/expert_datasets/expert_hopper.npz,705.4900512695312,False,0.06415456533432007,0.0647294819355011,0.05831623077392578,0.05611875280737877,111.90322177801863,36.4157260649954,148.31894784301403,180.91960556898266
walker2d,shared,uniform,32,0,False,distillation_experiments/artifacts/repertoires/ann_feature_sensitivity_5seeds/runs/cgp_feature_walker2d/shared_uniform_k32_seed0,distillation_experiments/artifacts/repertoires/cgp_feature_walker2d/ann_initial_uniform_k8_5seeds,distillation_experiments/artifacts/expert_datasets/expert_walker2d.npz,9.523202896118164,False,0.09818140417337418,0.10232556611299515,0.09818140417337418,0.10232556611299515,44.10137125098845,40.53793194901664,84.63930320000509,122.76496547699207
walker2d,shared,uniform,32,1,False,distillation_experiments/artifacts/repertoires/ann_feature_sensitivity_5seeds/runs/cgp_feature_walker2d/shared_uniform_k32_seed1,distillation_experiments/artifacts/repertoires/cgp_feature_walker2d/ann_initial_uniform_k8_5seeds,distillation_experiments/artifacts/expert_datasets/expert_walker2d.npz,78.71055603027344,False,0.1078336238861084,0.10860274732112885,0.1078336238861084,0.10860274732112885,41.01375561102759,40.573794349998934,81.58754996102653,118.80251050801598
walker2d,shared,uniform,32,2,False,distillation_experiments/artifacts/repertoires/ann_feature_sensitivity_5seeds/runs/cgp_feature_walker2d/shared_uniform_k32_seed2,distillation_experiments/artifacts/repertoires/cgp_feature_walker2d/ann_initial_uniform_k8_5seeds,distillation_experiments/artifacts/expert_datasets/expert_walker2d.npz,312.3109436035156,False,0.10193793475627899,0.10208041965961456,0.10193793475627899,0.10208041965961456,43.65439468799741,40.87423402100103,84.52862870899844,121.22352885801229
walker2d,shared,uniform,32,3,False,distillation_experiments/artifacts/repertoires/ann_feature_sensitivity_5seeds/runs/cgp_feature_walker2d/shared_uniform_k32_seed3,distillation_experiments/artifacts/repertoires/cgp_feature_walker2d/ann_initial_uniform_k8_5seeds,distillation_experiments/artifacts/expert_datasets/expert_walker2d.npz,93.27057647705078,False,0.1021467074751854,0.09838176518678665,0.1021467074751854,0.09838176518678665,41.413426384999184,40.67875049600843,82.09217688100762,121.55074203800177
walker2d,shared,uniform,32,4,False,distillation_experiments/artifacts/repertoires/ann_feature_sensitivity_5seeds/runs/cgp_feature_walker2d/shared_uniform_k32_seed4,distillation_experiments/artifacts/repertoires/cgp_feature_walker2d/ann_initial_uniform_k8_5seeds,distillation_experiments/artifacts/expert_datasets/expert_walker2d.npz,213.53018188476562,False,0.10042169690132141,0.10116220265626907,0.10042169690132141,0.10116220265626907,41.11398418599856,40.71450800501043,81.82849219100899,119.39639761499711
walker2d,shared,q_dagger,32,0,False,distillation_experiments/artifacts/repertoires/ann_feature_sensitivity_5seeds/runs/cgp_feature_walker2d/shared_q_dagger_k32_seed0,distillation_experiments/artifacts/repertoires/cgp_feature_walker2d/ann_initial_q_dagger_k8_5seeds,distillation_experiments/artifacts/expert_datasets/expert_walker2d.npz,21.559602737426758,False,0.10662157088518143,0.10969369113445282,0.08778609335422516,0.09139882773160934,42.95771471099579,41.66212737100432,84.6198420820001,125.54049741299241
walker2d,shared,q_dagger,32,1,False,distillation_experiments/artifacts/repertoires/ann_feature_sensitivity_5seeds/runs/cgp_feature_walker2d/shared_q_dagger_k32_seed1,distillation_experiments/artifacts/repertoires/cgp_feature_walker2d/ann_initial_q_dagger_k8_5seeds,distillation_experiments/artifacts/expert_datasets/expert_walker2d.npz,297.8280944824219,False,0.11621817201375961,0.11546788364648819,0.09423502534627914,0.09413522481918335,41.40986691802391,41.902016618987545,83.31188353701145,118.80039714000304
walker2d,shared,q_dagger,32,2,False,distillation_experiments/artifacts/repertoires/ann_feature_sensitivity_5seeds/runs/cgp_feature_walker2d/shared_q_dagger_k32_seed2,distillation_experiments/artifacts/repertoires/cgp_feature_walker2d/ann_initial_q_dagger_k8_5seeds,distillation_experiments/artifacts/expert_datasets/expert_walker2d.npz,58.44770050048828,False,0.11057703197002411,0.1104782223701477,0.09038365632295609,0.09178930521011353,41.37593031098368,43.186203167017084,84.56213347800076,120.33676180697512
walker2d,shared,q_dagger,32,3,False,distillation_experiments/artifacts/repertoires/ann_feature_sensitivity_5seeds/runs/cgp_feature_walker2d/shared_q_dagger_k32_seed3,distillation_experiments/artifacts/repertoires/cgp_feature_walker2d/ann_initial_q_dagger_k8_5seeds,distillation_experiments/artifacts/expert_datasets/expert_walker2d.npz,57.45582962036133,False,0.11531767249107361,0.11560029536485672,0.09077858924865723,0.08812399953603745,41.59007066601771,42.318302011000924,83.90837267701863,120.3989697410143
walker2d,shared,q_dagger,32,4,False,distillation_experiments/artifacts/repertoires/ann_feature_sensitivity_5seeds/runs/cgp_feature_walker2d/shared_q_dagger_k32_seed4,distillation_experiments/artifacts/repertoires/cgp_feature_walker2d/ann_initial_q_dagger_k8_5seeds,distillation_experiments/artifacts/expert_datasets/expert_walker2d.npz,46.710418701171875,False,0.11458170413970947,0.11519160866737366,0.09206461906433105,0.09529276937246323,40.871240683976794,43.975325620995136,84.84656630497193,120.71822443199926
walker2d,independent,uniform,32,0,False,distillation_experiments/artifacts/repertoires/ann_feature_sensitivity_5seeds/runs/cgp_action_feature_walker2d/independent_uniform_k32_seed0,distillation_experiments/artifacts/repertoires/cgp_action_feature_walker2d/ann_independent_uniform_k8_5seeds,distillation_experiments/artifacts/expert_datasets/expert_walker2d.npz,37.17731475830078,False,0.0758320540189743,0.08103509247303009,0.0758320540189743,0.08103509247303009,226.67920764299924,40.73238925100304,267.4115968940023,303.73291846801294
walker2d,independent,uniform,32,1,False,distillation_experiments/artifacts/repertoires/ann_feature_sensitivity_5seeds/runs/cgp_action_feature_walker2d/independent_uniform_k32_seed1,distillation_experiments/artifacts/repertoires/cgp_action_feature_walker2d/ann_independent_uniform_k8_5seeds,distillation_experiments/artifacts/expert_datasets/expert_walker2d.npz,160.89642333984375,False,0.08207646757364273,0.0832439735531807,0.08207646757364273,0.0832439735531807,226.65987088199472,43.101497712981654,269.7613685949764,305.29642455797875
walker2d,independent,uniform,32,2,False,distillation_experiments/artifacts/repertoires/ann_feature_sensitivity_5seeds/runs/cgp_action_feature_walker2d/independent_uniform_k32_seed2,distillation_experiments/artifacts/repertoires/cgp_action_feature_walker2d/ann_independent_uniform_k8_5seeds,distillation_experiments/artifacts/expert_datasets/expert_walker2d.npz,219.88027954101562,False,0.07869061082601547,0.0801069363951683,0.07869061082601547,0.0801069363951683,222.43621260501095,42.188061691995244,264.6242742970062,304.60020007699495
walker2d,independent,uniform,32,3,False,distillation_experiments/artifacts/repertoires/ann_feature_sensitivity_5seeds/runs/cgp_action_feature_walker2d/independent_uniform_k32_seed3,distillation_experiments/artifacts/repertoires/cgp_action_feature_walker2d/ann_independent_uniform_k8_5seeds,distillation_experiments/artifacts/expert_datasets/expert_walker2d.npz,-1.548452615737915,False,0.08120639622211456,0.08061858266592026,0.08120639622211456,0.08061858266592026,226.207169041998,42.88345708898851,269.0906261309865,305.18857285400736
walker2d,independent,uniform,32,4,False,distillation_experiments/artifacts/repertoires/ann_feature_sensitivity_5seeds/runs/cgp_action_feature_walker2d/independent_uniform_k32_seed4,distillation_experiments/artifacts/repertoires/cgp_action_feature_walker2d/ann_independent_uniform_k8_5seeds,distillation_experiments/artifacts/expert_datasets/expert_walker2d.npz,24.147871017456055,False,0.07728320360183716,0.07683522254228592,0.07728320360183716,0.07683522254228592,227.1265568259987,42.281762524013175,269.4083193500119,307.6497372520098
walker2d,independent,q_dagger,32,0,False,distillation_experiments/artifacts/repertoires/ann_feature_sensitivity_5seeds/runs/cgp_action_feature_walker2d/independent_q_dagger_k32_seed0,distillation_experiments/artifacts/repertoires/cgp_action_feature_walker2d/ann_independent_q_dagger_k8_5seeds,distillation_experiments/artifacts/expert_datasets/expert_walker2d.npz,143.59207153320312,False,0.0842507928609848,0.08753546327352524,0.06638765335083008,0.0707378014922142,228.34423319500638,40.92973340500612,269.2739666000125,311.3708548799914
walker2d,independent,q_dagger,32,1,False,distillation_experiments/artifacts/repertoires/ann_feature_sensitivity_5seeds/runs/cgp_action_feature_walker2d/independent_q_dagger_k32_seed1,distillation_experiments/artifacts/repertoires/cgp_action_feature_walker2d/ann_independent_q_dagger_k8_5seeds,distillation_experiments/artifacts/expert_datasets/expert_walker2d.npz,134.0721893310547,False,0.09116494655609131,0.0916801244020462,0.07244158536195755,0.0731687918305397,226.17036485401331,41.24759031101712,267.41795516503043,306.30270286800805
walker2d,independent,q_dagger,32,2,False,distillation_experiments/artifacts/repertoires/ann_feature_sensitivity_5seeds/runs/cgp_action_feature_walker2d/independent_q_dagger_k32_seed2,distillation_experiments/artifacts/repertoires/cgp_action_feature_walker2d/ann_independent_q_dagger_k8_5seeds,distillation_experiments/artifacts/expert_datasets/expert_walker2d.npz,94.71685791015625,False,0.08732661604881287,0.08630827069282532,0.06919994950294495,0.06836852431297302,222.58360409800662,43.69726375298342,266.28086785099003,303.35203611300676
walker2d,independent,q_dagger,32,3,False,distillation_experiments/artifacts/repertoires/ann_feature_sensitivity_5seeds/runs/cgp_action_feature_walker2d/independent_q_dagger_k32_seed3,distillation_experiments/artifacts/repertoires/cgp_action_feature_walker2d/ann_independent_q_dagger_k8_5seeds,distillation_experiments/artifacts/expert_datasets/expert_walker2d.npz,62.8824462890625,False,0.0908254012465477,0.0905047208070755,0.06935473531484604,0.06747885048389435,228.29724908500793,41.457791666005505,269.75504075101344,305.8943144050136
walker2d,independent,q_dagger,32,4,False,distillation_experiments/artifacts/repertoires/ann_feature_sensitivity_5seeds/runs/cgp_action_feature_walker2d/independent_q_dagger_k32_seed4,distillation_experiments/artifacts/repertoires/cgp_action_feature_walker2d/ann_independent_q_dagger_k8_5seeds,distillation_experiments/artifacts/expert_datasets/expert_walker2d.npz,367.1358337402344,False,0.09204673022031784,0.09410121291875839,0.06959175318479538,0.07320544868707657,225.54398704197956,41.89036098899669,267.43434803097625,307.4082238500123
