run,algorithm,dataset,r2_test,r2_train
0,adam_wfn,chemical_1_tower,0.6739774,0.6472827
0,adam_wfn,chemical_2_competition,0.0256592,0.09490013
0,adam_wfn,flow_stress_phip0.1,0.9372855,0.92546636
0,adam_wfn,friction_dyn_one-hot,0.7552291,0.85593045
0,adam_wfn,friction_stat_one-hot,0.6137084,0.7451829
0,adam_wfn,nasa_battery_1_10min,0.48520076,0.92257535
0,adam_wfn,nasa_battery_2_20min,0.84865797,0.86880183
0,adam_wfn,nikuradse_1,0.8521142,0.9643006
0,adam_wfn,nikuradse_2,0.26662087,0.16193509
0,adam_wfn_bfn,chemical_1_tower,0.6739774,0.6472827
0,adam_wfn_bfn,chemical_2_competition,0.0256592,0.09490013
0,adam_wfn_bfn,flow_stress_phip0.1,0.9372855,0.92546636
0,adam_wfn_bfn,friction_dyn_one-hot,0.7552291,0.85593045
0,adam_wfn_bfn,friction_stat_one-hot,0.6137084,0.7451829
0,adam_wfn_bfn,nasa_battery_1_10min,0.48520076,0.92257535
0,adam_wfn_bfn,nasa_battery_2_20min,0.84865797,0.86880183
0,adam_wfn_bfn,nikuradse_1,0.8521142,0.9643006
0,adam_wfn_bfn,nikuradse_2,0.26662087,0.16193509
0,adam_wfn_bin,chemical_1_tower,0.6739774,0.6472827
0,adam_wfn_bin,chemical_2_competition,0.0256592,0.09490013
0,adam_wfn_bin,flow_stress_phip0.1,0.9372855,0.92546636
0,adam_wfn_bin,friction_dyn_one-hot,0.7552291,0.85593045
0,adam_wfn_bin,friction_stat_one-hot,0.6137084,0.7451829
0,adam_wfn_bin,nasa_battery_1_10min,0.48520076,0.92257535
0,adam_wfn_bin,nasa_battery_2_20min,0.84865797,0.86880183
0,adam_wfn_bin,nikuradse_1,0.8521142,0.9643006
0,adam_wfn_bin,nikuradse_2,0.26662087,0.16193509
0,adam_win,chemical_1_tower,0.83934414,0.8288981
0,adam_win,chemical_2_competition,0.21605772,0.29216474
0,adam_win,flow_stress_phip0.1,0.9870052,0.98997736
0,adam_win,friction_dyn_one-hot,0.799836,0.86865354
0,adam_win,friction_stat_one-hot,0.11619449,0.5055499
0,adam_win,nasa_battery_1_10min,0.83708745,0.9607583
0,adam_win,nasa_battery_2_20min,0.9832151,0.9730061
0,adam_win,nikuradse_1,0.2835046,0.98692834
0,adam_win,nikuradse_2,0.68020296,0.6398849
0,adam_win_bfn,chemical_1_tower,0.83934414,0.8288981
0,adam_win_bfn,chemical_2_competition,0.21605772,0.29216474
0,adam_win_bfn,flow_stress_phip0.1,0.9870052,0.98997736
0,adam_win_bfn,friction_dyn_one-hot,0.799836,0.86865354
0,adam_win_bfn,friction_stat_one-hot,0.11619449,0.5055499
0,adam_win_bfn,nasa_battery_1_10min,0.83708745,0.9607583
0,adam_win_bfn,nasa_battery_2_20min,0.9832151,0.9730061
0,adam_win_bfn,nikuradse_1,0.2835046,0.98692834
0,adam_win_bfn,nikuradse_2,0.68020296,0.6398849
0,adam_win_bin,chemical_1_tower,0.83934414,0.8288981
0,adam_win_bin,chemical_2_competition,0.21605772,0.29216474
0,adam_win_bin,flow_stress_phip0.1,0.9870052,0.98997736
0,adam_win_bin,friction_dyn_one-hot,0.799836,0.86865354
0,adam_win_bin,friction_stat_one-hot,0.11619449,0.5055499
0,adam_win_bin,nasa_battery_1_10min,0.83708745,0.9607583
0,adam_win_bin,nasa_battery_2_20min,0.9832151,0.9730061
0,adam_win_bin,nikuradse_1,0.2835046,0.98692834
0,adam_win_bin,nikuradse_2,0.68020296,0.6398849
0,gaussian_no,chemical_1_tower,0.60712683,0.5907208
0,gaussian_no,chemical_2_competition,0.01363224,0.051819086
0,gaussian_no,flow_stress_phip0.1,0.6728865,0.61782986
0,gaussian_no,friction_dyn_one-hot,-0.03231096,0.5059527
0,gaussian_no,friction_stat_one-hot,0.22357768,0.5352916
0,gaussian_no,nasa_battery_1_10min,0.89704597,0.9859826
0,gaussian_no,nasa_battery_2_20min,0.95528424,0.95569456
0,gaussian_no,nikuradse_1,0.64456284,0.96698284
0,gaussian_no,nikuradse_2,0.9290658,0.9159092
0,gaussian_wfn,chemical_1_tower,0.44333428,0.39189434
0,gaussian_wfn,chemical_2_competition,-0.00025141,0.07105696
0,gaussian_wfn,flow_stress_phip0.1,0.9430221,0.935237
0,gaussian_wfn,friction_dyn_one-hot,0.05443382,0.47470927
0,gaussian_wfn,friction_stat_one-hot,-0.00828087,0.5183364
0,gaussian_wfn,nasa_battery_1_10min,0.94523656,0.9875711
0,gaussian_wfn,nasa_battery_2_20min,0.7968279,0.7924714
0,gaussian_wfn,nikuradse_1,0.85180676,0.9643003
0,gaussian_wfn,nikuradse_2,0.06997901,0.06106192
0,gaussian_wfn_bfn,chemical_1_tower,0.44333428,0.39189434
0,gaussian_wfn_bfn,chemical_2_competition,-0.00025141,0.07105696
0,gaussian_wfn_bfn,flow_stress_phip0.1,0.9430221,0.935237
0,gaussian_wfn_bfn,friction_dyn_one-hot,0.05443382,0.47470927
0,gaussian_wfn_bfn,friction_stat_one-hot,-0.00828087,0.5183364
0,gaussian_wfn_bfn,nasa_battery_1_10min,0.94523656,0.9875711
0,gaussian_wfn_bfn,nasa_battery_2_20min,0.7968279,0.7924714
0,gaussian_wfn_bfn,nikuradse_1,0.85180676,0.9643003
0,gaussian_wfn_bfn,nikuradse_2,0.06997901,0.06106192
0,gaussian_wfn_bin,chemical_1_tower,0.44333428,0.39189434
0,gaussian_wfn_bin,chemical_2_competition,-0.00025141,0.07105696
0,gaussian_wfn_bin,flow_stress_phip0.1,0.9430221,0.935237
0,gaussian_wfn_bin,friction_dyn_one-hot,0.05443382,0.47470927
0,gaussian_wfn_bin,friction_stat_one-hot,-0.00828087,0.5183364
0,gaussian_wfn_bin,nasa_battery_1_10min,0.94523656,0.9875711
0,gaussian_wfn_bin,nasa_battery_2_20min,0.7968279,0.7924714
0,gaussian_wfn_bin,nikuradse_1,0.85180676,0.9643003
0,gaussian_wfn_bin,nikuradse_2,0.06997901,0.06106192
0,gaussian_win,chemical_1_tower,0.48922008,0.44863874
0,gaussian_win,chemical_2_competition,0.2098298,0.2808404
0,gaussian_win,flow_stress_phip0.1,0.96339303,0.9636469
0,gaussian_win,friction_dyn_one-hot,0.564405,0.70820194
0,gaussian_win,friction_stat_one-hot,0.18501401,0.322945
0,gaussian_win,nasa_battery_1_10min,0.73589134,0.9224347
0,gaussian_win,nasa_battery_2_20min,0.6350262,0.6289218
0,gaussian_win,nikuradse_1,0.85281044,0.9642811
0,gaussian_win,nikuradse_2,0.48619497,0.3851394
0,gaussian_win_bfn,chemical_1_tower,0.48922008,0.44863874
0,gaussian_win_bfn,chemical_2_competition,0.2098298,0.2808404
0,gaussian_win_bfn,flow_stress_phip0.1,0.96339303,0.9636469
0,gaussian_win_bfn,friction_dyn_one-hot,0.564405,0.70820194
0,gaussian_win_bfn,friction_stat_one-hot,0.18501401,0.322945
0,gaussian_win_bfn,nasa_battery_1_10min,0.73589134,0.9224347
0,gaussian_win_bfn,nasa_battery_2_20min,0.6350262,0.6289218
0,gaussian_win_bfn,nikuradse_1,0.85281044,0.9642811
0,gaussian_win_bfn,nikuradse_2,0.48619497,0.3851394
0,gaussian_win_bin,chemical_1_tower,0.48922008,0.44863874
0,gaussian_win_bin,chemical_2_competition,0.2098298,0.2808404
0,gaussian_win_bin,flow_stress_phip0.1,0.96339303,0.9636469
0,gaussian_win_bin,friction_dyn_one-hot,0.564405,0.70820194
0,gaussian_win_bin,friction_stat_one-hot,0.18501401,0.322945
0,gaussian_win_bin,nasa_battery_1_10min,0.73589134,0.9224347
0,gaussian_win_bin,nasa_battery_2_20min,0.6350262,0.6289218
0,gaussian_win_bin,nikuradse_1,0.85281044,0.9642811
0,gaussian_win_bin,nikuradse_2,0.48619497,0.3851394
1,adam_wfn,chemical_1_tower,0.72351956,0.7235345
1,adam_wfn,chemical_2_competition,0.4735,0.43562734
1,adam_wfn,flow_stress_phip0.1,0.96166676,0.9498536
1,adam_wfn,friction_dyn_one-hot,0.3323455,0.5411912
1,adam_wfn,friction_stat_one-hot,-0.03268635,0.53430605
1,adam_wfn,nasa_battery_1_10min,0.8844539,0.928398
1,adam_wfn,nasa_battery_2_20min,0.82846093,0.7833731
1,adam_wfn,nikuradse_1,0.870535,0.9673889
1,adam_wfn,nikuradse_2,0.31960136,0.27028382
1,adam_wfn_bfn,chemical_1_tower,0.72351956,0.7235345
1,adam_wfn_bfn,chemical_2_competition,0.4735,0.43562734
1,adam_wfn_bfn,flow_stress_phip0.1,0.96166676,0.9498536
1,adam_wfn_bfn,friction_dyn_one-hot,0.3323455,0.5411912
1,adam_wfn_bfn,friction_stat_one-hot,-0.03268635,0.53430605
1,adam_wfn_bfn,nasa_battery_1_10min,0.8844539,0.928398
1,adam_wfn_bfn,nasa_battery_2_20min,0.82846093,0.7833731
1,adam_wfn_bfn,nikuradse_1,0.870535,0.9673889
1,adam_wfn_bfn,nikuradse_2,0.31960136,0.27028382
1,adam_wfn_bin,chemical_1_tower,0.72351956,0.7235345
1,adam_wfn_bin,chemical_2_competition,0.4735,0.43562734
1,adam_wfn_bin,flow_stress_phip0.1,0.96166676,0.9498536
1,adam_wfn_bin,friction_dyn_one-hot,0.3323455,0.5411912
1,adam_wfn_bin,friction_stat_one-hot,-0.03268635,0.53430605
1,adam_wfn_bin,nasa_battery_1_10min,0.8844539,0.928398
1,adam_wfn_bin,nasa_battery_2_20min,0.82846093,0.7833731
1,adam_wfn_bin,nikuradse_1,0.870535,0.9673889
1,adam_wfn_bin,nikuradse_2,0.31960136,0.27028382
1,adam_win,chemical_1_tower,0.6743244,0.64802146
1,adam_win,chemical_2_competition,0.29740232,0.63805866
1,adam_win,flow_stress_phip0.1,0.9712244,0.9693405
1,adam_win,friction_dyn_one-hot,0.7387253,0.8117508
1,adam_win,friction_stat_one-hot,0.24574983,0.35721254
1,adam_win,nasa_battery_1_10min,0.9435185,0.9866547
1,adam_win,nasa_battery_2_20min,0.96643555,0.9503812
1,adam_win,nikuradse_1,0.07750219,0.9750273
1,adam_win,nikuradse_2,0.2681976,0.25636768
1,adam_win_bfn,chemical_1_tower,0.6743244,0.64802146
1,adam_win_bfn,chemical_2_competition,0.29740232,0.63805866
1,adam_win_bfn,flow_stress_phip0.1,0.9712244,0.9693405
1,adam_win_bfn,friction_dyn_one-hot,0.7387253,0.8117508
1,adam_win_bfn,friction_stat_one-hot,0.24574983,0.35721254
1,adam_win_bfn,nasa_battery_1_10min,0.9435185,0.9866547
1,adam_win_bfn,nasa_battery_2_20min,0.96643555,0.9503812
1,adam_win_bfn,nikuradse_1,0.07750219,0.9750273
1,adam_win_bfn,nikuradse_2,0.2681976,0.25636768
1,adam_win_bin,chemical_1_tower,0.6743244,0.64802146
1,adam_win_bin,chemical_2_competition,0.29740232,0.63805866
1,adam_win_bin,flow_stress_phip0.1,0.9712244,0.9693405
1,adam_win_bin,friction_dyn_one-hot,0.7387253,0.8117508
1,adam_win_bin,friction_stat_one-hot,0.24574983,0.35721254
1,adam_win_bin,nasa_battery_1_10min,0.9435185,0.9866547
1,adam_win_bin,nasa_battery_2_20min,0.96643555,0.9503812
1,adam_win_bin,nikuradse_1,0.07750219,0.9750273
1,adam_win_bin,nikuradse_2,0.2681976,0.25636768
1,gaussian_no,chemical_1_tower,0.59551144,0.58299994
1,gaussian_no,chemical_2_competition,0.01363224,0.051819086
1,gaussian_no,flow_stress_phip0.1,0.9765641,0.97347766
1,gaussian_no,friction_dyn_one-hot,0.371755,0.5349496
1,gaussian_no,friction_stat_one-hot,0.3060267,0.42247838
1,gaussian_no,nasa_battery_1_10min,0.91975886,0.9790486
1,gaussian_no,nasa_battery_2_20min,0.92194206,0.91747475
1,gaussian_no,nikuradse_1,0.8572668,0.9637747
1,gaussian_no,nikuradse_2,0.93002003,0.909044
1,gaussian_wfn,chemical_1_tower,0.5008496,0.5112858
1,gaussian_wfn,chemical_2_competition,0.12484181,0.19364917
1,gaussian_wfn,flow_stress_phip0.1,0.97324926,0.9809963
1,gaussian_wfn,friction_dyn_one-hot,0.3371066,0.61689615
1,gaussian_wfn,friction_stat_one-hot,0.12495178,0.23426288
1,gaussian_wfn,nasa_battery_1_10min,0.8757146,0.8283888
1,gaussian_wfn,nasa_battery_2_20min,0.8549097,0.84238714
1,gaussian_wfn,nikuradse_1,0.8540699,0.9634062
1,gaussian_wfn,nikuradse_2,0.9654595,0.9464789
1,gaussian_wfn_bfn,chemical_1_tower,0.5008496,0.5112858
1,gaussian_wfn_bfn,chemical_2_competition,0.12484181,0.19364917
1,gaussian_wfn_bfn,flow_stress_phip0.1,0.97324926,0.9809963
1,gaussian_wfn_bfn,friction_dyn_one-hot,0.3371066,0.61689615
1,gaussian_wfn_bfn,friction_stat_one-hot,0.12495178,0.23426288
1,gaussian_wfn_bfn,nasa_battery_1_10min,0.8757146,0.8283888
1,gaussian_wfn_bfn,nasa_battery_2_20min,0.8549097,0.84238714
1,gaussian_wfn_bfn,nikuradse_1,0.8540699,0.9634062
1,gaussian_wfn_bfn,nikuradse_2,0.9654595,0.9464789
1,gaussian_wfn_bin,chemical_1_tower,0.5008496,0.5112858
1,gaussian_wfn_bin,chemical_2_competition,0.12484181,0.19364917
1,gaussian_wfn_bin,flow_stress_phip0.1,0.97324926,0.9809963
1,gaussian_wfn_bin,friction_dyn_one-hot,0.3371066,0.61689615
1,gaussian_wfn_bin,friction_stat_one-hot,0.12495178,0.23426288
1,gaussian_wfn_bin,nasa_battery_1_10min,0.8757146,0.8283888
1,gaussian_wfn_bin,nasa_battery_2_20min,0.8549097,0.84238714
1,gaussian_wfn_bin,nikuradse_1,0.8540699,0.9634062
1,gaussian_wfn_bin,nikuradse_2,0.9654595,0.9464789
1,gaussian_win,chemical_1_tower,0.802236,0.81696117
1,gaussian_win,chemical_2_competition,0.0989303,0.17725724
1,gaussian_win,flow_stress_phip0.1,0.59117186,0.5962863
1,gaussian_win,friction_dyn_one-hot,-0.06941211,0.5124271
1,gaussian_win,friction_stat_one-hot,0.30549133,0.54837507
1,gaussian_win,nasa_battery_1_10min,0.8277473,0.8121227
1,gaussian_win,nasa_battery_2_20min,-1.0220258,0.09574348
1,gaussian_win,nikuradse_1,0.7023754,0.95985043
1,gaussian_win,nikuradse_2,0.50759673,0.558192
1,gaussian_win_bfn,chemical_1_tower,0.802236,0.81696117
1,gaussian_win_bfn,chemical_2_competition,0.0989303,0.17725724
1,gaussian_win_bfn,flow_stress_phip0.1,0.59117186,0.5962863
1,gaussian_win_bfn,friction_dyn_one-hot,-0.06941211,0.5124271
1,gaussian_win_bfn,friction_stat_one-hot,0.30549133,0.54837507
1,gaussian_win_bfn,nasa_battery_1_10min,0.8277473,0.8121227
1,gaussian_win_bfn,nasa_battery_2_20min,-1.0220258,0.09574348
1,gaussian_win_bfn,nikuradse_1,0.7023754,0.95985043
1,gaussian_win_bfn,nikuradse_2,0.50759673,0.558192
1,gaussian_win_bin,chemical_1_tower,0.802236,0.81696117
1,gaussian_win_bin,chemical_2_competition,0.0989303,0.17725724
1,gaussian_win_bin,flow_stress_phip0.1,0.59117186,0.5962863
1,gaussian_win_bin,friction_dyn_one-hot,-0.06941211,0.5124271
1,gaussian_win_bin,friction_stat_one-hot,0.30549133,0.54837507
1,gaussian_win_bin,nasa_battery_1_10min,0.8277473,0.8121227
1,gaussian_win_bin,nasa_battery_2_20min,-1.0220258,0.09574348
1,gaussian_win_bin,nikuradse_1,0.7023754,0.95985043
1,gaussian_win_bin,nikuradse_2,0.50759673,0.558192
2,adam_wfn,chemical_1_tower,0.82233167,0.83401954
2,adam_wfn,chemical_2_competition,0.139463,0.3540023
2,adam_wfn,flow_stress_phip0.1,0.9897215,0.993201
2,adam_wfn,friction_dyn_one-hot,0.08886874,0.14355105
2,adam_wfn,friction_stat_one-hot,0.6368045,0.7177036
2,adam_wfn,nasa_battery_1_10min,0.8425286,0.93445575
2,adam_wfn,nasa_battery_2_20min,0.86849785,0.8138442
2,adam_wfn,nikuradse_1,0.82208335,0.9648646
2,adam_wfn,nikuradse_2,0.9384991,0.9238131
2,adam_wfn_bfn,chemical_1_tower,0.82233167,0.83401954
2,adam_wfn_bfn,chemical_2_competition,0.139463,0.3540023
2,adam_wfn_bfn,flow_stress_phip0.1,0.9897215,0.993201
2,adam_wfn_bfn,friction_dyn_one-hot,0.08886874,0.14355105
2,adam_wfn_bfn,friction_stat_one-hot,0.6368045,0.7177036
2,adam_wfn_bfn,nasa_battery_1_10min,0.8425286,0.93445575
2,adam_wfn_bfn,nasa_battery_2_20min,0.86849785,0.8138442
2,adam_wfn_bfn,nikuradse_1,0.82208335,0.9648646
2,adam_wfn_bfn,nikuradse_2,0.9384991,0.9238131
2,adam_wfn_bin,chemical_1_tower,0.82233167,0.83401954
2,adam_wfn_bin,chemical_2_competition,0.139463,0.3540023
2,adam_wfn_bin,flow_stress_phip0.1,0.9897215,0.993201
2,adam_wfn_bin,friction_dyn_one-hot,0.08886874,0.14355105
2,adam_wfn_bin,friction_stat_one-hot,0.6368045,0.7177036
2,adam_wfn_bin,nasa_battery_1_10min,0.8425286,0.93445575
2,adam_wfn_bin,nasa_battery_2_20min,0.86849785,0.8138442
2,adam_wfn_bin,nikuradse_1,0.82208335,0.9648646
2,adam_wfn_bin,nikuradse_2,0.9384991,0.9238131
2,adam_win,chemical_1_tower,0.81298304,0.82082736
2,adam_win,chemical_2_competition,0.48426002,0.6421335
2,adam_win,flow_stress_phip0.1,0.02264178,0.020187676
2,adam_win,friction_dyn_one-hot,0.08597153,0.16051531
2,adam_win,friction_stat_one-hot,0.54026645,0.7212845
2,adam_win,nasa_battery_1_10min,0.7302715,0.8512635
2,adam_win,nasa_battery_2_20min,0.98037225,0.9870477
2,adam_win,nikuradse_1,0.8779781,0.97854877
2,adam_win,nikuradse_2,0.4283136,0.20611781
2,adam_win_bfn,chemical_1_tower,0.81298304,0.82082736
2,adam_win_bfn,chemical_2_competition,0.48426002,0.6421335
2,adam_win_bfn,flow_stress_phip0.1,0.02264178,0.020187676
2,adam_win_bfn,friction_dyn_one-hot,0.08597153,0.16051531
2,adam_win_bfn,friction_stat_one-hot,0.54026645,0.7212845
2,adam_win_bfn,nasa_battery_1_10min,0.7302715,0.8512635
2,adam_win_bfn,nasa_battery_2_20min,0.98037225,0.9870477
2,adam_win_bfn,nikuradse_1,0.8779781,0.97854877
2,adam_win_bfn,nikuradse_2,0.4283136,0.20611781
2,adam_win_bin,chemical_1_tower,0.81298304,0.82082736
2,adam_win_bin,chemical_2_competition,0.48426002,0.6421335
2,adam_win_bin,flow_stress_phip0.1,0.02264178,0.020187676
2,adam_win_bin,friction_dyn_one-hot,0.08597153,0.16051531
2,adam_win_bin,friction_stat_one-hot,0.54026645,0.7212845
2,adam_win_bin,nasa_battery_1_10min,0.7302715,0.8512635
2,adam_win_bin,nasa_battery_2_20min,0.98037225,0.9870477
2,adam_win_bin,nikuradse_1,0.8779781,0.97854877
2,adam_win_bin,nikuradse_2,0.4283136,0.20611781
2,gaussian_no,chemical_1_tower,0.5350323,0.528852
2,gaussian_no,chemical_2_competition,0.10954714,0.25007927
2,gaussian_no,flow_stress_phip0.1,0.94357145,0.9434881
2,gaussian_no,friction_dyn_one-hot,-0.03551114,0.50127995
2,gaussian_no,friction_stat_one-hot,-0.4811808,0.37984198
2,gaussian_no,nasa_battery_1_10min,0.8835853,0.95165867
2,gaussian_no,nasa_battery_2_20min,0.9458583,0.9472017
2,gaussian_no,nikuradse_1,0.8545471,0.96398526
2,gaussian_no,nikuradse_2,0.80154,0.81753534
2,gaussian_wfn,chemical_1_tower,0.3684978,0.3628195
2,gaussian_wfn,chemical_2_competition,0.02420318,0.0571236
2,gaussian_wfn,flow_stress_phip0.1,-0.00946927,-0.00017416477
2,gaussian_wfn,friction_dyn_one-hot,-0.21397221,0.46456903
2,gaussian_wfn,friction_stat_one-hot,0.02319497,0.29555488
2,gaussian_wfn,nasa_battery_1_10min,0.3510242,0.9268853
2,gaussian_wfn,nasa_battery_2_20min,0.74992704,0.6651962
2,gaussian_wfn,nikuradse_1,0.84396124,0.96209925
2,gaussian_wfn,nikuradse_2,0.8035073,0.7586269
2,gaussian_wfn_bfn,chemical_1_tower,0.3684978,0.3628195
2,gaussian_wfn_bfn,chemical_2_competition,0.02420318,0.0571236
2,gaussian_wfn_bfn,flow_stress_phip0.1,-0.00946927,-0.00017416477
2,gaussian_wfn_bfn,friction_dyn_one-hot,-0.21397221,0.46456903
2,gaussian_wfn_bfn,friction_stat_one-hot,0.02319497,0.29555488
2,gaussian_wfn_bfn,nasa_battery_1_10min,0.3510242,0.9268853
2,gaussian_wfn_bfn,nasa_battery_2_20min,0.74992704,0.6651962
2,gaussian_wfn_bfn,nikuradse_1,0.84396124,0.96209925
2,gaussian_wfn_bfn,nikuradse_2,0.8035073,0.7586269
2,gaussian_wfn_bin,chemical_1_tower,0.3684978,0.3628195
2,gaussian_wfn_bin,chemical_2_competition,0.02420318,0.0571236
2,gaussian_wfn_bin,flow_stress_phip0.1,-0.00946927,-0.00017416477
2,gaussian_wfn_bin,friction_dyn_one-hot,-0.21397221,0.46456903
2,gaussian_wfn_bin,friction_stat_one-hot,0.02319497,0.29555488
2,gaussian_wfn_bin,nasa_battery_1_10min,0.3510242,0.9268853
2,gaussian_wfn_bin,nasa_battery_2_20min,0.74992704,0.6651962
2,gaussian_wfn_bin,nikuradse_1,0.84396124,0.96209925
2,gaussian_wfn_bin,nikuradse_2,0.8035073,0.7586269
2,gaussian_win,chemical_1_tower,0.48063058,0.47275043
2,gaussian_win,chemical_2_competition,0.03747976,0.078716576
2,gaussian_win,flow_stress_phip0.1,0.9057571,0.90767753
2,gaussian_win,friction_dyn_one-hot,-0.12458241,0.4355095
2,gaussian_win,friction_stat_one-hot,0.07852954,0.47345912
2,gaussian_win,nasa_battery_1_10min,0.8381643,0.8930061
2,gaussian_win,nasa_battery_2_20min,0.94632363,0.9395712
2,gaussian_win,nikuradse_1,0.8504397,0.9649109
2,gaussian_win,nikuradse_2,0.8273374,0.8586259
2,gaussian_win_bfn,chemical_1_tower,0.48063058,0.47275043
2,gaussian_win_bfn,chemical_2_competition,0.03747976,0.078716576
2,gaussian_win_bfn,flow_stress_phip0.1,0.9057571,0.90767753
2,gaussian_win_bfn,friction_dyn_one-hot,-0.12458241,0.4355095
2,gaussian_win_bfn,friction_stat_one-hot,0.07852954,0.47345912
2,gaussian_win_bfn,nasa_battery_1_10min,0.8381643,0.8930061
2,gaussian_win_bfn,nasa_battery_2_20min,0.94632363,0.9395712
2,gaussian_win_bfn,nikuradse_1,0.8504397,0.9649109
2,gaussian_win_bfn,nikuradse_2,0.8273374,0.8586259
2,gaussian_win_bin,chemical_1_tower,0.48063058,0.47275043
2,gaussian_win_bin,chemical_2_competition,0.03747976,0.078716576
2,gaussian_win_bin,flow_stress_phip0.1,0.9057571,0.90767753
2,gaussian_win_bin,friction_dyn_one-hot,-0.12458241,0.4355095
2,gaussian_win_bin,friction_stat_one-hot,0.07852954,0.47345912
2,gaussian_win_bin,nasa_battery_1_10min,0.8381643,0.8930061
2,gaussian_win_bin,nasa_battery_2_20min,0.94632363,0.9395712
2,gaussian_win_bin,nikuradse_1,0.8504397,0.9649109
2,gaussian_win_bin,nikuradse_2,0.8273374,0.8586259
3,adam_wfn,chemical_1_tower,0.44245577,0.37842
3,adam_wfn,chemical_2_competition,0.07739073,0.30053288
3,adam_wfn,flow_stress_phip0.1,0.98415655,0.98489046
3,adam_wfn,friction_dyn_one-hot,-0.00833333,0.49910063
3,adam_wfn,friction_stat_one-hot,0.5339741,0.7186994
3,adam_wfn,nasa_battery_1_10min,0.9434467,0.7377118
3,adam_wfn,nasa_battery_2_20min,0.9610926,0.94342875
3,adam_wfn,nikuradse_1,0.71494675,0.9616461
3,adam_wfn,nikuradse_2,0.47947365,0.5142252
3,adam_wfn_bfn,chemical_1_tower,0.44245577,0.37842
3,adam_wfn_bfn,chemical_2_competition,0.07739073,0.30053288
3,adam_wfn_bfn,flow_stress_phip0.1,0.98415655,0.98489046
3,adam_wfn_bfn,friction_dyn_one-hot,-0.00833333,0.49910063
3,adam_wfn_bfn,friction_stat_one-hot,0.5339741,0.7186994
3,adam_wfn_bfn,nasa_battery_1_10min,0.9434467,0.7377118
3,adam_wfn_bfn,nasa_battery_2_20min,0.9610926,0.94342875
3,adam_wfn_bfn,nikuradse_1,0.71494675,0.9616461
3,adam_wfn_bfn,nikuradse_2,0.47947365,0.5142252
3,adam_wfn_bin,chemical_1_tower,0.44245577,0.37842
3,adam_wfn_bin,chemical_2_competition,0.07739073,0.30053288
3,adam_wfn_bin,flow_stress_phip0.1,0.98415655,0.98489046
3,adam_wfn_bin,friction_dyn_one-hot,-0.00833333,0.49910063
3,adam_wfn_bin,friction_stat_one-hot,0.5339741,0.7186994
3,adam_wfn_bin,nasa_battery_1_10min,0.9434467,0.7377118
3,adam_wfn_bin,nasa_battery_2_20min,0.9610926,0.94342875
3,adam_wfn_bin,nikuradse_1,0.71494675,0.9616461
3,adam_wfn_bin,nikuradse_2,0.47947365,0.5142252
3,adam_win,chemical_1_tower,0.81160706,0.82519144
3,adam_win,chemical_2_competition,0.25877833,0.21705496
3,adam_win,flow_stress_phip0.1,0.8684321,0.8878038
3,adam_win,friction_dyn_one-hot,0.5201111,0.71508604
3,adam_win,friction_stat_one-hot,0.14649254,0.64901245
3,adam_win,nasa_battery_1_10min,0.32043612,0.9419404
3,adam_win,nasa_battery_2_20min,0.5425607,0.49322855
3,adam_win,nikuradse_1,0.8574409,0.96304923
3,adam_win,nikuradse_2,-0.00739169,0.010357559
3,adam_win_bfn,chemical_1_tower,0.81160706,0.82519144
3,adam_win_bfn,chemical_2_competition,0.25877833,0.21705496
3,adam_win_bfn,flow_stress_phip0.1,0.8684321,0.8878038
3,adam_win_bfn,friction_dyn_one-hot,0.5201111,0.71508604
3,adam_win_bfn,friction_stat_one-hot,0.14649254,0.64901245
3,adam_win_bfn,nasa_battery_1_10min,0.32043612,0.9419404
3,adam_win_bfn,nasa_battery_2_20min,0.5425607,0.49322855
3,adam_win_bfn,nikuradse_1,0.8574409,0.96304923
3,adam_win_bfn,nikuradse_2,-0.00739169,0.010357559
3,adam_win_bin,chemical_1_tower,0.81160706,0.82519144
3,adam_win_bin,chemical_2_competition,0.25877833,0.21705496
3,adam_win_bin,flow_stress_phip0.1,0.8684321,0.8878038
3,adam_win_bin,friction_dyn_one-hot,0.5201111,0.71508604
3,adam_win_bin,friction_stat_one-hot,0.14649254,0.64901245
3,adam_win_bin,nasa_battery_1_10min,0.32043612,0.9419404
3,adam_win_bin,nasa_battery_2_20min,0.5425607,0.49322855
3,adam_win_bin,nikuradse_1,0.8574409,0.96304923
3,adam_win_bin,nikuradse_2,-0.00739169,0.010357559
3,gaussian_no,chemical_1_tower,0.58323354,0.53788626
3,gaussian_no,chemical_2_competition,0.04891479,0.11939067
3,gaussian_no,flow_stress_phip0.1,0.99171776,0.9935498
3,gaussian_no,friction_dyn_one-hot,0.6293347,0.7569101
3,gaussian_no,friction_stat_one-hot,0.17090398,0.55570185
3,gaussian_no,nasa_battery_1_10min,0.9397971,0.97791344
3,gaussian_no,nasa_battery_2_20min,0.900457,0.89826846
3,gaussian_no,nikuradse_1,0.81686383,0.9644174
3,gaussian_no,nikuradse_2,0.82106626,0.8227469
3,gaussian_wfn,chemical_1_tower,0.50009286,0.4561336
3,gaussian_wfn,chemical_2_competition,-0.0274502,0.14097875
3,gaussian_wfn,flow_stress_phip0.1,0.8415814,0.8545089
3,gaussian_wfn,friction_dyn_one-hot,-1.0341897,0.6210413
3,gaussian_wfn,friction_stat_one-hot,0.33750612,0.47498095
3,gaussian_wfn,nasa_battery_1_10min,0.48207575,0.6051194
3,gaussian_wfn,nasa_battery_2_20min,-0.14955664,-7.331371e-05
3,gaussian_wfn,nikuradse_1,-18.776709,0.95053077
3,gaussian_wfn,nikuradse_2,0.16608512,0.44711137
3,gaussian_wfn_bfn,chemical_1_tower,0.50009286,0.4561336
3,gaussian_wfn_bfn,chemical_2_competition,-0.0274502,0.14097875
3,gaussian_wfn_bfn,flow_stress_phip0.1,0.8415814,0.8545089
3,gaussian_wfn_bfn,friction_dyn_one-hot,-1.0341897,0.6210413
3,gaussian_wfn_bfn,friction_stat_one-hot,0.33750612,0.47498095
3,gaussian_wfn_bfn,nasa_battery_1_10min,0.48207575,0.6051194
3,gaussian_wfn_bfn,nasa_battery_2_20min,-0.14955664,-7.331371e-05
3,gaussian_wfn_bfn,nikuradse_1,-18.776709,0.95053077
3,gaussian_wfn_bfn,nikuradse_2,0.16608512,0.44711137
3,gaussian_wfn_bin,chemical_1_tower,0.50009286,0.4561336
3,gaussian_wfn_bin,chemical_2_competition,-0.0274502,0.14097875
3,gaussian_wfn_bin,flow_stress_phip0.1,0.8415814,0.8545089
3,gaussian_wfn_bin,friction_dyn_one-hot,-1.0341897,0.6210413
3,gaussian_wfn_bin,friction_stat_one-hot,0.33750612,0.47498095
3,gaussian_wfn_bin,nasa_battery_1_10min,0.48207575,0.6051194
3,gaussian_wfn_bin,nasa_battery_2_20min,-0.14955664,-7.331371e-05
3,gaussian_wfn_bin,nikuradse_1,-18.776709,0.95053077
3,gaussian_wfn_bin,nikuradse_2,0.16608512,0.44711137
3,gaussian_win,chemical_1_tower,0.57276475,0.6235144
3,gaussian_win,chemical_2_competition,-0.01823199,0.30966312
3,gaussian_win,flow_stress_phip0.1,0.4592048,0.61945045
3,gaussian_win,friction_dyn_one-hot,-0.02805185,0.36629516
3,gaussian_win,friction_stat_one-hot,-0.471627,0.454391
3,gaussian_win,nasa_battery_1_10min,0.7183486,0.91259015
3,gaussian_win,nasa_battery_2_20min,0.5446061,0.49310815
3,gaussian_win,nikuradse_1,0.8523613,0.9641896
3,gaussian_win,nikuradse_2,0.3453948,0.29152578
3,gaussian_win_bfn,chemical_1_tower,0.57276475,0.6235144
3,gaussian_win_bfn,chemical_2_competition,-0.01823199,0.30966312
3,gaussian_win_bfn,flow_stress_phip0.1,0.4592048,0.61945045
3,gaussian_win_bfn,friction_dyn_one-hot,-0.02805185,0.36629516
3,gaussian_win_bfn,friction_stat_one-hot,-0.471627,0.454391
3,gaussian_win_bfn,nasa_battery_1_10min,0.7183486,0.91259015
3,gaussian_win_bfn,nasa_battery_2_20min,0.5446061,0.49310815
3,gaussian_win_bfn,nikuradse_1,0.8523613,0.9641896
3,gaussian_win_bfn,nikuradse_2,0.3453948,0.29152578
3,gaussian_win_bin,chemical_1_tower,0.57276475,0.6235144
3,gaussian_win_bin,chemical_2_competition,-0.01823199,0.30966312
3,gaussian_win_bin,flow_stress_phip0.1,0.4592048,0.61945045
3,gaussian_win_bin,friction_dyn_one-hot,-0.02805185,0.36629516
3,gaussian_win_bin,friction_stat_one-hot,-0.471627,0.454391
3,gaussian_win_bin,nasa_battery_1_10min,0.7183486,0.91259015
3,gaussian_win_bin,nasa_battery_2_20min,0.5446061,0.49310815
3,gaussian_win_bin,nikuradse_1,0.8523613,0.9641896
3,gaussian_win_bin,nikuradse_2,0.3453948,0.29152578
4,adam_wfn,chemical_1_tower,0.6968709,0.6736322
4,adam_wfn,chemical_2_competition,0.47002298,0.5870255
4,adam_wfn,flow_stress_phip0.1,0.9524163,0.95870733
4,adam_wfn,friction_dyn_one-hot,0.0301798,0.39150202
4,adam_wfn,friction_stat_one-hot,-0.14049447,0.41514075
4,adam_wfn,nasa_battery_1_10min,0.9703045,0.9744508
4,adam_wfn,nasa_battery_2_20min,0.92558104,0.9487798
4,adam_wfn,nikuradse_1,0.8418145,0.96110135
4,adam_wfn,nikuradse_2,0.9435158,0.9293907
4,adam_wfn_bfn,chemical_1_tower,0.6968709,0.6736322
4,adam_wfn_bfn,chemical_2_competition,0.47002298,0.5870255
4,adam_wfn_bfn,flow_stress_phip0.1,0.9524163,0.95870733
4,adam_wfn_bfn,friction_dyn_one-hot,0.0301798,0.39150202
4,adam_wfn_bfn,friction_stat_one-hot,-0.14049447,0.41514075
4,adam_wfn_bfn,nasa_battery_1_10min,0.9703045,0.9744508
4,adam_wfn_bfn,nasa_battery_2_20min,0.92558104,0.9487798
4,adam_wfn_bfn,nikuradse_1,0.8418145,0.96110135
4,adam_wfn_bfn,nikuradse_2,0.9435158,0.9293907
4,adam_wfn_bin,chemical_1_tower,0.6968709,0.6736322
4,adam_wfn_bin,chemical_2_competition,0.47002298,0.5870255
4,adam_wfn_bin,flow_stress_phip0.1,0.9524163,0.95870733
4,adam_wfn_bin,friction_dyn_one-hot,0.0301798,0.39150202
4,adam_wfn_bin,friction_stat_one-hot,-0.14049447,0.41514075
4,adam_wfn_bin,nasa_battery_1_10min,0.9703045,0.9744508
4,adam_wfn_bin,nasa_battery_2_20min,0.92558104,0.9487798
4,adam_wfn_bin,nikuradse_1,0.8418145,0.96110135
4,adam_wfn_bin,nikuradse_2,0.9435158,0.9293907
4,adam_win,chemical_1_tower,0.7741678,0.7693839
4,adam_win,chemical_2_competition,0.01836169,0.42331737
4,adam_win,flow_stress_phip0.1,0.67494917,0.78052634
4,adam_win,friction_dyn_one-hot,0.6879739,0.8137194
4,adam_win,friction_stat_one-hot,-0.077317,0.513004
4,adam_win,nasa_battery_1_10min,0.84209216,0.96145576
4,adam_win,nasa_battery_2_20min,0.57617986,0.6687118
4,adam_win,nikuradse_1,0.84873736,0.9562597
4,adam_win,nikuradse_2,0.25155997,0.14914191
4,adam_win_bfn,chemical_1_tower,0.7741678,0.7693839
4,adam_win_bfn,chemical_2_competition,0.01836169,0.42331737
4,adam_win_bfn,flow_stress_phip0.1,0.67494917,0.78052634
4,adam_win_bfn,friction_dyn_one-hot,0.6879739,0.8137194
4,adam_win_bfn,friction_stat_one-hot,-0.077317,0.513004
4,adam_win_bfn,nasa_battery_1_10min,0.84209216,0.96145576
4,adam_win_bfn,nasa_battery_2_20min,0.57617986,0.6687118
4,adam_win_bfn,nikuradse_1,0.84873736,0.9562597
4,adam_win_bfn,nikuradse_2,0.25155997,0.14914191
4,adam_win_bin,chemical_1_tower,0.7741678,0.7693839
4,adam_win_bin,chemical_2_competition,0.01836169,0.42331737
4,adam_win_bin,flow_stress_phip0.1,0.67494917,0.78052634
4,adam_win_bin,friction_dyn_one-hot,0.6879739,0.8137194
4,adam_win_bin,friction_stat_one-hot,-0.077317,0.513004
4,adam_win_bin,nasa_battery_1_10min,0.84209216,0.96145576
4,adam_win_bin,nasa_battery_2_20min,0.57617986,0.6687118
4,adam_win_bin,nikuradse_1,0.84873736,0.9562597
4,adam_win_bin,nikuradse_2,0.25155997,0.14914191
4,gaussian_no,chemical_1_tower,0.59922206,0.53375614
4,gaussian_no,chemical_2_competition,0.04469246,0.33023876
4,gaussian_no,flow_stress_phip0.1,0.9740391,0.9747744
4,gaussian_no,friction_dyn_one-hot,0.02550507,0.01688224
4,gaussian_no,friction_stat_one-hot,0.1278581,0.076877415
4,gaussian_no,nasa_battery_1_10min,0.944649,0.97591424
4,gaussian_no,nasa_battery_2_20min,0.84059733,0.84859586
4,gaussian_no,nikuradse_1,-4.066845,0.962714
4,gaussian_no,nikuradse_2,0.84169173,0.85650337
4,gaussian_wfn,chemical_1_tower,0.5382555,0.45649135
4,gaussian_wfn,chemical_2_competition,0.0227921,0.1444341
4,gaussian_wfn,flow_stress_phip0.1,0.96275645,0.9657331
4,gaussian_wfn,friction_dyn_one-hot,-0.00528121,-2.3841858e-06
4,gaussian_wfn,friction_stat_one-hot,0.06173557,0.59784985
4,gaussian_wfn,nasa_battery_1_10min,0.9680372,0.80422544
4,gaussian_wfn,nasa_battery_2_20min,0.8257265,0.77569985
4,gaussian_wfn,nikuradse_1,0.62909824,0.85898703
4,gaussian_wfn,nikuradse_2,0.690727,0.6359654
4,gaussian_wfn_bfn,chemical_1_tower,0.5382555,0.45649135
4,gaussian_wfn_bfn,chemical_2_competition,0.0227921,0.1444341
4,gaussian_wfn_bfn,flow_stress_phip0.1,0.96275645,0.9657331
4,gaussian_wfn_bfn,friction_dyn_one-hot,-0.00528121,-2.3841858e-06
4,gaussian_wfn_bfn,friction_stat_one-hot,0.06173557,0.59784985
4,gaussian_wfn_bfn,nasa_battery_1_10min,0.9680372,0.80422544
4,gaussian_wfn_bfn,nasa_battery_2_20min,0.8257265,0.77569985
4,gaussian_wfn_bfn,nikuradse_1,0.62909824,0.85898703
4,gaussian_wfn_bfn,nikuradse_2,0.690727,0.6359654
4,gaussian_wfn_bin,chemical_1_tower,0.5382555,0.45649135
4,gaussian_wfn_bin,chemical_2_competition,0.0227921,0.1444341
4,gaussian_wfn_bin,flow_stress_phip0.1,0.96275645,0.9657331
4,gaussian_wfn_bin,friction_dyn_one-hot,-0.00528121,-2.3841858e-06
4,gaussian_wfn_bin,friction_stat_one-hot,0.06173557,0.59784985
4,gaussian_wfn_bin,nasa_battery_1_10min,0.9680372,0.80422544
4,gaussian_wfn_bin,nasa_battery_2_20min,0.8257265,0.77569985
4,gaussian_wfn_bin,nikuradse_1,0.62909824,0.85898703
4,gaussian_wfn_bin,nikuradse_2,0.690727,0.6359654
4,gaussian_win,chemical_1_tower,0.56606495,0.526891
4,gaussian_win,chemical_2_competition,0.03736204,0.07872015
4,gaussian_win,flow_stress_phip0.1,0.9047276,0.907372
4,gaussian_win,friction_dyn_one-hot,-0.01412225,0.36201417
4,gaussian_win,friction_stat_one-hot,-0.07416427,0.49498874
4,gaussian_win,nasa_battery_1_10min,0.9123459,0.9586914
4,gaussian_win,nasa_battery_2_20min,0.6705148,0.69070077
4,gaussian_win,nikuradse_1,0.79352677,0.9627192
4,gaussian_win,nikuradse_2,0.7814284,0.83343565
4,gaussian_win_bfn,chemical_1_tower,0.56606495,0.526891
4,gaussian_win_bfn,chemical_2_competition,0.03736204,0.07872015
4,gaussian_win_bfn,flow_stress_phip0.1,0.9047276,0.907372
4,gaussian_win_bfn,friction_dyn_one-hot,-0.01412225,0.36201417
4,gaussian_win_bfn,friction_stat_one-hot,-0.07416427,0.49498874
4,gaussian_win_bfn,nasa_battery_1_10min,0.9123459,0.9586914
4,gaussian_win_bfn,nasa_battery_2_20min,0.6705148,0.69070077
4,gaussian_win_bfn,nikuradse_1,0.79352677,0.9627192
4,gaussian_win_bfn,nikuradse_2,0.7814284,0.83343565
4,gaussian_win_bin,chemical_1_tower,0.56606495,0.526891
4,gaussian_win_bin,chemical_2_competition,0.03736204,0.07872015
4,gaussian_win_bin,flow_stress_phip0.1,0.9047276,0.907372
4,gaussian_win_bin,friction_dyn_one-hot,-0.01412225,0.36201417
4,gaussian_win_bin,friction_stat_one-hot,-0.07416427,0.49498874
4,gaussian_win_bin,nasa_battery_1_10min,0.9123459,0.9586914
4,gaussian_win_bin,nasa_battery_2_20min,0.6705148,0.69070077
4,gaussian_win_bin,nikuradse_1,0.79352677,0.9627192
4,gaussian_win_bin,nikuradse_2,0.7814284,0.83343565
5,adam_wfn,chemical_1_tower,0.7499085,0.78558373
5,adam_wfn,chemical_2_competition,0.2629363,0.5757295
5,adam_wfn,flow_stress_phip0.1,0.9780621,0.9808868
5,adam_wfn,friction_dyn_one-hot,0.73166645,0.84634423
5,adam_wfn,friction_stat_one-hot,0.58976,0.73370886
5,adam_wfn,nasa_battery_1_10min,0.9292878,0.98304886
5,adam_wfn,nasa_battery_2_20min,0.82231957,0.844356
5,adam_wfn,nikuradse_1,-0.05514646,0.35927367
5,adam_wfn,nikuradse_2,0.67888266,0.5717978
5,adam_wfn_bfn,chemical_1_tower,0.7499085,0.78558373
5,adam_wfn_bfn,chemical_2_competition,0.2629363,0.5757295
5,adam_wfn_bfn,flow_stress_phip0.1,0.9780621,0.9808868
5,adam_wfn_bfn,friction_dyn_one-hot,0.73166645,0.84634423
5,adam_wfn_bfn,friction_stat_one-hot,0.58976,0.73370886
5,adam_wfn_bfn,nasa_battery_1_10min,0.9292878,0.98304886
5,adam_wfn_bfn,nasa_battery_2_20min,0.82231957,0.844356
5,adam_wfn_bfn,nikuradse_1,-0.05514646,0.35927367
5,adam_wfn_bfn,nikuradse_2,0.67888266,0.5717978
5,adam_wfn_bin,chemical_1_tower,0.7499085,0.78558373
5,adam_wfn_bin,chemical_2_competition,0.2629363,0.5757295
5,adam_wfn_bin,flow_stress_phip0.1,0.9780621,0.9808868
5,adam_wfn_bin,friction_dyn_one-hot,0.73166645,0.84634423
5,adam_wfn_bin,friction_stat_one-hot,0.58976,0.73370886
5,adam_wfn_bin,nasa_battery_1_10min,0.9292878,0.98304886
5,adam_wfn_bin,nasa_battery_2_20min,0.82231957,0.844356
5,adam_wfn_bin,nikuradse_1,-0.05514646,0.35927367
5,adam_wfn_bin,nikuradse_2,0.67888266,0.5717978
5,adam_win,chemical_1_tower,0.77771306,0.79473317
5,adam_win,chemical_2_competition,0.40835732,0.5083802
5,adam_win,flow_stress_phip0.1,0.9902153,0.9933078
5,adam_win,friction_dyn_one-hot,-0.01135874,0.4962238
5,adam_win,friction_stat_one-hot,0.02349055,0.48363405
5,adam_win,nasa_battery_1_10min,0.87646574,0.98576105
5,adam_win,nasa_battery_2_20min,0.77058226,0.73747635
5,adam_win,nikuradse_1,0.8020148,0.9127346
5,adam_win,nikuradse_2,0.49808383,0.4301347
5,adam_win_bfn,chemical_1_tower,0.77771306,0.79473317
5,adam_win_bfn,chemical_2_competition,0.40835732,0.5083802
5,adam_win_bfn,flow_stress_phip0.1,0.9902153,0.9933078
5,adam_win_bfn,friction_dyn_one-hot,-0.01135874,0.4962238
5,adam_win_bfn,friction_stat_one-hot,0.02349055,0.48363405
5,adam_win_bfn,nasa_battery_1_10min,0.87646574,0.98576105
5,adam_win_bfn,nasa_battery_2_20min,0.77058226,0.73747635
5,adam_win_bfn,nikuradse_1,0.8020148,0.9127346
5,adam_win_bfn,nikuradse_2,0.49808383,0.4301347
5,adam_win_bin,chemical_1_tower,0.77771306,0.79473317
5,adam_win_bin,chemical_2_competition,0.40835732,0.5083802
5,adam_win_bin,flow_stress_phip0.1,0.9902153,0.9933078
5,adam_win_bin,friction_dyn_one-hot,-0.01135874,0.4962238
5,adam_win_bin,friction_stat_one-hot,0.02349055,0.48363405
5,adam_win_bin,nasa_battery_1_10min,0.87646574,0.98576105
5,adam_win_bin,nasa_battery_2_20min,0.77058226,0.73747635
5,adam_win_bin,nikuradse_1,0.8020148,0.9127346
5,adam_win_bin,nikuradse_2,0.49808383,0.4301347
5,gaussian_no,chemical_1_tower,0.58418536,0.5528424
5,gaussian_no,chemical_2_competition,0.01363224,0.051819086
5,gaussian_no,flow_stress_phip0.1,0.87587976,0.91549146
5,gaussian_no,friction_dyn_one-hot,0.15601778,0.54808784
5,gaussian_no,friction_stat_one-hot,0.3007915,0.3753389
5,gaussian_no,nasa_battery_1_10min,0.9797003,0.97723657
5,gaussian_no,nasa_battery_2_20min,0.9747601,0.968995
5,gaussian_no,nikuradse_1,0.83954203,0.9633493
5,gaussian_no,nikuradse_2,0.8885776,0.868161
5,gaussian_wfn,chemical_1_tower,0.45590532,0.4351701
5,gaussian_wfn,chemical_2_competition,0.03369021,0.40250206
5,gaussian_wfn,flow_stress_phip0.1,0.71302116,0.7317176
5,gaussian_wfn,friction_dyn_one-hot,-0.3027736,0.4024182
5,gaussian_wfn,friction_stat_one-hot,-0.00292265,-2.3841858e-07
5,gaussian_wfn,nasa_battery_1_10min,0.83965075,0.959836
5,gaussian_wfn,nasa_battery_2_20min,0.8916282,0.8194921
5,gaussian_wfn,nikuradse_1,0.86508703,0.96549654
5,gaussian_wfn,nikuradse_2,0.26645684,0.2605909
5,gaussian_wfn_bfn,chemical_1_tower,0.45590532,0.4351701
5,gaussian_wfn_bfn,chemical_2_competition,0.03369021,0.40250206
5,gaussian_wfn_bfn,flow_stress_phip0.1,0.71302116,0.7317176
5,gaussian_wfn_bfn,friction_dyn_one-hot,-0.3027736,0.4024182
5,gaussian_wfn_bfn,friction_stat_one-hot,-0.00292265,-2.3841858e-07
5,gaussian_wfn_bfn,nasa_battery_1_10min,0.83965075,0.959836
5,gaussian_wfn_bfn,nasa_battery_2_20min,0.8916282,0.8194921
5,gaussian_wfn_bfn,nikuradse_1,0.86508703,0.96549654
5,gaussian_wfn_bfn,nikuradse_2,0.26645684,0.2605909
5,gaussian_wfn_bin,chemical_1_tower,0.45590532,0.4351701
5,gaussian_wfn_bin,chemical_2_competition,0.03369021,0.40250206
5,gaussian_wfn_bin,flow_stress_phip0.1,0.71302116,0.7317176
5,gaussian_wfn_bin,friction_dyn_one-hot,-0.3027736,0.4024182
5,gaussian_wfn_bin,friction_stat_one-hot,-0.00292265,-2.3841858e-07
5,gaussian_wfn_bin,nasa_battery_1_10min,0.83965075,0.959836
5,gaussian_wfn_bin,nasa_battery_2_20min,0.8916282,0.8194921
5,gaussian_wfn_bin,nikuradse_1,0.86508703,0.96549654
5,gaussian_wfn_bin,nikuradse_2,0.26645684,0.2605909
5,gaussian_win,chemical_1_tower,0.64008653,0.5753666
5,gaussian_win,chemical_2_competition,-0.00837767,0.05881059
5,gaussian_win,flow_stress_phip0.1,0.5277591,0.50427103
5,gaussian_win,friction_dyn_one-hot,0.03488296,0.3514986
5,gaussian_win,friction_stat_one-hot,-0.34836566,0.37414014
5,gaussian_win,nasa_battery_1_10min,0.35921365,0.7396381
5,gaussian_win,nasa_battery_2_20min,0.8254416,0.7806065
5,gaussian_win,nikuradse_1,0.7320417,0.9529223
5,gaussian_win,nikuradse_2,0.36876124,0.3903514
5,gaussian_win_bfn,chemical_1_tower,0.64008653,0.5753666
5,gaussian_win_bfn,chemical_2_competition,-0.00837767,0.05881059
5,gaussian_win_bfn,flow_stress_phip0.1,0.5277591,0.50427103
5,gaussian_win_bfn,friction_dyn_one-hot,0.03488296,0.3514986
5,gaussian_win_bfn,friction_stat_one-hot,-0.34836566,0.37414014
5,gaussian_win_bfn,nasa_battery_1_10min,0.35921365,0.7396381
5,gaussian_win_bfn,nasa_battery_2_20min,0.8254416,0.7806065
5,gaussian_win_bfn,nikuradse_1,0.7320417,0.9529223
5,gaussian_win_bfn,nikuradse_2,0.36876124,0.3903514
5,gaussian_win_bin,chemical_1_tower,0.64008653,0.5753666
5,gaussian_win_bin,chemical_2_competition,-0.00837767,0.05881059
5,gaussian_win_bin,flow_stress_phip0.1,0.5277591,0.50427103
5,gaussian_win_bin,friction_dyn_one-hot,0.03488296,0.3514986
5,gaussian_win_bin,friction_stat_one-hot,-0.34836566,0.37414014
5,gaussian_win_bin,nasa_battery_1_10min,0.35921365,0.7396381
5,gaussian_win_bin,nasa_battery_2_20min,0.8254416,0.7806065
5,gaussian_win_bin,nikuradse_1,0.7320417,0.9529223
5,gaussian_win_bin,nikuradse_2,0.36876124,0.3903514
6,adam_wfn,chemical_1_tower,0.7022729,0.6771333
6,adam_wfn,chemical_2_competition,0.04687339,0.35567474
6,adam_wfn,flow_stress_phip0.1,0.9641921,0.96433866
6,adam_wfn,friction_dyn_one-hot,0.62121093,0.7050935
6,adam_wfn,friction_stat_one-hot,0.11099035,0.16405368
6,adam_wfn,nasa_battery_1_10min,0.55482674,0.9103634
6,adam_wfn,nasa_battery_2_20min,0.7847104,0.7489021
6,adam_wfn,nikuradse_1,-0.32171333,0.95899904
6,adam_wfn,nikuradse_2,0.7086726,0.7116978
6,adam_wfn_bfn,chemical_1_tower,0.7022729,0.6771333
6,adam_wfn_bfn,chemical_2_competition,0.04687339,0.35567474
6,adam_wfn_bfn,flow_stress_phip0.1,0.9641921,0.96433866
6,adam_wfn_bfn,friction_dyn_one-hot,0.62121093,0.7050935
6,adam_wfn_bfn,friction_stat_one-hot,0.11099035,0.16405368
6,adam_wfn_bfn,nasa_battery_1_10min,0.55482674,0.9103634
6,adam_wfn_bfn,nasa_battery_2_20min,0.7847104,0.7489021
6,adam_wfn_bfn,nikuradse_1,-0.32171333,0.95899904
6,adam_wfn_bfn,nikuradse_2,0.7086726,0.7116978
6,adam_wfn_bin,chemical_1_tower,0.7022729,0.6771333
6,adam_wfn_bin,chemical_2_competition,0.04687339,0.35567474
6,adam_wfn_bin,flow_stress_phip0.1,0.9641921,0.96433866
6,adam_wfn_bin,friction_dyn_one-hot,0.62121093,0.7050935
6,adam_wfn_bin,friction_stat_one-hot,0.11099035,0.16405368
6,adam_wfn_bin,nasa_battery_1_10min,0.55482674,0.9103634
6,adam_wfn_bin,nasa_battery_2_20min,0.7847104,0.7489021
6,adam_wfn_bin,nikuradse_1,-0.32171333,0.95899904
6,adam_wfn_bin,nikuradse_2,0.7086726,0.7116978
6,adam_win,chemical_1_tower,0.6544578,0.6055082
6,adam_win,chemical_2_competition,0.02237868,0.4233994
6,adam_win,flow_stress_phip0.1,0.43287253,0.33841842
6,adam_win,friction_dyn_one-hot,0.76963395,0.85632753
6,adam_win,friction_stat_one-hot,0.3183347,0.42291737
6,adam_win,nasa_battery_1_10min,0.92919517,0.9849846
6,adam_win,nasa_battery_2_20min,0.9672067,0.9630617
6,adam_win,nikuradse_1,0.8523758,0.96430373
6,adam_win,nikuradse_2,0.69304794,0.6116015
6,adam_win_bfn,chemical_1_tower,0.6544578,0.6055082
6,adam_win_bfn,chemical_2_competition,0.02237868,0.4233994
6,adam_win_bfn,flow_stress_phip0.1,0.43287253,0.33841842
6,adam_win_bfn,friction_dyn_one-hot,0.76963395,0.85632753
6,adam_win_bfn,friction_stat_one-hot,0.3183347,0.42291737
6,adam_win_bfn,nasa_battery_1_10min,0.92919517,0.9849846
6,adam_win_bfn,nasa_battery_2_20min,0.9672067,0.9630617
6,adam_win_bfn,nikuradse_1,0.8523758,0.96430373
6,adam_win_bfn,nikuradse_2,0.69304794,0.6116015
6,adam_win_bin,chemical_1_tower,0.6544578,0.6055082
6,adam_win_bin,chemical_2_competition,0.02237868,0.4233994
6,adam_win_bin,flow_stress_phip0.1,0.43287253,0.33841842
6,adam_win_bin,friction_dyn_one-hot,0.76963395,0.85632753
6,adam_win_bin,friction_stat_one-hot,0.3183347,0.42291737
6,adam_win_bin,nasa_battery_1_10min,0.92919517,0.9849846
6,adam_win_bin,nasa_battery_2_20min,0.9672067,0.9630617
6,adam_win_bin,nikuradse_1,0.8523758,0.96430373
6,adam_win_bin,nikuradse_2,0.69304794,0.6116015
6,gaussian_no,chemical_1_tower,0.56567526,0.5362184
6,gaussian_no,chemical_2_competition,0.02227509,0.055844963
6,gaussian_no,flow_stress_phip0.1,0.9864422,0.98806137
6,gaussian_no,friction_dyn_one-hot,-0.15226543,0.40394437
6,gaussian_no,friction_stat_one-hot,0.10540557,0.43041927
6,gaussian_no,nasa_battery_1_10min,0.9077282,0.9852633
6,gaussian_no,nasa_battery_2_20min,0.9435059,0.9256326
6,gaussian_no,nikuradse_1,0.75574726,0.95971906
6,gaussian_no,nikuradse_2,0.7078295,0.60597587
6,gaussian_wfn,chemical_1_tower,0.58484846,0.5346173
6,gaussian_wfn,chemical_2_competition,0.02403098,0.05712861
6,gaussian_wfn,flow_stress_phip0.1,0.24438381,0.19378567
6,gaussian_wfn,friction_dyn_one-hot,0.36037916,0.6569506
6,gaussian_wfn,friction_stat_one-hot,-0.9549475,0.016716003
6,gaussian_wfn,nasa_battery_1_10min,0.97085613,0.97778714
6,gaussian_wfn,nasa_battery_2_20min,0.8131522,0.66050637
6,gaussian_wfn,nikuradse_1,0.8576479,0.9653195
6,gaussian_wfn,nikuradse_2,0.7052682,0.7192636
6,gaussian_wfn_bfn,chemical_1_tower,0.58484846,0.5346173
6,gaussian_wfn_bfn,chemical_2_competition,0.02403098,0.05712861
6,gaussian_wfn_bfn,flow_stress_phip0.1,0.24438381,0.19378567
6,gaussian_wfn_bfn,friction_dyn_one-hot,0.36037916,0.6569506
6,gaussian_wfn_bfn,friction_stat_one-hot,-0.9549475,0.016716003
6,gaussian_wfn_bfn,nasa_battery_1_10min,0.97085613,0.97778714
6,gaussian_wfn_bfn,nasa_battery_2_20min,0.8131522,0.66050637
6,gaussian_wfn_bfn,nikuradse_1,0.8576479,0.9653195
6,gaussian_wfn_bfn,nikuradse_2,0.7052682,0.7192636
6,gaussian_wfn_bin,chemical_1_tower,0.58484846,0.5346173
6,gaussian_wfn_bin,chemical_2_competition,0.02403098,0.05712861
6,gaussian_wfn_bin,flow_stress_phip0.1,0.24438381,0.19378567
6,gaussian_wfn_bin,friction_dyn_one-hot,0.36037916,0.6569506
6,gaussian_wfn_bin,friction_stat_one-hot,-0.9549475,0.016716003
6,gaussian_wfn_bin,nasa_battery_1_10min,0.97085613,0.97778714
6,gaussian_wfn_bin,nasa_battery_2_20min,0.8131522,0.66050637
6,gaussian_wfn_bin,nikuradse_1,0.8576479,0.9653195
6,gaussian_wfn_bin,nikuradse_2,0.7052682,0.7192636
6,gaussian_win,chemical_1_tower,0.51625717,0.5500355
6,gaussian_win,chemical_2_competition,0.00658476,0.0721643
6,gaussian_win,flow_stress_phip0.1,0.6385249,0.6009489
6,gaussian_win,friction_dyn_one-hot,-0.10349631,0.4869038
6,gaussian_win,friction_stat_one-hot,0.12839752,0.07537663
6,gaussian_win,nasa_battery_1_10min,0.74890697,0.9136425
6,gaussian_win,nasa_battery_2_20min,0.7732435,0.71489394
6,gaussian_win,nikuradse_1,0.13343996,0.9522601
6,gaussian_win,nikuradse_2,0.5706288,0.3902257
6,gaussian_win_bfn,chemical_1_tower,0.51625717,0.5500355
6,gaussian_win_bfn,chemical_2_competition,0.00658476,0.0721643
6,gaussian_win_bfn,flow_stress_phip0.1,0.6385249,0.6009489
6,gaussian_win_bfn,friction_dyn_one-hot,-0.10349631,0.4869038
6,gaussian_win_bfn,friction_stat_one-hot,0.12839752,0.07537663
6,gaussian_win_bfn,nasa_battery_1_10min,0.74890697,0.9136425
6,gaussian_win_bfn,nasa_battery_2_20min,0.7732435,0.71489394
6,gaussian_win_bfn,nikuradse_1,0.13343996,0.9522601
6,gaussian_win_bfn,nikuradse_2,0.5706288,0.3902257
6,gaussian_win_bin,chemical_1_tower,0.51625717,0.5500355
6,gaussian_win_bin,chemical_2_competition,0.00658476,0.0721643
6,gaussian_win_bin,flow_stress_phip0.1,0.6385249,0.6009489
6,gaussian_win_bin,friction_dyn_one-hot,-0.10349631,0.4869038
6,gaussian_win_bin,friction_stat_one-hot,0.12839752,0.07537663
6,gaussian_win_bin,nasa_battery_1_10min,0.74890697,0.9136425
6,gaussian_win_bin,nasa_battery_2_20min,0.7732435,0.71489394
6,gaussian_win_bin,nikuradse_1,0.13343996,0.9522601
6,gaussian_win_bin,nikuradse_2,0.5706288,0.3902257
7,adam_wfn,chemical_1_tower,0.7523842,0.74292153
7,adam_wfn,chemical_2_competition,0.07629633,0.30054528
7,adam_wfn,flow_stress_phip0.1,0.9951222,0.9968728
7,adam_wfn,friction_dyn_one-hot,0.6059117,0.7613852
7,adam_wfn,friction_stat_one-hot,0.69331753,0.7712482
7,adam_wfn,nasa_battery_1_10min,0.6403059,0.96701086
7,adam_wfn,nasa_battery_2_20min,0.33123386,0.39320624
7,adam_wfn,nikuradse_1,0.49726492,0.78927577
7,adam_wfn,nikuradse_2,0.25486177,0.25472528
7,adam_wfn_bfn,chemical_1_tower,0.7523842,0.74292153
7,adam_wfn_bfn,chemical_2_competition,0.07629633,0.30054528
7,adam_wfn_bfn,flow_stress_phip0.1,0.9951222,0.9968728
7,adam_wfn_bfn,friction_dyn_one-hot,0.6059117,0.7613852
7,adam_wfn_bfn,friction_stat_one-hot,0.69331753,0.7712482
7,adam_wfn_bfn,nasa_battery_1_10min,0.6403059,0.96701086
7,adam_wfn_bfn,nasa_battery_2_20min,0.33123386,0.39320624
7,adam_wfn_bfn,nikuradse_1,0.49726492,0.78927577
7,adam_wfn_bfn,nikuradse_2,0.25486177,0.25472528
7,adam_wfn_bin,chemical_1_tower,0.7523842,0.74292153
7,adam_wfn_bin,chemical_2_competition,0.07629633,0.30054528
7,adam_wfn_bin,flow_stress_phip0.1,0.9951222,0.9968728
7,adam_wfn_bin,friction_dyn_one-hot,0.6059117,0.7613852
7,adam_wfn_bin,friction_stat_one-hot,0.69331753,0.7712482
7,adam_wfn_bin,nasa_battery_1_10min,0.6403059,0.96701086
7,adam_wfn_bin,nasa_battery_2_20min,0.33123386,0.39320624
7,adam_wfn_bin,nikuradse_1,0.49726492,0.78927577
7,adam_wfn_bin,nikuradse_2,0.25486177,0.25472528
7,adam_win,chemical_1_tower,0.5719556,0.5673204
7,adam_win,chemical_2_competition,0.49970806,0.3474043
7,adam_win,flow_stress_phip0.1,0.95122266,0.9593289
7,adam_win,friction_dyn_one-hot,0.11952281,0.4622863
7,adam_win,friction_stat_one-hot,0.74078786,0.7621955
7,adam_win,nasa_battery_1_10min,0.8605467,0.98090935
7,adam_win,nasa_battery_2_20min,0.9796701,0.970274
7,adam_win,nikuradse_1,0.8493865,0.9650169
7,adam_win,nikuradse_2,0.7341963,0.70448315
7,adam_win_bfn,chemical_1_tower,0.5719556,0.5673204
7,adam_win_bfn,chemical_2_competition,0.49970806,0.3474043
7,adam_win_bfn,flow_stress_phip0.1,0.95122266,0.9593289
7,adam_win_bfn,friction_dyn_one-hot,0.11952281,0.4622863
7,adam_win_bfn,friction_stat_one-hot,0.74078786,0.7621955
7,adam_win_bfn,nasa_battery_1_10min,0.8605467,0.98090935
7,adam_win_bfn,nasa_battery_2_20min,0.9796701,0.970274
7,adam_win_bfn,nikuradse_1,0.8493865,0.9650169
7,adam_win_bfn,nikuradse_2,0.7341963,0.70448315
7,adam_win_bin,chemical_1_tower,0.5719556,0.5673204
7,adam_win_bin,chemical_2_competition,0.49970806,0.3474043
7,adam_win_bin,flow_stress_phip0.1,0.95122266,0.9593289
7,adam_win_bin,friction_dyn_one-hot,0.11952281,0.4622863
7,adam_win_bin,friction_stat_one-hot,0.74078786,0.7621955
7,adam_win_bin,nasa_battery_1_10min,0.8605467,0.98090935
7,adam_win_bin,nasa_battery_2_20min,0.9796701,0.970274
7,adam_win_bin,nikuradse_1,0.8493865,0.9650169
7,adam_win_bin,nikuradse_2,0.7341963,0.70448315
7,gaussian_no,chemical_1_tower,0.65146226,0.637476
7,gaussian_no,chemical_2_competition,0.10573632,0.08579463
7,gaussian_no,flow_stress_phip0.1,0.9477227,0.96493596
7,gaussian_no,friction_dyn_one-hot,0.6271,0.7442605
7,gaussian_no,friction_stat_one-hot,-0.07697237,0.46675593
7,gaussian_no,nasa_battery_1_10min,0.8733784,0.9724312
7,gaussian_no,nasa_battery_2_20min,0.9672253,0.96602255
7,gaussian_no,nikuradse_1,0.8597889,0.9588418
7,gaussian_no,nikuradse_2,0.91799724,0.90017956
7,gaussian_wfn,chemical_1_tower,0.5268134,0.51720405
7,gaussian_wfn,chemical_2_competition,0.14162242,0.14585227
7,gaussian_wfn,flow_stress_phip0.1,-1.7850902,0.8031157
7,gaussian_wfn,friction_dyn_one-hot,0.18231839,0.10034013
7,gaussian_wfn,friction_stat_one-hot,0.00227213,0.44159287
7,gaussian_wfn,nasa_battery_1_10min,0.8818658,0.8227723
7,gaussian_wfn,nasa_battery_2_20min,0.8728945,0.87739164
7,gaussian_wfn,nikuradse_1,0.85453784,0.96214503
7,gaussian_wfn,nikuradse_2,0.3784145,0.41485983
7,gaussian_wfn_bfn,chemical_1_tower,0.5268134,0.51720405
7,gaussian_wfn_bfn,chemical_2_competition,0.14162242,0.14585227
7,gaussian_wfn_bfn,flow_stress_phip0.1,-1.7850902,0.8031157
7,gaussian_wfn_bfn,friction_dyn_one-hot,0.18231839,0.10034013
7,gaussian_wfn_bfn,friction_stat_one-hot,0.00227213,0.44159287
7,gaussian_wfn_bfn,nasa_battery_1_10min,0.8818658,0.8227723
7,gaussian_wfn_bfn,nasa_battery_2_20min,0.8728945,0.87739164
7,gaussian_wfn_bfn,nikuradse_1,0.85453784,0.96214503
7,gaussian_wfn_bfn,nikuradse_2,0.3784145,0.41485983
7,gaussian_wfn_bin,chemical_1_tower,0.5268134,0.51720405
7,gaussian_wfn_bin,chemical_2_competition,0.14162242,0.14585227
7,gaussian_wfn_bin,flow_stress_phip0.1,-1.7850902,0.8031157
7,gaussian_wfn_bin,friction_dyn_one-hot,0.18231839,0.10034013
7,gaussian_wfn_bin,friction_stat_one-hot,0.00227213,0.44159287
7,gaussian_wfn_bin,nasa_battery_1_10min,0.8818658,0.8227723
7,gaussian_wfn_bin,nasa_battery_2_20min,0.8728945,0.87739164
7,gaussian_wfn_bin,nikuradse_1,0.85453784,0.96214503
7,gaussian_wfn_bin,nikuradse_2,0.3784145,0.41485983
7,gaussian_win,chemical_1_tower,0.4961903,0.5028656
7,gaussian_win,chemical_2_competition,0.0366298,0.0787248
7,gaussian_win,flow_stress_phip0.1,0.02321351,0.013115406
7,gaussian_win,friction_dyn_one-hot,0.18082994,0.52524877
7,gaussian_win,friction_stat_one-hot,-0.39790547,0.1504739
7,gaussian_win,nasa_battery_1_10min,0.90227926,0.9278679
7,gaussian_win,nasa_battery_2_20min,0.8060037,0.7504903
7,gaussian_win,nikuradse_1,0.7110772,0.9602439
7,gaussian_win,nikuradse_2,0.40624475,0.32375187
7,gaussian_win_bfn,chemical_1_tower,0.4961903,0.5028656
7,gaussian_win_bfn,chemical_2_competition,0.0366298,0.0787248
7,gaussian_win_bfn,flow_stress_phip0.1,0.02321351,0.013115406
7,gaussian_win_bfn,friction_dyn_one-hot,0.18082994,0.52524877
7,gaussian_win_bfn,friction_stat_one-hot,-0.39790547,0.1504739
7,gaussian_win_bfn,nasa_battery_1_10min,0.90227926,0.9278679
7,gaussian_win_bfn,nasa_battery_2_20min,0.8060037,0.7504903
7,gaussian_win_bfn,nikuradse_1,0.7110772,0.9602439
7,gaussian_win_bfn,nikuradse_2,0.40624475,0.32375187
7,gaussian_win_bin,chemical_1_tower,0.4961903,0.5028656
7,gaussian_win_bin,chemical_2_competition,0.0366298,0.0787248
7,gaussian_win_bin,flow_stress_phip0.1,0.02321351,0.013115406
7,gaussian_win_bin,friction_dyn_one-hot,0.18082994,0.52524877
7,gaussian_win_bin,friction_stat_one-hot,-0.39790547,0.1504739
7,gaussian_win_bin,nasa_battery_1_10min,0.90227926,0.9278679
7,gaussian_win_bin,nasa_battery_2_20min,0.8060037,0.7504903
7,gaussian_win_bin,nikuradse_1,0.7110772,0.9602439
7,gaussian_win_bin,nikuradse_2,0.40624475,0.32375187
8,adam_wfn,chemical_1_tower,0.8270814,0.8284112
8,adam_wfn,chemical_2_competition,0.05319893,0.44671673
8,adam_wfn,flow_stress_phip0.1,0.986863,0.98975605
8,adam_wfn,friction_dyn_one-hot,0.06954545,0.52002865
8,adam_wfn,friction_stat_one-hot,0.39205623,0.66890144
8,adam_wfn,nasa_battery_1_10min,0.52807236,0.7951697
8,adam_wfn,nasa_battery_2_20min,0.81014824,0.7757909
8,adam_wfn,nikuradse_1,0.85546106,0.9643119
8,adam_wfn,nikuradse_2,0.7120664,0.7253926
8,adam_wfn_bfn,chemical_1_tower,0.8270814,0.8284112
8,adam_wfn_bfn,chemical_2_competition,0.05319893,0.44671673
8,adam_wfn_bfn,flow_stress_phip0.1,0.986863,0.98975605
8,adam_wfn_bfn,friction_dyn_one-hot,0.06954545,0.52002865
8,adam_wfn_bfn,friction_stat_one-hot,0.39205623,0.66890144
8,adam_wfn_bfn,nasa_battery_1_10min,0.52807236,0.7951697
8,adam_wfn_bfn,nasa_battery_2_20min,0.81014824,0.7757909
8,adam_wfn_bfn,nikuradse_1,0.85546106,0.9643119
8,adam_wfn_bfn,nikuradse_2,0.7120664,0.7253926
8,adam_wfn_bin,chemical_1_tower,0.8270814,0.8284112
8,adam_wfn_bin,chemical_2_competition,0.05319893,0.44671673
8,adam_wfn_bin,flow_stress_phip0.1,0.986863,0.98975605
8,adam_wfn_bin,friction_dyn_one-hot,0.06954545,0.52002865
8,adam_wfn_bin,friction_stat_one-hot,0.39205623,0.66890144
8,adam_wfn_bin,nasa_battery_1_10min,0.52807236,0.7951697
8,adam_wfn_bin,nasa_battery_2_20min,0.81014824,0.7757909
8,adam_wfn_bin,nikuradse_1,0.85546106,0.9643119
8,adam_wfn_bin,nikuradse_2,0.7120664,0.7253926
8,adam_win,chemical_1_tower,0.82273024,0.83897376
8,adam_win,chemical_2_competition,-0.05625641,0.3395583
8,adam_win,flow_stress_phip0.1,-23.84816,0.9679166
8,adam_win,friction_dyn_one-hot,0.6493525,0.78610927
8,adam_win,friction_stat_one-hot,0.71974015,0.7951598
8,adam_win,nasa_battery_1_10min,0.84896916,0.9506453
8,adam_win,nasa_battery_2_20min,0.98363423,0.9743271
8,adam_win,nikuradse_1,0.8328091,0.93702507
8,adam_win,nikuradse_2,0.52985275,0.43754274
8,adam_win_bfn,chemical_1_tower,0.82273024,0.83897376
8,adam_win_bfn,chemical_2_competition,-0.05625641,0.3395583
8,adam_win_bfn,flow_stress_phip0.1,-23.84816,0.9679166
8,adam_win_bfn,friction_dyn_one-hot,0.6493525,0.78610927
8,adam_win_bfn,friction_stat_one-hot,0.71974015,0.7951598
8,adam_win_bfn,nasa_battery_1_10min,0.84896916,0.9506453
8,adam_win_bfn,nasa_battery_2_20min,0.98363423,0.9743271
8,adam_win_bfn,nikuradse_1,0.8328091,0.93702507
8,adam_win_bfn,nikuradse_2,0.52985275,0.43754274
8,adam_win_bin,chemical_1_tower,0.82273024,0.83897376
8,adam_win_bin,chemical_2_competition,-0.05625641,0.3395583
8,adam_win_bin,flow_stress_phip0.1,-23.84816,0.9679166
8,adam_win_bin,friction_dyn_one-hot,0.6493525,0.78610927
8,adam_win_bin,friction_stat_one-hot,0.71974015,0.7951598
8,adam_win_bin,nasa_battery_1_10min,0.84896916,0.9506453
8,adam_win_bin,nasa_battery_2_20min,0.98363423,0.9743271
8,adam_win_bin,nikuradse_1,0.8328091,0.93702507
8,adam_win_bin,nikuradse_2,0.52985275,0.43754274
8,gaussian_no,chemical_1_tower,0.6174829,0.5343262
8,gaussian_no,chemical_2_competition,0.01363224,0.051819086
8,gaussian_no,flow_stress_phip0.1,0.8508471,0.9347784
8,gaussian_no,friction_dyn_one-hot,0.34906793,0.48152822
8,gaussian_no,friction_stat_one-hot,0.30530494,0.42497712
8,gaussian_no,nasa_battery_1_10min,0.8898633,0.98045
8,gaussian_no,nasa_battery_2_20min,0.96433437,0.9435297
8,gaussian_no,nikuradse_1,0.83225614,0.9647033
8,gaussian_no,nikuradse_2,0.9290736,0.90723705
8,gaussian_wfn,chemical_1_tower,0.56210124,0.5378409
8,gaussian_wfn,chemical_2_competition,-0.03091538,0.034783304
8,gaussian_wfn,flow_stress_phip0.1,0.9302557,0.9238191
8,gaussian_wfn,friction_dyn_one-hot,0.43680662,0.5781741
8,gaussian_wfn,friction_stat_one-hot,0.16776848,0.40364742
8,gaussian_wfn,nasa_battery_1_10min,0.11384237,0.90348387
8,gaussian_wfn,nasa_battery_2_20min,0.8972115,0.8860379
8,gaussian_wfn,nikuradse_1,0.71756697,0.929418
8,gaussian_wfn,nikuradse_2,0.68660176,0.65106
8,gaussian_wfn_bfn,chemical_1_tower,0.56210124,0.5378409
8,gaussian_wfn_bfn,chemical_2_competition,-0.03091538,0.034783304
8,gaussian_wfn_bfn,flow_stress_phip0.1,0.9302557,0.9238191
8,gaussian_wfn_bfn,friction_dyn_one-hot,0.43680662,0.5781741
8,gaussian_wfn_bfn,friction_stat_one-hot,0.16776848,0.40364742
8,gaussian_wfn_bfn,nasa_battery_1_10min,0.11384237,0.90348387
8,gaussian_wfn_bfn,nasa_battery_2_20min,0.8972115,0.8860379
8,gaussian_wfn_bfn,nikuradse_1,0.71756697,0.929418
8,gaussian_wfn_bfn,nikuradse_2,0.68660176,0.65106
8,gaussian_wfn_bin,chemical_1_tower,0.56210124,0.5378409
8,gaussian_wfn_bin,chemical_2_competition,-0.03091538,0.034783304
8,gaussian_wfn_bin,flow_stress_phip0.1,0.9302557,0.9238191
8,gaussian_wfn_bin,friction_dyn_one-hot,0.43680662,0.5781741
8,gaussian_wfn_bin,friction_stat_one-hot,0.16776848,0.40364742
8,gaussian_wfn_bin,nasa_battery_1_10min,0.11384237,0.90348387
8,gaussian_wfn_bin,nasa_battery_2_20min,0.8972115,0.8860379
8,gaussian_wfn_bin,nikuradse_1,0.71756697,0.929418
8,gaussian_wfn_bin,nikuradse_2,0.68660176,0.65106
8,gaussian_win,chemical_1_tower,0.50899106,0.43790412
8,gaussian_win,chemical_2_competition,0.03043461,0.11327851
8,gaussian_win,flow_stress_phip0.1,0.63632363,0.52742004
8,gaussian_win,friction_dyn_one-hot,-0.2597388,0.36615533
8,gaussian_win,friction_stat_one-hot,-0.02409971,0.4462229
8,gaussian_win,nasa_battery_1_10min,0.08125114,0.7500725
8,gaussian_win,nasa_battery_2_20min,0.90590644,0.8796349
8,gaussian_win,nikuradse_1,0.8564621,0.96150625
8,gaussian_win,nikuradse_2,0.4426871,0.29068893
8,gaussian_win_bfn,chemical_1_tower,0.50899106,0.43790412
8,gaussian_win_bfn,chemical_2_competition,0.03043461,0.11327851
8,gaussian_win_bfn,flow_stress_phip0.1,0.63632363,0.52742004
8,gaussian_win_bfn,friction_dyn_one-hot,-0.2597388,0.36615533
8,gaussian_win_bfn,friction_stat_one-hot,-0.02409971,0.4462229
8,gaussian_win_bfn,nasa_battery_1_10min,0.08125114,0.7500725
8,gaussian_win_bfn,nasa_battery_2_20min,0.90590644,0.8796349
8,gaussian_win_bfn,nikuradse_1,0.8564621,0.96150625
8,gaussian_win_bfn,nikuradse_2,0.4426871,0.29068893
8,gaussian_win_bin,chemical_1_tower,0.50899106,0.43790412
8,gaussian_win_bin,chemical_2_competition,0.03043461,0.11327851
8,gaussian_win_bin,flow_stress_phip0.1,0.63632363,0.52742004
8,gaussian_win_bin,friction_dyn_one-hot,-0.2597388,0.36615533
8,gaussian_win_bin,friction_stat_one-hot,-0.02409971,0.4462229
8,gaussian_win_bin,nasa_battery_1_10min,0.08125114,0.7500725
8,gaussian_win_bin,nasa_battery_2_20min,0.90590644,0.8796349
8,gaussian_win_bin,nikuradse_1,0.8564621,0.96150625
8,gaussian_win_bin,nikuradse_2,0.4426871,0.29068893
9,adam_wfn,chemical_1_tower,0.8119241,0.77286124
9,adam_wfn,chemical_2_competition,0.2558815,0.501912
9,adam_wfn,flow_stress_phip0.1,0.99095696,0.99507767
9,adam_wfn,friction_dyn_one-hot,0.69427353,0.8071124
9,adam_wfn,friction_stat_one-hot,0.57901084,0.75914955
9,adam_wfn,nasa_battery_1_10min,0.6645234,0.9320064
9,adam_wfn,nasa_battery_2_20min,0.66887337,0.6427927
9,adam_wfn,nikuradse_1,0.84857804,0.96442175
9,adam_wfn,nikuradse_2,0.53757864,0.60504997
9,adam_wfn_bfn,chemical_1_tower,0.8119241,0.77286124
9,adam_wfn_bfn,chemical_2_competition,0.2558815,0.501912
9,adam_wfn_bfn,flow_stress_phip0.1,0.99095696,0.99507767
9,adam_wfn_bfn,friction_dyn_one-hot,0.69427353,0.8071124
9,adam_wfn_bfn,friction_stat_one-hot,0.57901084,0.75914955
9,adam_wfn_bfn,nasa_battery_1_10min,0.6645234,0.9320064
9,adam_wfn_bfn,nasa_battery_2_20min,0.66887337,0.6427927
9,adam_wfn_bfn,nikuradse_1,0.84857804,0.96442175
9,adam_wfn_bfn,nikuradse_2,0.53757864,0.60504997
9,adam_wfn_bin,chemical_1_tower,0.8119241,0.77286124
9,adam_wfn_bin,chemical_2_competition,0.2558815,0.501912
9,adam_wfn_bin,flow_stress_phip0.1,0.99095696,0.99507767
9,adam_wfn_bin,friction_dyn_one-hot,0.69427353,0.8071124
9,adam_wfn_bin,friction_stat_one-hot,0.57901084,0.75914955
9,adam_wfn_bin,nasa_battery_1_10min,0.6645234,0.9320064
9,adam_wfn_bin,nasa_battery_2_20min,0.66887337,0.6427927
9,adam_wfn_bin,nikuradse_1,0.84857804,0.96442175
9,adam_wfn_bin,nikuradse_2,0.53757864,0.60504997
9,adam_win,chemical_1_tower,0.64698327,0.64650846
9,adam_win,chemical_2_competition,-0.77608323,0.587425
9,adam_win,flow_stress_phip0.1,0.9886987,0.99259037
9,adam_win,friction_dyn_one-hot,0.8312586,0.88366926
9,adam_win,friction_stat_one-hot,0.12798554,0.061789572
9,adam_win,nasa_battery_1_10min,0.95311964,0.92291635
9,adam_win,nasa_battery_2_20min,0.9723669,0.9623185
9,adam_win,nikuradse_1,0.83355343,0.94126195
9,adam_win,nikuradse_2,0.12122792,0.05361694
9,adam_win_bfn,chemical_1_tower,0.64698327,0.64650846
9,adam_win_bfn,chemical_2_competition,-0.77608323,0.587425
9,adam_win_bfn,flow_stress_phip0.1,0.9886987,0.99259037
9,adam_win_bfn,friction_dyn_one-hot,0.8312586,0.88366926
9,adam_win_bfn,friction_stat_one-hot,0.12798554,0.061789572
9,adam_win_bfn,nasa_battery_1_10min,0.95311964,0.92291635
9,adam_win_bfn,nasa_battery_2_20min,0.9723669,0.9623185
9,adam_win_bfn,nikuradse_1,0.83355343,0.94126195
9,adam_win_bfn,nikuradse_2,0.12122792,0.05361694
9,adam_win_bin,chemical_1_tower,0.64698327,0.64650846
9,adam_win_bin,chemical_2_competition,-0.77608323,0.587425
9,adam_win_bin,flow_stress_phip0.1,0.9886987,0.99259037
9,adam_win_bin,friction_dyn_one-hot,0.8312586,0.88366926
9,adam_win_bin,friction_stat_one-hot,0.12798554,0.061789572
9,adam_win_bin,nasa_battery_1_10min,0.95311964,0.92291635
9,adam_win_bin,nasa_battery_2_20min,0.9723669,0.9623185
9,adam_win_bin,nikuradse_1,0.83355343,0.94126195
9,adam_win_bin,nikuradse_2,0.12122792,0.05361694
9,gaussian_no,chemical_1_tower,0.7105614,0.7035755
9,gaussian_no,chemical_2_competition,-0.14573085,0.01447314
9,gaussian_no,flow_stress_phip0.1,0.9203531,0.9262041
9,gaussian_no,friction_dyn_one-hot,-0.12289703,0.42576432
9,gaussian_no,friction_stat_one-hot,0.2743047,0.57237536
9,gaussian_no,nasa_battery_1_10min,0.91972595,0.96992636
9,gaussian_no,nasa_battery_2_20min,0.9229234,0.9237807
9,gaussian_no,nikuradse_1,0.6312083,0.9743199
9,gaussian_no,nikuradse_2,0.86650634,0.8453548
9,gaussian_wfn,chemical_1_tower,0.5310382,0.5493828
9,gaussian_wfn,chemical_2_competition,0.18089223,0.23511964
9,gaussian_wfn,flow_stress_phip0.1,0.67889583,0.61754304
9,gaussian_wfn,friction_dyn_one-hot,0.15422487,0.530343
9,gaussian_wfn,friction_stat_one-hot,0.07364672,0.5180476
9,gaussian_wfn,nasa_battery_1_10min,0.8981699,0.86217636
9,gaussian_wfn,nasa_battery_2_20min,-0.14027143,-1.9192696e-05
9,gaussian_wfn,nikuradse_1,0.717366,0.9613595
9,gaussian_wfn,nikuradse_2,0.56603706,0.52847284
9,gaussian_wfn_bfn,chemical_1_tower,0.5310382,0.5493828
9,gaussian_wfn_bfn,chemical_2_competition,0.18089223,0.23511964
9,gaussian_wfn_bfn,flow_stress_phip0.1,0.67889583,0.61754304
9,gaussian_wfn_bfn,friction_dyn_one-hot,0.15422487,0.530343
9,gaussian_wfn_bfn,friction_stat_one-hot,0.07364672,0.5180476
9,gaussian_wfn_bfn,nasa_battery_1_10min,0.8981699,0.86217636
9,gaussian_wfn_bfn,nasa_battery_2_20min,-0.14027143,-1.9192696e-05
9,gaussian_wfn_bfn,nikuradse_1,0.717366,0.9613595
9,gaussian_wfn_bfn,nikuradse_2,0.56603706,0.52847284
9,gaussian_wfn_bin,chemical_1_tower,0.5310382,0.5493828
9,gaussian_wfn_bin,chemical_2_competition,0.18089223,0.23511964
9,gaussian_wfn_bin,flow_stress_phip0.1,0.67889583,0.61754304
9,gaussian_wfn_bin,friction_dyn_one-hot,0.15422487,0.530343
9,gaussian_wfn_bin,friction_stat_one-hot,0.07364672,0.5180476
9,gaussian_wfn_bin,nasa_battery_1_10min,0.8981699,0.86217636
9,gaussian_wfn_bin,nasa_battery_2_20min,-0.14027143,-1.9192696e-05
9,gaussian_wfn_bin,nikuradse_1,0.717366,0.9613595
9,gaussian_wfn_bin,nikuradse_2,0.56603706,0.52847284
9,gaussian_win,chemical_1_tower,0.65537065,0.6309961
9,gaussian_win,chemical_2_competition,0.15754634,0.15634316
9,gaussian_win,flow_stress_phip0.1,0.6440737,0.7854793
9,gaussian_win,friction_dyn_one-hot,-0.01786852,0.45372266
9,gaussian_win,friction_stat_one-hot,0.13361055,0.07922733
9,gaussian_win,nasa_battery_1_10min,0.84019595,0.9254569
9,gaussian_win,nasa_battery_2_20min,0.6803624,0.68985105
9,gaussian_win,nikuradse_1,-1.7824087,0.93000406
9,gaussian_win,nikuradse_2,0.26709354,0.18877411
9,gaussian_win_bfn,chemical_1_tower,0.65537065,0.6309961
9,gaussian_win_bfn,chemical_2_competition,0.15754634,0.15634316
9,gaussian_win_bfn,flow_stress_phip0.1,0.6440737,0.7854793
9,gaussian_win_bfn,friction_dyn_one-hot,-0.01786852,0.45372266
9,gaussian_win_bfn,friction_stat_one-hot,0.13361055,0.07922733
9,gaussian_win_bfn,nasa_battery_1_10min,0.84019595,0.9254569
9,gaussian_win_bfn,nasa_battery_2_20min,0.6803624,0.68985105
9,gaussian_win_bfn,nikuradse_1,-1.7824087,0.93000406
9,gaussian_win_bfn,nikuradse_2,0.26709354,0.18877411
9,gaussian_win_bin,chemical_1_tower,0.65537065,0.6309961
9,gaussian_win_bin,chemical_2_competition,0.15754634,0.15634316
9,gaussian_win_bin,flow_stress_phip0.1,0.6440737,0.7854793
9,gaussian_win_bin,friction_dyn_one-hot,-0.01786852,0.45372266
9,gaussian_win_bin,friction_stat_one-hot,0.13361055,0.07922733
9,gaussian_win_bin,nasa_battery_1_10min,0.84019595,0.9254569
9,gaussian_win_bin,nasa_battery_2_20min,0.6803624,0.68985105
9,gaussian_win_bin,nikuradse_1,-1.7824087,0.93000406
9,gaussian_win_bin,nikuradse_2,0.26709354,0.18877411
10,adam_wfn,chemical_1_tower,0.7403977,0.7586783
10,adam_wfn,chemical_2_competition,0.10099834,0.4880116
10,adam_wfn,flow_stress_phip0.1,-154.87218,0.9917628
10,adam_wfn,friction_dyn_one-hot,-0.2276895,0.37613946
10,adam_wfn,friction_stat_one-hot,0.6779957,0.78141266
10,adam_wfn,nasa_battery_1_10min,0.11593616,0.9024779
10,adam_wfn,nasa_battery_2_20min,0.92878604,0.8914126
10,adam_wfn,nikuradse_1,0.62903416,0.91643757
10,adam_wfn,nikuradse_2,0.36276072,0.34482592
10,adam_wfn_bfn,chemical_1_tower,0.7403977,0.7586783
10,adam_wfn_bfn,chemical_2_competition,0.10099834,0.4880116
10,adam_wfn_bfn,flow_stress_phip0.1,-154.87218,0.9917628
10,adam_wfn_bfn,friction_dyn_one-hot,-0.2276895,0.37613946
10,adam_wfn_bfn,friction_stat_one-hot,0.6779957,0.78141266
10,adam_wfn_bfn,nasa_battery_1_10min,0.11593616,0.9024779
10,adam_wfn_bfn,nasa_battery_2_20min,0.92878604,0.8914126
10,adam_wfn_bfn,nikuradse_1,0.62903416,0.91643757
10,adam_wfn_bfn,nikuradse_2,0.36276072,0.34482592
10,adam_wfn_bin,chemical_1_tower,0.7403977,0.7586783
10,adam_wfn_bin,chemical_2_competition,0.10099834,0.4880116
10,adam_wfn_bin,flow_stress_phip0.1,-154.87218,0.9917628
10,adam_wfn_bin,friction_dyn_one-hot,-0.2276895,0.37613946
10,adam_wfn_bin,friction_stat_one-hot,0.6779957,0.78141266
10,adam_wfn_bin,nasa_battery_1_10min,0.11593616,0.9024779
10,adam_wfn_bin,nasa_battery_2_20min,0.92878604,0.8914126
10,adam_wfn_bin,nikuradse_1,0.62903416,0.91643757
10,adam_wfn_bin,nikuradse_2,0.36276072,0.34482592
10,adam_win,chemical_1_tower,0.75701034,0.8057281
10,adam_win,chemical_2_competition,-0.03713357,0.44279683
10,adam_win,flow_stress_phip0.1,0.9592812,0.96415424
10,adam_win,friction_dyn_one-hot,0.7075981,0.81130296
10,adam_win,friction_stat_one-hot,0.7741816,0.8130753
10,adam_win,nasa_battery_1_10min,0.633688,0.9654333
10,adam_win,nasa_battery_2_20min,0.8029697,0.8150217
10,adam_win,nikuradse_1,0.812983,0.96425635
10,adam_win,nikuradse_2,0.95243126,0.94859535
10,adam_win_bfn,chemical_1_tower,0.75701034,0.8057281
10,adam_win_bfn,chemical_2_competition,-0.03713357,0.44279683
10,adam_win_bfn,flow_stress_phip0.1,0.9592812,0.96415424
10,adam_win_bfn,friction_dyn_one-hot,0.7075981,0.81130296
10,adam_win_bfn,friction_stat_one-hot,0.7741816,0.8130753
10,adam_win_bfn,nasa_battery_1_10min,0.633688,0.9654333
10,adam_win_bfn,nasa_battery_2_20min,0.8029697,0.8150217
10,adam_win_bfn,nikuradse_1,0.812983,0.96425635
10,adam_win_bfn,nikuradse_2,0.95243126,0.94859535
10,adam_win_bin,chemical_1_tower,0.75701034,0.8057281
10,adam_win_bin,chemical_2_competition,-0.03713357,0.44279683
10,adam_win_bin,flow_stress_phip0.1,0.9592812,0.96415424
10,adam_win_bin,friction_dyn_one-hot,0.7075981,0.81130296
10,adam_win_bin,friction_stat_one-hot,0.7741816,0.8130753
10,adam_win_bin,nasa_battery_1_10min,0.633688,0.9654333
10,adam_win_bin,nasa_battery_2_20min,0.8029697,0.8150217
10,adam_win_bin,nikuradse_1,0.812983,0.96425635
10,adam_win_bin,nikuradse_2,0.95243126,0.94859535
10,gaussian_no,chemical_1_tower,0.59400976,0.5782974
10,gaussian_no,chemical_2_competition,-0.01020932,0.11791128
10,gaussian_no,flow_stress_phip0.1,0.97169256,0.9767741
10,gaussian_no,friction_dyn_one-hot,0.4009099,0.5604874
10,gaussian_no,friction_stat_one-hot,0.12153649,0.44570792
10,gaussian_no,nasa_battery_1_10min,0.7968064,0.9678763
10,gaussian_no,nasa_battery_2_20min,0.9523457,0.9371277
10,gaussian_no,nikuradse_1,0.5957241,0.9671361
10,gaussian_no,nikuradse_2,0.96349406,0.9560878
10,gaussian_wfn,chemical_1_tower,0.5624529,0.5330253
10,gaussian_wfn,chemical_2_competition,-0.00486076,0.08028489
10,gaussian_wfn,flow_stress_phip0.1,0.929168,0.9253502
10,gaussian_wfn,friction_dyn_one-hot,-0.00844288,0.5164645
10,gaussian_wfn,friction_stat_one-hot,-0.2152232,0.4317419
10,gaussian_wfn,nasa_battery_1_10min,0.59431076,0.28920853
10,gaussian_wfn,nasa_battery_2_20min,0.86769927,0.8452134
10,gaussian_wfn,nikuradse_1,0.86558455,0.95946896
10,gaussian_wfn,nikuradse_2,0.8269056,0.7888123
10,gaussian_wfn_bfn,chemical_1_tower,0.5624529,0.5330253
10,gaussian_wfn_bfn,chemical_2_competition,-0.00486076,0.08028489
10,gaussian_wfn_bfn,flow_stress_phip0.1,0.929168,0.9253502
10,gaussian_wfn_bfn,friction_dyn_one-hot,-0.00844288,0.5164645
10,gaussian_wfn_bfn,friction_stat_one-hot,-0.2152232,0.4317419
10,gaussian_wfn_bfn,nasa_battery_1_10min,0.59431076,0.28920853
10,gaussian_wfn_bfn,nasa_battery_2_20min,0.86769927,0.8452134
10,gaussian_wfn_bfn,nikuradse_1,0.86558455,0.95946896
10,gaussian_wfn_bfn,nikuradse_2,0.8269056,0.7888123
10,gaussian_wfn_bin,chemical_1_tower,0.5624529,0.5330253
10,gaussian_wfn_bin,chemical_2_competition,-0.00486076,0.08028489
10,gaussian_wfn_bin,flow_stress_phip0.1,0.929168,0.9253502
10,gaussian_wfn_bin,friction_dyn_one-hot,-0.00844288,0.5164645
10,gaussian_wfn_bin,friction_stat_one-hot,-0.2152232,0.4317419
10,gaussian_wfn_bin,nasa_battery_1_10min,0.59431076,0.28920853
10,gaussian_wfn_bin,nasa_battery_2_20min,0.86769927,0.8452134
10,gaussian_wfn_bin,nikuradse_1,0.86558455,0.95946896
10,gaussian_wfn_bin,nikuradse_2,0.8269056,0.7888123
10,gaussian_win,chemical_1_tower,0.58012915,0.58570755
10,gaussian_win,chemical_2_competition,-0.01384294,0.12361282
10,gaussian_win,flow_stress_phip0.1,0.91238,0.9151866
10,gaussian_win,friction_dyn_one-hot,0.03215641,0.3614483
10,gaussian_win,friction_stat_one-hot,-0.3727709,0.39275908
10,gaussian_win,nasa_battery_1_10min,0.9355342,0.8899607
10,gaussian_win,nasa_battery_2_20min,0.8169345,0.7735921
10,gaussian_win,nikuradse_1,0.85916984,0.9629541
10,gaussian_win,nikuradse_2,0.8061341,0.7770213
10,gaussian_win_bfn,chemical_1_tower,0.58012915,0.58570755
10,gaussian_win_bfn,chemical_2_competition,-0.01384294,0.12361282
10,gaussian_win_bfn,flow_stress_phip0.1,0.91238,0.9151866
10,gaussian_win_bfn,friction_dyn_one-hot,0.03215641,0.3614483
10,gaussian_win_bfn,friction_stat_one-hot,-0.3727709,0.39275908
10,gaussian_win_bfn,nasa_battery_1_10min,0.9355342,0.8899607
10,gaussian_win_bfn,nasa_battery_2_20min,0.8169345,0.7735921
10,gaussian_win_bfn,nikuradse_1,0.85916984,0.9629541
10,gaussian_win_bfn,nikuradse_2,0.8061341,0.7770213
10,gaussian_win_bin,chemical_1_tower,0.58012915,0.58570755
10,gaussian_win_bin,chemical_2_competition,-0.01384294,0.12361282
10,gaussian_win_bin,flow_stress_phip0.1,0.91238,0.9151866
10,gaussian_win_bin,friction_dyn_one-hot,0.03215641,0.3614483
10,gaussian_win_bin,friction_stat_one-hot,-0.3727709,0.39275908
10,gaussian_win_bin,nasa_battery_1_10min,0.9355342,0.8899607
10,gaussian_win_bin,nasa_battery_2_20min,0.8169345,0.7735921
10,gaussian_win_bin,nikuradse_1,0.85916984,0.9629541
10,gaussian_win_bin,nikuradse_2,0.8061341,0.7770213
11,adam_wfn,chemical_1_tower,0.8025509,0.81918466
11,adam_wfn,chemical_2_competition,0.41536808,0.22989762
11,adam_wfn,flow_stress_phip0.1,0.970893,0.9842735
11,adam_wfn,friction_dyn_one-hot,0.73205984,0.81190985
11,adam_wfn,friction_stat_one-hot,-0.06386209,0.5262394
11,adam_wfn,nasa_battery_1_10min,0.9345233,0.9501331
11,adam_wfn,nasa_battery_2_20min,0.84604007,0.7885615
11,adam_wfn,nikuradse_1,0.41392803,0.7976161
11,adam_wfn,nikuradse_2,0.5442228,0.58552414
11,adam_wfn_bfn,chemical_1_tower,0.8025509,0.81918466
11,adam_wfn_bfn,chemical_2_competition,0.41536808,0.22989762
11,adam_wfn_bfn,flow_stress_phip0.1,0.970893,0.9842735
11,adam_wfn_bfn,friction_dyn_one-hot,0.73205984,0.81190985
11,adam_wfn_bfn,friction_stat_one-hot,-0.06386209,0.5262394
11,adam_wfn_bfn,nasa_battery_1_10min,0.9345233,0.9501331
11,adam_wfn_bfn,nasa_battery_2_20min,0.84604007,0.7885615
11,adam_wfn_bfn,nikuradse_1,0.41392803,0.7976161
11,adam_wfn_bfn,nikuradse_2,0.5442228,0.58552414
11,adam_wfn_bin,chemical_1_tower,0.8025509,0.81918466
11,adam_wfn_bin,chemical_2_competition,0.41536808,0.22989762
11,adam_wfn_bin,flow_stress_phip0.1,0.970893,0.9842735
11,adam_wfn_bin,friction_dyn_one-hot,0.73205984,0.81190985
11,adam_wfn_bin,friction_stat_one-hot,-0.06386209,0.5262394
11,adam_wfn_bin,nasa_battery_1_10min,0.9345233,0.9501331
11,adam_wfn_bin,nasa_battery_2_20min,0.84604007,0.7885615
11,adam_wfn_bin,nikuradse_1,0.41392803,0.7976161
11,adam_wfn_bin,nikuradse_2,0.5442228,0.58552414
11,adam_win,chemical_1_tower,0.74194974,0.7545871
11,adam_win,chemical_2_competition,-0.01261187,0.14849651
11,adam_win,flow_stress_phip0.1,0.8492098,0.97022086
11,adam_win,friction_dyn_one-hot,0.02850503,0.51946926
11,adam_win,friction_stat_one-hot,0.72840744,0.7872692
11,adam_win,nasa_battery_1_10min,0.5247741,0.929105
11,adam_win,nasa_battery_2_20min,0.93996626,0.976547
11,adam_win,nikuradse_1,0.877329,0.9803401
11,adam_win,nikuradse_2,0.5162315,0.5550444
11,adam_win_bfn,chemical_1_tower,0.74194974,0.7545871
11,adam_win_bfn,chemical_2_competition,-0.01261187,0.14849651
11,adam_win_bfn,flow_stress_phip0.1,0.8492098,0.97022086
11,adam_win_bfn,friction_dyn_one-hot,0.02850503,0.51946926
11,adam_win_bfn,friction_stat_one-hot,0.72840744,0.7872692
11,adam_win_bfn,nasa_battery_1_10min,0.5247741,0.929105
11,adam_win_bfn,nasa_battery_2_20min,0.93996626,0.976547
11,adam_win_bfn,nikuradse_1,0.877329,0.9803401
11,adam_win_bfn,nikuradse_2,0.5162315,0.5550444
11,adam_win_bin,chemical_1_tower,0.74194974,0.7545871
11,adam_win_bin,chemical_2_competition,-0.01261187,0.14849651
11,adam_win_bin,flow_stress_phip0.1,0.8492098,0.97022086
11,adam_win_bin,friction_dyn_one-hot,0.02850503,0.51946926
11,adam_win_bin,friction_stat_one-hot,0.72840744,0.7872692
11,adam_win_bin,nasa_battery_1_10min,0.5247741,0.929105
11,adam_win_bin,nasa_battery_2_20min,0.93996626,0.976547
11,adam_win_bin,nikuradse_1,0.877329,0.9803401
11,adam_win_bin,nikuradse_2,0.5162315,0.5550444
11,gaussian_no,chemical_1_tower,0.6328694,0.59857464
11,gaussian_no,chemical_2_competition,0.04192686,0.082256794
11,gaussian_no,flow_stress_phip0.1,0.9600892,0.9542776
11,gaussian_no,friction_dyn_one-hot,0.21043974,0.60848
11,gaussian_no,friction_stat_one-hot,-0.07527733,0.5693033
11,gaussian_no,nasa_battery_1_10min,0.9535617,0.9744243
11,gaussian_no,nasa_battery_2_20min,0.8278711,0.78180707
11,gaussian_no,nikuradse_1,0.8353607,0.9641557
11,gaussian_no,nikuradse_2,0.945694,0.9181535
11,gaussian_wfn,chemical_1_tower,0.45296508,0.4295209
11,gaussian_wfn,chemical_2_competition,0.01366997,0.06773722
11,gaussian_wfn,flow_stress_phip0.1,0.97444344,0.9634674
11,gaussian_wfn,friction_dyn_one-hot,0.58191043,0.7564265
11,gaussian_wfn,friction_stat_one-hot,0.57554626,0.6867746
11,gaussian_wfn,nasa_battery_1_10min,0.8984845,0.87267035
11,gaussian_wfn,nasa_battery_2_20min,0.75853497,0.7264091
11,gaussian_wfn,nikuradse_1,0.81763214,0.96393955
11,gaussian_wfn,nikuradse_2,0.8029376,0.78852797
11,gaussian_wfn_bfn,chemical_1_tower,0.45296508,0.4295209
11,gaussian_wfn_bfn,chemical_2_competition,0.01366997,0.06773722
11,gaussian_wfn_bfn,flow_stress_phip0.1,0.97444344,0.9634674
11,gaussian_wfn_bfn,friction_dyn_one-hot,0.58191043,0.7564265
11,gaussian_wfn_bfn,friction_stat_one-hot,0.57554626,0.6867746
11,gaussian_wfn_bfn,nasa_battery_1_10min,0.8984845,0.87267035
11,gaussian_wfn_bfn,nasa_battery_2_20min,0.75853497,0.7264091
11,gaussian_wfn_bfn,nikuradse_1,0.81763214,0.96393955
11,gaussian_wfn_bfn,nikuradse_2,0.8029376,0.78852797
11,gaussian_wfn_bin,chemical_1_tower,0.45296508,0.4295209
11,gaussian_wfn_bin,chemical_2_competition,0.01366997,0.06773722
11,gaussian_wfn_bin,flow_stress_phip0.1,0.97444344,0.9634674
11,gaussian_wfn_bin,friction_dyn_one-hot,0.58191043,0.7564265
11,gaussian_wfn_bin,friction_stat_one-hot,0.57554626,0.6867746
11,gaussian_wfn_bin,nasa_battery_1_10min,0.8984845,0.87267035
11,gaussian_wfn_bin,nasa_battery_2_20min,0.75853497,0.7264091
11,gaussian_wfn_bin,nikuradse_1,0.81763214,0.96393955
11,gaussian_wfn_bin,nikuradse_2,0.8029376,0.78852797
11,gaussian_win,chemical_1_tower,0.7311194,0.7084582
11,gaussian_win,chemical_2_competition,0.03904182,0.078580976
11,gaussian_win,flow_stress_phip0.1,0.888582,0.8591423
11,gaussian_win,friction_dyn_one-hot,0.43924457,0.655805
11,gaussian_win,friction_stat_one-hot,0.00973934,0.0051804185
11,gaussian_win,nasa_battery_1_10min,0.8380021,0.9259708
11,gaussian_win,nasa_battery_2_20min,0.8827514,0.82152724
11,gaussian_win,nikuradse_1,0.8529082,0.96417475
11,gaussian_win,nikuradse_2,0.12367266,0.09100288
11,gaussian_win_bfn,chemical_1_tower,0.7311194,0.7084582
11,gaussian_win_bfn,chemical_2_competition,0.03904182,0.078580976
11,gaussian_win_bfn,flow_stress_phip0.1,0.888582,0.8591423
11,gaussian_win_bfn,friction_dyn_one-hot,0.43924457,0.655805
11,gaussian_win_bfn,friction_stat_one-hot,0.00973934,0.0051804185
11,gaussian_win_bfn,nasa_battery_1_10min,0.8380021,0.9259708
11,gaussian_win_bfn,nasa_battery_2_20min,0.8827514,0.82152724
11,gaussian_win_bfn,nikuradse_1,0.8529082,0.96417475
11,gaussian_win_bfn,nikuradse_2,0.12367266,0.09100288
11,gaussian_win_bin,chemical_1_tower,0.7311194,0.7084582
11,gaussian_win_bin,chemical_2_competition,0.03904182,0.078580976
11,gaussian_win_bin,flow_stress_phip0.1,0.888582,0.8591423
11,gaussian_win_bin,friction_dyn_one-hot,0.43924457,0.655805
11,gaussian_win_bin,friction_stat_one-hot,0.00973934,0.0051804185
11,gaussian_win_bin,nasa_battery_1_10min,0.8380021,0.9259708
11,gaussian_win_bin,nasa_battery_2_20min,0.8827514,0.82152724
11,gaussian_win_bin,nikuradse_1,0.8529082,0.96417475
11,gaussian_win_bin,nikuradse_2,0.12367266,0.09100288
12,adam_wfn,chemical_1_tower,0.78399056,0.78673714
12,adam_wfn,chemical_2_competition,-0.04197705,0.4788161
12,adam_wfn,flow_stress_phip0.1,0.9241569,0.94583166
12,adam_wfn,friction_dyn_one-hot,0.7099103,0.8431562
12,adam_wfn,friction_stat_one-hot,0.695535,0.78453034
12,adam_wfn,nasa_battery_1_10min,0.89073265,0.9842291
12,adam_wfn,nasa_battery_2_20min,0.26399755,0.35342175
12,adam_wfn,nikuradse_1,0.78231144,0.9307319
12,adam_wfn,nikuradse_2,0.23465413,0.18529719
12,adam_wfn_bfn,chemical_1_tower,0.78399056,0.78673714
12,adam_wfn_bfn,chemical_2_competition,-0.04197705,0.4788161
12,adam_wfn_bfn,flow_stress_phip0.1,0.9241569,0.94583166
12,adam_wfn_bfn,friction_dyn_one-hot,0.7099103,0.8431562
12,adam_wfn_bfn,friction_stat_one-hot,0.695535,0.78453034
12,adam_wfn_bfn,nasa_battery_1_10min,0.89073265,0.9842291
12,adam_wfn_bfn,nasa_battery_2_20min,0.26399755,0.35342175
12,adam_wfn_bfn,nikuradse_1,0.78231144,0.9307319
12,adam_wfn_bfn,nikuradse_2,0.23465413,0.18529719
12,adam_wfn_bin,chemical_1_tower,0.78399056,0.78673714
12,adam_wfn_bin,chemical_2_competition,-0.04197705,0.4788161
12,adam_wfn_bin,flow_stress_phip0.1,0.9241569,0.94583166
12,adam_wfn_bin,friction_dyn_one-hot,0.7099103,0.8431562
12,adam_wfn_bin,friction_stat_one-hot,0.695535,0.78453034
12,adam_wfn_bin,nasa_battery_1_10min,0.89073265,0.9842291
12,adam_wfn_bin,nasa_battery_2_20min,0.26399755,0.35342175
12,adam_wfn_bin,nikuradse_1,0.78231144,0.9307319
12,adam_wfn_bin,nikuradse_2,0.23465413,0.18529719
12,adam_win,chemical_1_tower,0.5583402,0.5660636
12,adam_win,chemical_2_competition,-0.05311048,0.57639885
12,adam_win,flow_stress_phip0.1,0.9583997,0.97550875
12,adam_win,friction_dyn_one-hot,-0.01381552,0.48422587
12,adam_win,friction_stat_one-hot,0.35898417,0.46427274
12,adam_win,nasa_battery_1_10min,0.6438169,0.887816
12,adam_win,nasa_battery_2_20min,0.928493,0.93593717
12,adam_win,nikuradse_1,-1.0693827,0.957005
12,adam_win,nikuradse_2,0.18451232,0.20065409
12,adam_win_bfn,chemical_1_tower,0.5583402,0.5660636
12,adam_win_bfn,chemical_2_competition,-0.05311048,0.57639885
12,adam_win_bfn,flow_stress_phip0.1,0.9583997,0.97550875
12,adam_win_bfn,friction_dyn_one-hot,-0.01381552,0.48422587
12,adam_win_bfn,friction_stat_one-hot,0.35898417,0.46427274
12,adam_win_bfn,nasa_battery_1_10min,0.6438169,0.887816
12,adam_win_bfn,nasa_battery_2_20min,0.928493,0.93593717
12,adam_win_bfn,nikuradse_1,-1.0693827,0.957005
12,adam_win_bfn,nikuradse_2,0.18451232,0.20065409
12,adam_win_bin,chemical_1_tower,0.5583402,0.5660636
12,adam_win_bin,chemical_2_competition,-0.05311048,0.57639885
12,adam_win_bin,flow_stress_phip0.1,0.9583997,0.97550875
12,adam_win_bin,friction_dyn_one-hot,-0.01381552,0.48422587
12,adam_win_bin,friction_stat_one-hot,0.35898417,0.46427274
12,adam_win_bin,nasa_battery_1_10min,0.6438169,0.887816
12,adam_win_bin,nasa_battery_2_20min,0.928493,0.93593717
12,adam_win_bin,nikuradse_1,-1.0693827,0.957005
12,adam_win_bin,nikuradse_2,0.18451232,0.20065409
12,gaussian_no,chemical_1_tower,0.58524966,0.546132
12,gaussian_no,chemical_2_competition,0.16191822,0.12346989
12,gaussian_no,flow_stress_phip0.1,0.99206245,0.9906904
12,gaussian_no,friction_dyn_one-hot,0.44595873,0.61580664
12,gaussian_no,friction_stat_one-hot,0.1384396,0.52355623
12,gaussian_no,nasa_battery_1_10min,0.9710152,0.98053443
12,gaussian_no,nasa_battery_2_20min,0.8692916,0.8199929
12,gaussian_no,nikuradse_1,0.7680846,0.96381646
12,gaussian_no,nikuradse_2,0.8074938,0.81209344
12,gaussian_wfn,chemical_1_tower,0.5632733,0.5321475
12,gaussian_wfn,chemical_2_competition,0.04219437,0.07574129
12,gaussian_wfn,flow_stress_phip0.1,0.89711505,0.875475
12,gaussian_wfn,friction_dyn_one-hot,-0.23575413,0.36025977
12,gaussian_wfn,friction_stat_one-hot,0.03076363,0.59061027
12,gaussian_wfn,nasa_battery_1_10min,0.92280805,0.90361327
12,gaussian_wfn,nasa_battery_2_20min,-0.14248753,-1.5497208e-06
12,gaussian_wfn,nikuradse_1,0.85005265,0.9633711
12,gaussian_wfn,nikuradse_2,0.642583,0.5525441
12,gaussian_wfn_bfn,chemical_1_tower,0.5632733,0.5321475
12,gaussian_wfn_bfn,chemical_2_competition,0.04219437,0.07574129
12,gaussian_wfn_bfn,flow_stress_phip0.1,0.89711505,0.875475
12,gaussian_wfn_bfn,friction_dyn_one-hot,-0.23575413,0.36025977
12,gaussian_wfn_bfn,friction_stat_one-hot,0.03076363,0.59061027
12,gaussian_wfn_bfn,nasa_battery_1_10min,0.92280805,0.90361327
12,gaussian_wfn_bfn,nasa_battery_2_20min,-0.14248753,-1.5497208e-06
12,gaussian_wfn_bfn,nikuradse_1,0.85005265,0.9633711
12,gaussian_wfn_bfn,nikuradse_2,0.642583,0.5525441
12,gaussian_wfn_bin,chemical_1_tower,0.5632733,0.5321475
12,gaussian_wfn_bin,chemical_2_competition,0.04219437,0.07574129
12,gaussian_wfn_bin,flow_stress_phip0.1,0.89711505,0.875475
12,gaussian_wfn_bin,friction_dyn_one-hot,-0.23575413,0.36025977
12,gaussian_wfn_bin,friction_stat_one-hot,0.03076363,0.59061027
12,gaussian_wfn_bin,nasa_battery_1_10min,0.92280805,0.90361327
12,gaussian_wfn_bin,nasa_battery_2_20min,-0.14248753,-1.5497208e-06
12,gaussian_wfn_bin,nikuradse_1,0.85005265,0.9633711
12,gaussian_wfn_bin,nikuradse_2,0.642583,0.5525441
12,gaussian_win,chemical_1_tower,0.65979207,0.6494516
12,gaussian_win,chemical_2_competition,0.00044882,0.21447957
12,gaussian_win,flow_stress_phip0.1,0.940337,0.9501301
12,gaussian_win,friction_dyn_one-hot,-0.9139395,0.07806343
12,gaussian_win,friction_stat_one-hot,-0.26940048,0.34860212
12,gaussian_win,nasa_battery_1_10min,-5.3953958,0.41381788
12,gaussian_win,nasa_battery_2_20min,0.8491991,0.84304684
12,gaussian_win,nikuradse_1,0.85169613,0.9642584
12,gaussian_win,nikuradse_2,0.64179856,0.5865269
12,gaussian_win_bfn,chemical_1_tower,0.65979207,0.6494516
12,gaussian_win_bfn,chemical_2_competition,0.00044882,0.21447957
12,gaussian_win_bfn,flow_stress_phip0.1,0.940337,0.9501301
12,gaussian_win_bfn,friction_dyn_one-hot,-0.9139395,0.07806343
12,gaussian_win_bfn,friction_stat_one-hot,-0.26940048,0.34860212
12,gaussian_win_bfn,nasa_battery_1_10min,-5.3953958,0.41381788
12,gaussian_win_bfn,nasa_battery_2_20min,0.8491991,0.84304684
12,gaussian_win_bfn,nikuradse_1,0.85169613,0.9642584
12,gaussian_win_bfn,nikuradse_2,0.64179856,0.5865269
12,gaussian_win_bin,chemical_1_tower,0.65979207,0.6494516
12,gaussian_win_bin,chemical_2_competition,0.00044882,0.21447957
12,gaussian_win_bin,flow_stress_phip0.1,0.940337,0.9501301
12,gaussian_win_bin,friction_dyn_one-hot,-0.9139395,0.07806343
12,gaussian_win_bin,friction_stat_one-hot,-0.26940048,0.34860212
12,gaussian_win_bin,nasa_battery_1_10min,-5.3953958,0.41381788
12,gaussian_win_bin,nasa_battery_2_20min,0.8491991,0.84304684
12,gaussian_win_bin,nikuradse_1,0.85169613,0.9642584
12,gaussian_win_bin,nikuradse_2,0.64179856,0.5865269
13,adam_wfn,chemical_1_tower,0.54690063,0.5321339
13,adam_wfn,chemical_2_competition,-0.04046988,0.5676818
13,adam_wfn,flow_stress_phip0.1,0.96994245,0.97557455
13,adam_wfn,friction_dyn_one-hot,0.75946015,0.82956004
13,adam_wfn,friction_stat_one-hot,0.31428808,0.5265605
13,adam_wfn,nasa_battery_1_10min,-7.4470444,0.7572383
13,adam_wfn,nasa_battery_2_20min,0.9785613,0.9582181
13,adam_wfn,nikuradse_1,0.80115485,0.96505356
13,adam_wfn,nikuradse_2,0.9781385,0.9616492
13,adam_wfn_bfn,chemical_1_tower,0.54690063,0.5321339
13,adam_wfn_bfn,chemical_2_competition,-0.04046988,0.5676818
13,adam_wfn_bfn,flow_stress_phip0.1,0.96994245,0.97557455
13,adam_wfn_bfn,friction_dyn_one-hot,0.75946015,0.82956004
13,adam_wfn_bfn,friction_stat_one-hot,0.31428808,0.5265605
13,adam_wfn_bfn,nasa_battery_1_10min,-7.4470444,0.7572383
13,adam_wfn_bfn,nasa_battery_2_20min,0.9785613,0.9582181
13,adam_wfn_bfn,nikuradse_1,0.80115485,0.96505356
13,adam_wfn_bfn,nikuradse_2,0.9781385,0.9616492
13,adam_wfn_bin,chemical_1_tower,0.54690063,0.5321339
13,adam_wfn_bin,chemical_2_competition,-0.04046988,0.5676818
13,adam_wfn_bin,flow_stress_phip0.1,0.96994245,0.97557455
13,adam_wfn_bin,friction_dyn_one-hot,0.75946015,0.82956004
13,adam_wfn_bin,friction_stat_one-hot,0.31428808,0.5265605
13,adam_wfn_bin,nasa_battery_1_10min,-7.4470444,0.7572383
13,adam_wfn_bin,nasa_battery_2_20min,0.9785613,0.9582181
13,adam_wfn_bin,nikuradse_1,0.80115485,0.96505356
13,adam_wfn_bin,nikuradse_2,0.9781385,0.9616492
13,adam_win,chemical_1_tower,0.8513181,0.8571492
13,adam_win,chemical_2_competition,0.4628383,0.5158789
13,adam_win,flow_stress_phip0.1,0.99525255,0.9963627
13,adam_win,friction_dyn_one-hot,0.20412499,0.40112936
13,adam_win,friction_stat_one-hot,0.81145364,0.779629
13,adam_win,nasa_battery_1_10min,0.92129683,0.9888862
13,adam_win,nasa_battery_2_20min,0.6379038,0.6323658
13,adam_win,nikuradse_1,0.8591522,0.95823354
13,adam_win,nikuradse_2,0.32762527,0.38171804
13,adam_win_bfn,chemical_1_tower,0.8513181,0.8571492
13,adam_win_bfn,chemical_2_competition,0.4628383,0.5158789
13,adam_win_bfn,flow_stress_phip0.1,0.99525255,0.9963627
13,adam_win_bfn,friction_dyn_one-hot,0.20412499,0.40112936
13,adam_win_bfn,friction_stat_one-hot,0.81145364,0.779629
13,adam_win_bfn,nasa_battery_1_10min,0.92129683,0.9888862
13,adam_win_bfn,nasa_battery_2_20min,0.6379038,0.6323658
13,adam_win_bfn,nikuradse_1,0.8591522,0.95823354
13,adam_win_bfn,nikuradse_2,0.32762527,0.38171804
13,adam_win_bin,chemical_1_tower,0.8513181,0.8571492
13,adam_win_bin,chemical_2_competition,0.4628383,0.5158789
13,adam_win_bin,flow_stress_phip0.1,0.99525255,0.9963627
13,adam_win_bin,friction_dyn_one-hot,0.20412499,0.40112936
13,adam_win_bin,friction_stat_one-hot,0.81145364,0.779629
13,adam_win_bin,nasa_battery_1_10min,0.92129683,0.9888862
13,adam_win_bin,nasa_battery_2_20min,0.6379038,0.6323658
13,adam_win_bin,nikuradse_1,0.8591522,0.95823354
13,adam_win_bin,nikuradse_2,0.32762527,0.38171804
13,gaussian_no,chemical_1_tower,0.6059729,0.5880352
13,gaussian_no,chemical_2_competition,0.01363224,0.051819086
13,gaussian_no,flow_stress_phip0.1,0.9871199,0.98226297
13,gaussian_no,friction_dyn_one-hot,0.56230474,0.73277164
13,gaussian_no,friction_stat_one-hot,-0.01462936,0.6111647
13,gaussian_no,nasa_battery_1_10min,0.9148689,0.9788182
13,gaussian_no,nasa_battery_2_20min,0.931458,0.90125036
13,gaussian_no,nikuradse_1,0.8495624,0.9623765
13,gaussian_no,nikuradse_2,0.91168225,0.8958454
13,gaussian_wfn,chemical_1_tower,0.54109764,0.5015454
13,gaussian_wfn,chemical_2_competition,0.00337899,0.24533463
13,gaussian_wfn,flow_stress_phip0.1,0.9334317,0.91733164
13,gaussian_wfn,friction_dyn_one-hot,0.12863356,0.29406905
13,gaussian_wfn,friction_stat_one-hot,0.12944907,0.29308385
13,gaussian_wfn,nasa_battery_1_10min,0.70976007,0.8505303
13,gaussian_wfn,nasa_battery_2_20min,0.753291,0.66544926
13,gaussian_wfn,nikuradse_1,0.86406887,0.96619976
13,gaussian_wfn,nikuradse_2,0.4221927,0.4079085
13,gaussian_wfn_bfn,chemical_1_tower,0.54109764,0.5015454
13,gaussian_wfn_bfn,chemical_2_competition,0.00337899,0.24533463
13,gaussian_wfn_bfn,flow_stress_phip0.1,0.9334317,0.91733164
13,gaussian_wfn_bfn,friction_dyn_one-hot,0.12863356,0.29406905
13,gaussian_wfn_bfn,friction_stat_one-hot,0.12944907,0.29308385
13,gaussian_wfn_bfn,nasa_battery_1_10min,0.70976007,0.8505303
13,gaussian_wfn_bfn,nasa_battery_2_20min,0.753291,0.66544926
13,gaussian_wfn_bfn,nikuradse_1,0.86406887,0.96619976
13,gaussian_wfn_bfn,nikuradse_2,0.4221927,0.4079085
13,gaussian_wfn_bin,chemical_1_tower,0.54109764,0.5015454
13,gaussian_wfn_bin,chemical_2_competition,0.00337899,0.24533463
13,gaussian_wfn_bin,flow_stress_phip0.1,0.9334317,0.91733164
13,gaussian_wfn_bin,friction_dyn_one-hot,0.12863356,0.29406905
13,gaussian_wfn_bin,friction_stat_one-hot,0.12944907,0.29308385
13,gaussian_wfn_bin,nasa_battery_1_10min,0.70976007,0.8505303
13,gaussian_wfn_bin,nasa_battery_2_20min,0.753291,0.66544926
13,gaussian_wfn_bin,nikuradse_1,0.86406887,0.96619976
13,gaussian_wfn_bin,nikuradse_2,0.4221927,0.4079085
13,gaussian_win,chemical_1_tower,0.43992662,0.392178
13,gaussian_win,chemical_2_competition,-0.01336968,0.0467844
13,gaussian_win,flow_stress_phip0.1,0.15279287,0.2972225
13,gaussian_win,friction_dyn_one-hot,-0.00515521,-5.2452087e-06
13,gaussian_win,friction_stat_one-hot,0.0425877,0.29146034
13,gaussian_win,nasa_battery_1_10min,0.6769829,0.89815325
13,gaussian_win,nasa_battery_2_20min,0.5286895,0.5274358
13,gaussian_win,nikuradse_1,0.8628469,0.9637479
13,gaussian_win,nikuradse_2,0.543954,0.50577724
13,gaussian_win_bfn,chemical_1_tower,0.43992662,0.392178
13,gaussian_win_bfn,chemical_2_competition,-0.01336968,0.0467844
13,gaussian_win_bfn,flow_stress_phip0.1,0.15279287,0.2972225
13,gaussian_win_bfn,friction_dyn_one-hot,-0.00515521,-5.2452087e-06
13,gaussian_win_bfn,friction_stat_one-hot,0.0425877,0.29146034
13,gaussian_win_bfn,nasa_battery_1_10min,0.6769829,0.89815325
13,gaussian_win_bfn,nasa_battery_2_20min,0.5286895,0.5274358
13,gaussian_win_bfn,nikuradse_1,0.8628469,0.9637479
13,gaussian_win_bfn,nikuradse_2,0.543954,0.50577724
13,gaussian_win_bin,chemical_1_tower,0.43992662,0.392178
13,gaussian_win_bin,chemical_2_competition,-0.01336968,0.0467844
13,gaussian_win_bin,flow_stress_phip0.1,0.15279287,0.2972225
13,gaussian_win_bin,friction_dyn_one-hot,-0.00515521,-5.2452087e-06
13,gaussian_win_bin,friction_stat_one-hot,0.0425877,0.29146034
13,gaussian_win_bin,nasa_battery_1_10min,0.6769829,0.89815325
13,gaussian_win_bin,nasa_battery_2_20min,0.5286895,0.5274358
13,gaussian_win_bin,nikuradse_1,0.8628469,0.9637479
13,gaussian_win_bin,nikuradse_2,0.543954,0.50577724
14,adam_wfn,chemical_1_tower,0.47247875,0.45380658
14,adam_wfn,chemical_2_competition,0.06271201,0.44883186
14,adam_wfn,flow_stress_phip0.1,0.9476123,0.97437423
14,adam_wfn,friction_dyn_one-hot,0.7834509,0.8357647
14,adam_wfn,friction_stat_one-hot,0.7327142,0.772747
14,adam_wfn,nasa_battery_1_10min,0.8130558,0.9502743
14,adam_wfn,nasa_battery_2_20min,0.98279005,0.957077
14,adam_wfn,nikuradse_1,0.8598714,0.96458745
14,adam_wfn,nikuradse_2,0.35595804,0.45540357
14,adam_wfn_bfn,chemical_1_tower,0.47247875,0.45380658
14,adam_wfn_bfn,chemical_2_competition,0.06271201,0.44883186
14,adam_wfn_bfn,flow_stress_phip0.1,0.9476123,0.97437423
14,adam_wfn_bfn,friction_dyn_one-hot,0.7834509,0.8357647
14,adam_wfn_bfn,friction_stat_one-hot,0.7327142,0.772747
14,adam_wfn_bfn,nasa_battery_1_10min,0.8130558,0.9502743
14,adam_wfn_bfn,nasa_battery_2_20min,0.98279005,0.957077
14,adam_wfn_bfn,nikuradse_1,0.8598714,0.96458745
14,adam_wfn_bfn,nikuradse_2,0.35595804,0.45540357
14,adam_wfn_bin,chemical_1_tower,0.47247875,0.45380658
14,adam_wfn_bin,chemical_2_competition,0.06271201,0.44883186
14,adam_wfn_bin,flow_stress_phip0.1,0.9476123,0.97437423
14,adam_wfn_bin,friction_dyn_one-hot,0.7834509,0.8357647
14,adam_wfn_bin,friction_stat_one-hot,0.7327142,0.772747
14,adam_wfn_bin,nasa_battery_1_10min,0.8130558,0.9502743
14,adam_wfn_bin,nasa_battery_2_20min,0.98279005,0.957077
14,adam_wfn_bin,nikuradse_1,0.8598714,0.96458745
14,adam_wfn_bin,nikuradse_2,0.35595804,0.45540357
14,adam_win,chemical_1_tower,0.82310915,0.8409846
14,adam_win,chemical_2_competition,0.2370646,0.11690581
14,adam_win,flow_stress_phip0.1,0.97338784,0.98959994
14,adam_win,friction_dyn_one-hot,0.51231307,0.7067542
14,adam_win,friction_stat_one-hot,0.13843668,0.63801956
14,adam_win,nasa_battery_1_10min,0.20886815,0.5088818
14,adam_win,nasa_battery_2_20min,0.974114,0.960956
14,adam_win,nikuradse_1,0.63224345,0.9640918
14,adam_win,nikuradse_2,0.8450323,0.81067187
14,adam_win_bfn,chemical_1_tower,0.82310915,0.8409846
14,adam_win_bfn,chemical_2_competition,0.2370646,0.11690581
14,adam_win_bfn,flow_stress_phip0.1,0.97338784,0.98959994
14,adam_win_bfn,friction_dyn_one-hot,0.51231307,0.7067542
14,adam_win_bfn,friction_stat_one-hot,0.13843668,0.63801956
14,adam_win_bfn,nasa_battery_1_10min,0.20886815,0.5088818
14,adam_win_bfn,nasa_battery_2_20min,0.974114,0.960956
14,adam_win_bfn,nikuradse_1,0.63224345,0.9640918
14,adam_win_bfn,nikuradse_2,0.8450323,0.81067187
14,adam_win_bin,chemical_1_tower,0.82310915,0.8409846
14,adam_win_bin,chemical_2_competition,0.2370646,0.11690581
14,adam_win_bin,flow_stress_phip0.1,0.97338784,0.98959994
14,adam_win_bin,friction_dyn_one-hot,0.51231307,0.7067542
14,adam_win_bin,friction_stat_one-hot,0.13843668,0.63801956
14,adam_win_bin,nasa_battery_1_10min,0.20886815,0.5088818
14,adam_win_bin,nasa_battery_2_20min,0.974114,0.960956
14,adam_win_bin,nikuradse_1,0.63224345,0.9640918
14,adam_win_bin,nikuradse_2,0.8450323,0.81067187
14,gaussian_no,chemical_1_tower,0.58195543,0.5565778
14,gaussian_no,chemical_2_competition,0.09777474,0.07902199
14,gaussian_no,flow_stress_phip0.1,0.6353749,0.61082816
14,gaussian_no,friction_dyn_one-hot,0.0115546,0.5216378
14,gaussian_no,friction_stat_one-hot,0.11097032,0.049716115
14,gaussian_no,nasa_battery_1_10min,0.30768764,0.9106539
14,gaussian_no,nasa_battery_2_20min,0.9234235,0.8908098
14,gaussian_no,nikuradse_1,0.8271555,0.96344775
14,gaussian_no,nikuradse_2,0.87556034,0.9047511
14,gaussian_wfn,chemical_1_tower,0.6117213,0.6043154
14,gaussian_wfn,chemical_2_competition,-0.39023185,0.19829094
14,gaussian_wfn,flow_stress_phip0.1,0.9219762,0.93269604
14,gaussian_wfn,friction_dyn_one-hot,-0.01474631,0.44857776
14,gaussian_wfn,friction_stat_one-hot,0.11482877,0.6035142
14,gaussian_wfn,nasa_battery_1_10min,0.9028727,0.88096446
14,gaussian_wfn,nasa_battery_2_20min,0.80771095,0.7673338
14,gaussian_wfn,nikuradse_1,0.86672205,0.9637886
14,gaussian_wfn,nikuradse_2,-0.00427854,-3.5762787e-07
14,gaussian_wfn_bfn,chemical_1_tower,0.6117213,0.6043154
14,gaussian_wfn_bfn,chemical_2_competition,-0.39023185,0.19829094
14,gaussian_wfn_bfn,flow_stress_phip0.1,0.9219762,0.93269604
14,gaussian_wfn_bfn,friction_dyn_one-hot,-0.01474631,0.44857776
14,gaussian_wfn_bfn,friction_stat_one-hot,0.11482877,0.6035142
14,gaussian_wfn_bfn,nasa_battery_1_10min,0.9028727,0.88096446
14,gaussian_wfn_bfn,nasa_battery_2_20min,0.80771095,0.7673338
14,gaussian_wfn_bfn,nikuradse_1,0.86672205,0.9637886
14,gaussian_wfn_bfn,nikuradse_2,-0.00427854,-3.5762787e-07
14,gaussian_wfn_bin,chemical_1_tower,0.6117213,0.6043154
14,gaussian_wfn_bin,chemical_2_competition,-0.39023185,0.19829094
14,gaussian_wfn_bin,flow_stress_phip0.1,0.9219762,0.93269604
14,gaussian_wfn_bin,friction_dyn_one-hot,-0.01474631,0.44857776
14,gaussian_wfn_bin,friction_stat_one-hot,0.11482877,0.6035142
14,gaussian_wfn_bin,nasa_battery_1_10min,0.9028727,0.88096446
14,gaussian_wfn_bin,nasa_battery_2_20min,0.80771095,0.7673338
14,gaussian_wfn_bin,nikuradse_1,0.86672205,0.9637886
14,gaussian_wfn_bin,nikuradse_2,-0.00427854,-3.5762787e-07
14,gaussian_win,chemical_1_tower,0.68829405,0.6232767
14,gaussian_win,chemical_2_competition,0.00593144,0.07211107
14,gaussian_win,flow_stress_phip0.1,0.92445534,0.9446343
14,gaussian_win,friction_dyn_one-hot,0.07548869,0.41000193
14,gaussian_win,friction_stat_one-hot,0.02481478,0.53036785
14,gaussian_win,nasa_battery_1_10min,0.89510274,0.82773256
14,gaussian_win,nasa_battery_2_20min,0.5530963,0.63246703
14,gaussian_win,nikuradse_1,0.8488247,0.9647759
14,gaussian_win,nikuradse_2,0.9194511,0.91086835
14,gaussian_win_bfn,chemical_1_tower,0.68829405,0.6232767
14,gaussian_win_bfn,chemical_2_competition,0.00593144,0.07211107
14,gaussian_win_bfn,flow_stress_phip0.1,0.92445534,0.9446343
14,gaussian_win_bfn,friction_dyn_one-hot,0.07548869,0.41000193
14,gaussian_win_bfn,friction_stat_one-hot,0.02481478,0.53036785
14,gaussian_win_bfn,nasa_battery_1_10min,0.89510274,0.82773256
14,gaussian_win_bfn,nasa_battery_2_20min,0.5530963,0.63246703
14,gaussian_win_bfn,nikuradse_1,0.8488247,0.9647759
14,gaussian_win_bfn,nikuradse_2,0.9194511,0.91086835
14,gaussian_win_bin,chemical_1_tower,0.68829405,0.6232767
14,gaussian_win_bin,chemical_2_competition,0.00593144,0.07211107
14,gaussian_win_bin,flow_stress_phip0.1,0.92445534,0.9446343
14,gaussian_win_bin,friction_dyn_one-hot,0.07548869,0.41000193
14,gaussian_win_bin,friction_stat_one-hot,0.02481478,0.53036785
14,gaussian_win_bin,nasa_battery_1_10min,0.89510274,0.82773256
14,gaussian_win_bin,nasa_battery_2_20min,0.5530963,0.63246703
14,gaussian_win_bin,nikuradse_1,0.8488247,0.9647759
14,gaussian_win_bin,nikuradse_2,0.9194511,0.91086835
15,adam_wfn,chemical_1_tower,0.6468653,0.6242909
15,adam_wfn,chemical_2_competition,0.02517992,0.26368046
15,adam_wfn,flow_stress_phip0.1,0.9548929,0.9559876
15,adam_wfn,friction_dyn_one-hot,0.6173401,0.76622856
15,adam_wfn,friction_stat_one-hot,0.1726942,0.6271629
15,adam_wfn,nasa_battery_1_10min,0.7129389,0.97887224
15,adam_wfn,nasa_battery_2_20min,0.9764461,0.9767819
15,adam_wfn,nikuradse_1,0.85651505,0.96416837
15,adam_wfn,nikuradse_2,0.33227217,0.2481755
15,adam_wfn_bfn,chemical_1_tower,0.6468653,0.6242909
15,adam_wfn_bfn,chemical_2_competition,0.02517992,0.26368046
15,adam_wfn_bfn,flow_stress_phip0.1,0.9548929,0.9559876
15,adam_wfn_bfn,friction_dyn_one-hot,0.6173401,0.76622856
15,adam_wfn_bfn,friction_stat_one-hot,0.1726942,0.6271629
15,adam_wfn_bfn,nasa_battery_1_10min,0.7129389,0.97887224
15,adam_wfn_bfn,nasa_battery_2_20min,0.9764461,0.9767819
15,adam_wfn_bfn,nikuradse_1,0.85651505,0.96416837
15,adam_wfn_bfn,nikuradse_2,0.33227217,0.2481755
15,adam_wfn_bin,chemical_1_tower,0.6468653,0.6242909
15,adam_wfn_bin,chemical_2_competition,0.02517992,0.26368046
15,adam_wfn_bin,flow_stress_phip0.1,0.9548929,0.9559876
15,adam_wfn_bin,friction_dyn_one-hot,0.6173401,0.76622856
15,adam_wfn_bin,friction_stat_one-hot,0.1726942,0.6271629
15,adam_wfn_bin,nasa_battery_1_10min,0.7129389,0.97887224
15,adam_wfn_bin,nasa_battery_2_20min,0.9764461,0.9767819
15,adam_wfn_bin,nikuradse_1,0.85651505,0.96416837
15,adam_wfn_bin,nikuradse_2,0.33227217,0.2481755
15,adam_win,chemical_1_tower,0.8106581,0.80684954
15,adam_win,chemical_2_competition,0.04933858,0.29658782
15,adam_win,flow_stress_phip0.1,0.93248546,0.9345044
15,adam_win,friction_dyn_one-hot,0.0637238,0.47482336
15,adam_win,friction_stat_one-hot,0.00647926,0.4756176
15,adam_win,nasa_battery_1_10min,0.9400072,0.97287256
15,adam_win,nasa_battery_2_20min,0.9567477,0.98726463
15,adam_win,nikuradse_1,0.9309314,0.97942513
15,adam_win,nikuradse_2,0.23837954,0.2528695
15,adam_win_bfn,chemical_1_tower,0.8106581,0.80684954
15,adam_win_bfn,chemical_2_competition,0.04933858,0.29658782
15,adam_win_bfn,flow_stress_phip0.1,0.93248546,0.9345044
15,adam_win_bfn,friction_dyn_one-hot,0.0637238,0.47482336
15,adam_win_bfn,friction_stat_one-hot,0.00647926,0.4756176
15,adam_win_bfn,nasa_battery_1_10min,0.9400072,0.97287256
15,adam_win_bfn,nasa_battery_2_20min,0.9567477,0.98726463
15,adam_win_bfn,nikuradse_1,0.9309314,0.97942513
15,adam_win_bfn,nikuradse_2,0.23837954,0.2528695
15,adam_win_bin,chemical_1_tower,0.8106581,0.80684954
15,adam_win_bin,chemical_2_competition,0.04933858,0.29658782
15,adam_win_bin,flow_stress_phip0.1,0.93248546,0.9345044
15,adam_win_bin,friction_dyn_one-hot,0.0637238,0.47482336
15,adam_win_bin,friction_stat_one-hot,0.00647926,0.4756176
15,adam_win_bin,nasa_battery_1_10min,0.9400072,0.97287256
15,adam_win_bin,nasa_battery_2_20min,0.9567477,0.98726463
15,adam_win_bin,nikuradse_1,0.9309314,0.97942513
15,adam_win_bin,nikuradse_2,0.23837954,0.2528695
15,gaussian_no,chemical_1_tower,0.5738393,0.54421824
15,gaussian_no,chemical_2_competition,0.00216579,0.0688532
15,gaussian_no,flow_stress_phip0.1,0.9203497,0.93053675
15,gaussian_no,friction_dyn_one-hot,-0.04779458,0.39459586
15,gaussian_no,friction_stat_one-hot,0.21586782,0.5728704
15,gaussian_no,nasa_battery_1_10min,0.9623409,0.9870369
15,gaussian_no,nasa_battery_2_20min,0.9319793,0.93833417
15,gaussian_no,nikuradse_1,0.50388646,0.96944803
15,gaussian_no,nikuradse_2,0.83118594,0.8414037
15,gaussian_wfn,chemical_1_tower,0.36557734,0.3737085
15,gaussian_wfn,chemical_2_competition,-0.10386872,0.07143086
15,gaussian_wfn,flow_stress_phip0.1,0.91599125,0.90070736
15,gaussian_wfn,friction_dyn_one-hot,0.06555504,0.4565497
15,gaussian_wfn,friction_stat_one-hot,0.06206208,0.5151568
15,gaussian_wfn,nasa_battery_1_10min,0.32744724,0.117088675
15,gaussian_wfn,nasa_battery_2_20min,0.7309983,0.67075
15,gaussian_wfn,nikuradse_1,0.81346726,0.95544046
15,gaussian_wfn,nikuradse_2,0.9404085,0.92274654
15,gaussian_wfn_bfn,chemical_1_tower,0.36557734,0.3737085
15,gaussian_wfn_bfn,chemical_2_competition,-0.10386872,0.07143086
15,gaussian_wfn_bfn,flow_stress_phip0.1,0.91599125,0.90070736
15,gaussian_wfn_bfn,friction_dyn_one-hot,0.06555504,0.4565497
15,gaussian_wfn_bfn,friction_stat_one-hot,0.06206208,0.5151568
15,gaussian_wfn_bfn,nasa_battery_1_10min,0.32744724,0.117088675
15,gaussian_wfn_bfn,nasa_battery_2_20min,0.7309983,0.67075
15,gaussian_wfn_bfn,nikuradse_1,0.81346726,0.95544046
15,gaussian_wfn_bfn,nikuradse_2,0.9404085,0.92274654
15,gaussian_wfn_bin,chemical_1_tower,0.36557734,0.3737085
15,gaussian_wfn_bin,chemical_2_competition,-0.10386872,0.07143086
15,gaussian_wfn_bin,flow_stress_phip0.1,0.91599125,0.90070736
15,gaussian_wfn_bin,friction_dyn_one-hot,0.06555504,0.4565497
15,gaussian_wfn_bin,friction_stat_one-hot,0.06206208,0.5151568
15,gaussian_wfn_bin,nasa_battery_1_10min,0.32744724,0.117088675
15,gaussian_wfn_bin,nasa_battery_2_20min,0.7309983,0.67075
15,gaussian_wfn_bin,nikuradse_1,0.81346726,0.95544046
15,gaussian_wfn_bin,nikuradse_2,0.9404085,0.92274654
15,gaussian_win,chemical_1_tower,0.55924,0.5405896
15,gaussian_win,chemical_2_competition,0.37007594,0.22958916
15,gaussian_win,flow_stress_phip0.1,0.6108625,0.6507718
15,gaussian_win,friction_dyn_one-hot,-0.02685559,0.15166688
15,gaussian_win,friction_stat_one-hot,-0.07039893,0.5079469
15,gaussian_win,nasa_battery_1_10min,0.84075576,0.9400115
15,gaussian_win,nasa_battery_2_20min,0.8543922,0.8438386
15,gaussian_win,nikuradse_1,0.8458543,0.9646
15,gaussian_win,nikuradse_2,0.28679156,0.31504804
15,gaussian_win_bfn,chemical_1_tower,0.55924,0.5405896
15,gaussian_win_bfn,chemical_2_competition,0.37007594,0.22958916
15,gaussian_win_bfn,flow_stress_phip0.1,0.6108625,0.6507718
15,gaussian_win_bfn,friction_dyn_one-hot,-0.02685559,0.15166688
15,gaussian_win_bfn,friction_stat_one-hot,-0.07039893,0.5079469
15,gaussian_win_bfn,nasa_battery_1_10min,0.84075576,0.9400115
15,gaussian_win_bfn,nasa_battery_2_20min,0.8543922,0.8438386
15,gaussian_win_bfn,nikuradse_1,0.8458543,0.9646
15,gaussian_win_bfn,nikuradse_2,0.28679156,0.31504804
15,gaussian_win_bin,chemical_1_tower,0.55924,0.5405896
15,gaussian_win_bin,chemical_2_competition,0.37007594,0.22958916
15,gaussian_win_bin,flow_stress_phip0.1,0.6108625,0.6507718
15,gaussian_win_bin,friction_dyn_one-hot,-0.02685559,0.15166688
15,gaussian_win_bin,friction_stat_one-hot,-0.07039893,0.5079469
15,gaussian_win_bin,nasa_battery_1_10min,0.84075576,0.9400115
15,gaussian_win_bin,nasa_battery_2_20min,0.8543922,0.8438386
15,gaussian_win_bin,nikuradse_1,0.8458543,0.9646
15,gaussian_win_bin,nikuradse_2,0.28679156,0.31504804
16,adam_wfn,chemical_1_tower,0.5845188,0.62178284
16,adam_wfn,chemical_2_competition,0.14224195,0.27713412
16,adam_wfn,flow_stress_phip0.1,0.8010447,0.98319066
16,adam_wfn,friction_dyn_one-hot,0.70534015,0.77866334
16,adam_wfn,friction_stat_one-hot,0.5049083,0.68006504
16,adam_wfn,nasa_battery_1_10min,0.75576353,0.9592707
16,adam_wfn,nasa_battery_2_20min,0.9677643,0.9526426
16,adam_wfn,nikuradse_1,0.827392,0.9648773
16,adam_wfn,nikuradse_2,0.6471322,0.574428
16,adam_wfn_bfn,chemical_1_tower,0.5845188,0.62178284
16,adam_wfn_bfn,chemical_2_competition,0.14224195,0.27713412
16,adam_wfn_bfn,flow_stress_phip0.1,0.8010447,0.98319066
16,adam_wfn_bfn,friction_dyn_one-hot,0.70534015,0.77866334
16,adam_wfn_bfn,friction_stat_one-hot,0.5049083,0.68006504
16,adam_wfn_bfn,nasa_battery_1_10min,0.75576353,0.9592707
16,adam_wfn_bfn,nasa_battery_2_20min,0.9677643,0.9526426
16,adam_wfn_bfn,nikuradse_1,0.827392,0.9648773
16,adam_wfn_bfn,nikuradse_2,0.6471322,0.574428
16,adam_wfn_bin,chemical_1_tower,0.5845188,0.62178284
16,adam_wfn_bin,chemical_2_competition,0.14224195,0.27713412
16,adam_wfn_bin,flow_stress_phip0.1,0.8010447,0.98319066
16,adam_wfn_bin,friction_dyn_one-hot,0.70534015,0.77866334
16,adam_wfn_bin,friction_stat_one-hot,0.5049083,0.68006504
16,adam_wfn_bin,nasa_battery_1_10min,0.75576353,0.9592707
16,adam_wfn_bin,nasa_battery_2_20min,0.9677643,0.9526426
16,adam_wfn_bin,nikuradse_1,0.827392,0.9648773
16,adam_wfn_bin,nikuradse_2,0.6471322,0.574428
16,adam_win,chemical_1_tower,0.6770649,0.6778221
16,adam_win,chemical_2_competition,0.1262173,0.47430402
16,adam_win,flow_stress_phip0.1,0.9882893,0.99432683
16,adam_win,friction_dyn_one-hot,0.6548354,0.84180254
16,adam_win,friction_stat_one-hot,0.60262406,0.69480526
16,adam_win,nasa_battery_1_10min,0.9169886,0.9875459
16,adam_win,nasa_battery_2_20min,0.85905766,0.80851877
16,adam_win,nikuradse_1,-1.9691448,0.8193937
16,adam_win,nikuradse_2,0.06595075,0.05366975
16,adam_win_bfn,chemical_1_tower,0.6770649,0.6778221
16,adam_win_bfn,chemical_2_competition,0.1262173,0.47430402
16,adam_win_bfn,flow_stress_phip0.1,0.9882893,0.99432683
16,adam_win_bfn,friction_dyn_one-hot,0.6548354,0.84180254
16,adam_win_bfn,friction_stat_one-hot,0.60262406,0.69480526
16,adam_win_bfn,nasa_battery_1_10min,0.9169886,0.9875459
16,adam_win_bfn,nasa_battery_2_20min,0.85905766,0.80851877
16,adam_win_bfn,nikuradse_1,-1.9691448,0.8193937
16,adam_win_bfn,nikuradse_2,0.06595075,0.05366975
16,adam_win_bin,chemical_1_tower,0.6770649,0.6778221
16,adam_win_bin,chemical_2_competition,0.1262173,0.47430402
16,adam_win_bin,flow_stress_phip0.1,0.9882893,0.99432683
16,adam_win_bin,friction_dyn_one-hot,0.6548354,0.84180254
16,adam_win_bin,friction_stat_one-hot,0.60262406,0.69480526
16,adam_win_bin,nasa_battery_1_10min,0.9169886,0.9875459
16,adam_win_bin,nasa_battery_2_20min,0.85905766,0.80851877
16,adam_win_bin,nikuradse_1,-1.9691448,0.8193937
16,adam_win_bin,nikuradse_2,0.06595075,0.05366975
16,gaussian_no,chemical_1_tower,0.63236874,0.652061
16,gaussian_no,chemical_2_competition,0.02503115,0.055639684
16,gaussian_no,flow_stress_phip0.1,0.94369996,0.95189786
16,gaussian_no,friction_dyn_one-hot,0.24247587,0.33324528
16,gaussian_no,friction_stat_one-hot,0.02817124,0.49732935
16,gaussian_no,nasa_battery_1_10min,0.56388676,0.96485317
16,gaussian_no,nasa_battery_2_20min,0.9404733,0.91482645
16,gaussian_no,nikuradse_1,0.87083197,0.9672269
16,gaussian_no,nikuradse_2,0.91291595,0.88607436
16,gaussian_wfn,chemical_1_tower,0.36546946,0.38590544
16,gaussian_wfn,chemical_2_competition,0.4558366,0.40366566
16,gaussian_wfn,flow_stress_phip0.1,0.65706605,0.7377261
16,gaussian_wfn,friction_dyn_one-hot,-0.23615265,0.4553017
16,gaussian_wfn,friction_stat_one-hot,0.04168576,0.52076125
16,gaussian_wfn,nasa_battery_1_10min,0.91866654,0.96141165
16,gaussian_wfn,nasa_battery_2_20min,0.791967,0.75414586
16,gaussian_wfn,nikuradse_1,0.8516788,0.9650787
16,gaussian_wfn,nikuradse_2,0.4838792,0.28000832
16,gaussian_wfn_bfn,chemical_1_tower,0.36546946,0.38590544
16,gaussian_wfn_bfn,chemical_2_competition,0.4558366,0.40366566
16,gaussian_wfn_bfn,flow_stress_phip0.1,0.65706605,0.7377261
16,gaussian_wfn_bfn,friction_dyn_one-hot,-0.23615265,0.4553017
16,gaussian_wfn_bfn,friction_stat_one-hot,0.04168576,0.52076125
16,gaussian_wfn_bfn,nasa_battery_1_10min,0.91866654,0.96141165
16,gaussian_wfn_bfn,nasa_battery_2_20min,0.791967,0.75414586
16,gaussian_wfn_bfn,nikuradse_1,0.8516788,0.9650787
16,gaussian_wfn_bfn,nikuradse_2,0.4838792,0.28000832
16,gaussian_wfn_bin,chemical_1_tower,0.36546946,0.38590544
16,gaussian_wfn_bin,chemical_2_competition,0.4558366,0.40366566
16,gaussian_wfn_bin,flow_stress_phip0.1,0.65706605,0.7377261
16,gaussian_wfn_bin,friction_dyn_one-hot,-0.23615265,0.4553017
16,gaussian_wfn_bin,friction_stat_one-hot,0.04168576,0.52076125
16,gaussian_wfn_bin,nasa_battery_1_10min,0.91866654,0.96141165
16,gaussian_wfn_bin,nasa_battery_2_20min,0.791967,0.75414586
16,gaussian_wfn_bin,nikuradse_1,0.8516788,0.9650787
16,gaussian_wfn_bin,nikuradse_2,0.4838792,0.28000832
16,gaussian_win,chemical_1_tower,0.5092691,0.4728716
16,gaussian_win,chemical_2_competition,0.01360613,0.37025112
16,gaussian_win,flow_stress_phip0.1,-13.428752,0.7667522
16,gaussian_win,friction_dyn_one-hot,-0.6533307,0.058214307
16,gaussian_win,friction_stat_one-hot,0.15043223,0.1978237
16,gaussian_win,nasa_battery_1_10min,0.8424543,0.92327285
16,gaussian_win,nasa_battery_2_20min,0.79285055,0.7520249
16,gaussian_win,nikuradse_1,0.849282,0.9645069
16,gaussian_win,nikuradse_2,0.40618777,0.38813937
16,gaussian_win_bfn,chemical_1_tower,0.5092691,0.4728716
16,gaussian_win_bfn,chemical_2_competition,0.01360613,0.37025112
16,gaussian_win_bfn,flow_stress_phip0.1,-13.428752,0.7667522
16,gaussian_win_bfn,friction_dyn_one-hot,-0.6533307,0.058214307
16,gaussian_win_bfn,friction_stat_one-hot,0.15043223,0.1978237
16,gaussian_win_bfn,nasa_battery_1_10min,0.8424543,0.92327285
16,gaussian_win_bfn,nasa_battery_2_20min,0.79285055,0.7520249
16,gaussian_win_bfn,nikuradse_1,0.849282,0.9645069
16,gaussian_win_bfn,nikuradse_2,0.40618777,0.38813937
16,gaussian_win_bin,chemical_1_tower,0.5092691,0.4728716
16,gaussian_win_bin,chemical_2_competition,0.01360613,0.37025112
16,gaussian_win_bin,flow_stress_phip0.1,-13.428752,0.7667522
16,gaussian_win_bin,friction_dyn_one-hot,-0.6533307,0.058214307
16,gaussian_win_bin,friction_stat_one-hot,0.15043223,0.1978237
16,gaussian_win_bin,nasa_battery_1_10min,0.8424543,0.92327285
16,gaussian_win_bin,nasa_battery_2_20min,0.79285055,0.7520249
16,gaussian_win_bin,nikuradse_1,0.849282,0.9645069
16,gaussian_win_bin,nikuradse_2,0.40618777,0.38813937
17,adam_wfn,chemical_1_tower,0.86663693,0.8670022
17,adam_wfn,chemical_2_competition,-0.02378142,0.0762831
17,adam_wfn,flow_stress_phip0.1,0.82009965,0.9851656
17,adam_wfn,friction_dyn_one-hot,-0.0659138,0.38743585
17,adam_wfn,friction_stat_one-hot,0.62615466,0.76180977
17,adam_wfn,nasa_battery_1_10min,0.8172302,0.96380997
17,adam_wfn,nasa_battery_2_20min,0.95082235,0.9373703
17,adam_wfn,nikuradse_1,0.79418314,0.96481663
17,adam_wfn,nikuradse_2,0.32835287,0.20511997
17,adam_wfn_bfn,chemical_1_tower,0.86663693,0.8670022
17,adam_wfn_bfn,chemical_2_competition,-0.02378142,0.0762831
17,adam_wfn_bfn,flow_stress_phip0.1,0.82009965,0.9851656
17,adam_wfn_bfn,friction_dyn_one-hot,-0.0659138,0.38743585
17,adam_wfn_bfn,friction_stat_one-hot,0.62615466,0.76180977
17,adam_wfn_bfn,nasa_battery_1_10min,0.8172302,0.96380997
17,adam_wfn_bfn,nasa_battery_2_20min,0.95082235,0.9373703
17,adam_wfn_bfn,nikuradse_1,0.79418314,0.96481663
17,adam_wfn_bfn,nikuradse_2,0.32835287,0.20511997
17,adam_wfn_bin,chemical_1_tower,0.86663693,0.8670022
17,adam_wfn_bin,chemical_2_competition,-0.02378142,0.0762831
17,adam_wfn_bin,flow_stress_phip0.1,0.82009965,0.9851656
17,adam_wfn_bin,friction_dyn_one-hot,-0.0659138,0.38743585
17,adam_wfn_bin,friction_stat_one-hot,0.62615466,0.76180977
17,adam_wfn_bin,nasa_battery_1_10min,0.8172302,0.96380997
17,adam_wfn_bin,nasa_battery_2_20min,0.95082235,0.9373703
17,adam_wfn_bin,nikuradse_1,0.79418314,0.96481663
17,adam_wfn_bin,nikuradse_2,0.32835287,0.20511997
17,adam_win,chemical_1_tower,0.6056462,0.6261528
17,adam_win,chemical_2_competition,0.59163046,0.55741966
17,adam_win,flow_stress_phip0.1,0.9712742,0.9791794
17,adam_win,friction_dyn_one-hot,0.10529667,0.4867298
17,adam_win,friction_stat_one-hot,-0.6638856,0.048403263
17,adam_win,nasa_battery_1_10min,0.82520664,0.96235204
17,adam_win,nasa_battery_2_20min,0.9647622,0.9864582
17,adam_win,nikuradse_1,0.66071737,0.9341778
17,adam_win,nikuradse_2,0.24449831,0.24168909
17,adam_win_bfn,chemical_1_tower,0.6056462,0.6261528
17,adam_win_bfn,chemical_2_competition,0.59163046,0.55741966
17,adam_win_bfn,flow_stress_phip0.1,0.9712742,0.9791794
17,adam_win_bfn,friction_dyn_one-hot,0.10529667,0.4867298
17,adam_win_bfn,friction_stat_one-hot,-0.6638856,0.048403263
17,adam_win_bfn,nasa_battery_1_10min,0.82520664,0.96235204
17,adam_win_bfn,nasa_battery_2_20min,0.9647622,0.9864582
17,adam_win_bfn,nikuradse_1,0.66071737,0.9341778
17,adam_win_bfn,nikuradse_2,0.24449831,0.24168909
17,adam_win_bin,chemical_1_tower,0.6056462,0.6261528
17,adam_win_bin,chemical_2_competition,0.59163046,0.55741966
17,adam_win_bin,flow_stress_phip0.1,0.9712742,0.9791794
17,adam_win_bin,friction_dyn_one-hot,0.10529667,0.4867298
17,adam_win_bin,friction_stat_one-hot,-0.6638856,0.048403263
17,adam_win_bin,nasa_battery_1_10min,0.82520664,0.96235204
17,adam_win_bin,nasa_battery_2_20min,0.9647622,0.9864582
17,adam_win_bin,nikuradse_1,0.66071737,0.9341778
17,adam_win_bin,nikuradse_2,0.24449831,0.24168909
17,gaussian_no,chemical_1_tower,0.5972545,0.58384585
17,gaussian_no,chemical_2_competition,0.04939604,0.097361684
17,gaussian_no,flow_stress_phip0.1,0.98268086,0.98362744
17,gaussian_no,friction_dyn_one-hot,0.67059314,0.71867335
17,gaussian_no,friction_stat_one-hot,-0.20520449,0.45771247
17,gaussian_no,nasa_battery_1_10min,0.8026138,0.9424213
17,gaussian_no,nasa_battery_2_20min,0.8986351,0.8795371
17,gaussian_no,nikuradse_1,0.83808833,0.96362424
17,gaussian_no,nikuradse_2,0.9255424,0.9033872
17,gaussian_wfn,chemical_1_tower,0.44215423,0.3855859
17,gaussian_wfn,chemical_2_competition,-0.0014199,0.108943224
17,gaussian_wfn,flow_stress_phip0.1,0.9472606,0.9522472
17,gaussian_wfn,friction_dyn_one-hot,-0.00213277,0.37235254
17,gaussian_wfn,friction_stat_one-hot,0.00191897,0.5242691
17,gaussian_wfn,nasa_battery_1_10min,0.8208984,0.9147427
17,gaussian_wfn,nasa_battery_2_20min,0.85468376,0.8324938
17,gaussian_wfn,nikuradse_1,0.85815585,0.9639987
17,gaussian_wfn,nikuradse_2,0.8459586,0.834538
17,gaussian_wfn_bfn,chemical_1_tower,0.44215423,0.3855859
17,gaussian_wfn_bfn,chemical_2_competition,-0.0014199,0.108943224
17,gaussian_wfn_bfn,flow_stress_phip0.1,0.9472606,0.9522472
17,gaussian_wfn_bfn,friction_dyn_one-hot,-0.00213277,0.37235254
17,gaussian_wfn_bfn,friction_stat_one-hot,0.00191897,0.5242691
17,gaussian_wfn_bfn,nasa_battery_1_10min,0.8208984,0.9147427
17,gaussian_wfn_bfn,nasa_battery_2_20min,0.85468376,0.8324938
17,gaussian_wfn_bfn,nikuradse_1,0.85815585,0.9639987
17,gaussian_wfn_bfn,nikuradse_2,0.8459586,0.834538
17,gaussian_wfn_bin,chemical_1_tower,0.44215423,0.3855859
17,gaussian_wfn_bin,chemical_2_competition,-0.0014199,0.108943224
17,gaussian_wfn_bin,flow_stress_phip0.1,0.9472606,0.9522472
17,gaussian_wfn_bin,friction_dyn_one-hot,-0.00213277,0.37235254
17,gaussian_wfn_bin,friction_stat_one-hot,0.00191897,0.5242691
17,gaussian_wfn_bin,nasa_battery_1_10min,0.8208984,0.9147427
17,gaussian_wfn_bin,nasa_battery_2_20min,0.85468376,0.8324938
17,gaussian_wfn_bin,nikuradse_1,0.85815585,0.9639987
17,gaussian_wfn_bin,nikuradse_2,0.8459586,0.834538
17,gaussian_win,chemical_1_tower,0.5741572,0.53183174
17,gaussian_win,chemical_2_competition,0.08657902,0.3935684
17,gaussian_win,flow_stress_phip0.1,0.91790164,0.9312657
17,gaussian_win,friction_dyn_one-hot,-0.00748873,0.40790874
17,gaussian_win,friction_stat_one-hot,0.08858728,0.13689238
17,gaussian_win,nasa_battery_1_10min,0.8909141,0.8832597
17,gaussian_win,nasa_battery_2_20min,0.8846922,0.8374165
17,gaussian_win,nikuradse_1,0.8706354,0.96865714
17,gaussian_win,nikuradse_2,0.28004318,0.2076509
17,gaussian_win_bfn,chemical_1_tower,0.5741572,0.53183174
17,gaussian_win_bfn,chemical_2_competition,0.08657902,0.3935684
17,gaussian_win_bfn,flow_stress_phip0.1,0.91790164,0.9312657
17,gaussian_win_bfn,friction_dyn_one-hot,-0.00748873,0.40790874
17,gaussian_win_bfn,friction_stat_one-hot,0.08858728,0.13689238
17,gaussian_win_bfn,nasa_battery_1_10min,0.8909141,0.8832597
17,gaussian_win_bfn,nasa_battery_2_20min,0.8846922,0.8374165
17,gaussian_win_bfn,nikuradse_1,0.8706354,0.96865714
17,gaussian_win_bfn,nikuradse_2,0.28004318,0.2076509
17,gaussian_win_bin,chemical_1_tower,0.5741572,0.53183174
17,gaussian_win_bin,chemical_2_competition,0.08657902,0.3935684
17,gaussian_win_bin,flow_stress_phip0.1,0.91790164,0.9312657
17,gaussian_win_bin,friction_dyn_one-hot,-0.00748873,0.40790874
17,gaussian_win_bin,friction_stat_one-hot,0.08858728,0.13689238
17,gaussian_win_bin,nasa_battery_1_10min,0.8909141,0.8832597
17,gaussian_win_bin,nasa_battery_2_20min,0.8846922,0.8374165
17,gaussian_win_bin,nikuradse_1,0.8706354,0.96865714
17,gaussian_win_bin,nikuradse_2,0.28004318,0.2076509
18,adam_wfn,chemical_1_tower,0.8302971,0.8221284
18,adam_wfn,chemical_2_competition,0.48620445,0.45350128
18,adam_wfn,flow_stress_phip0.1,-60.72493,0.91169876
18,adam_wfn,friction_dyn_one-hot,-0.316548,0.34880668
18,adam_wfn,friction_stat_one-hot,0.00108004,0.51724094
18,adam_wfn,nasa_battery_1_10min,0.89658844,0.95993114
18,adam_wfn,nasa_battery_2_20min,-0.08779383,0.21061277
18,adam_wfn,nikuradse_1,0.5550865,0.96256846
18,adam_wfn,nikuradse_2,-0.00080645,0.21608138
18,adam_wfn_bfn,chemical_1_tower,0.8302971,0.8221284
18,adam_wfn_bfn,chemical_2_competition,0.48620445,0.45350128
18,adam_wfn_bfn,flow_stress_phip0.1,-60.72493,0.91169876
18,adam_wfn_bfn,friction_dyn_one-hot,-0.316548,0.34880668
18,adam_wfn_bfn,friction_stat_one-hot,0.00108004,0.51724094
18,adam_wfn_bfn,nasa_battery_1_10min,0.89658844,0.95993114
18,adam_wfn_bfn,nasa_battery_2_20min,-0.08779383,0.21061277
18,adam_wfn_bfn,nikuradse_1,0.5550865,0.96256846
18,adam_wfn_bfn,nikuradse_2,-0.00080645,0.21608138
18,adam_wfn_bin,chemical_1_tower,0.8302971,0.8221284
18,adam_wfn_bin,chemical_2_competition,0.48620445,0.45350128
18,adam_wfn_bin,flow_stress_phip0.1,-60.72493,0.91169876
18,adam_wfn_bin,friction_dyn_one-hot,-0.316548,0.34880668
18,adam_wfn_bin,friction_stat_one-hot,0.00108004,0.51724094
18,adam_wfn_bin,nasa_battery_1_10min,0.89658844,0.95993114
18,adam_wfn_bin,nasa_battery_2_20min,-0.08779383,0.21061277
18,adam_wfn_bin,nikuradse_1,0.5550865,0.96256846
18,adam_wfn_bin,nikuradse_2,-0.00080645,0.21608138
18,adam_win,chemical_1_tower,0.7711284,0.77257264
18,adam_win,chemical_2_competition,-0.01181972,0.28139377
18,adam_win,flow_stress_phip0.1,0.9981964,0.9987063
18,adam_win,friction_dyn_one-hot,0.03750765,0.41867822
18,adam_win,friction_stat_one-hot,0.7393093,0.7968215
18,adam_win,nasa_battery_1_10min,0.81800234,0.82675946
18,adam_win,nasa_battery_2_20min,0.97714496,0.981765
18,adam_win,nikuradse_1,0.7895329,0.9033128
18,adam_win,nikuradse_2,0.9497155,0.9238094
18,adam_win_bfn,chemical_1_tower,0.7711284,0.77257264
18,adam_win_bfn,chemical_2_competition,-0.01181972,0.28139377
18,adam_win_bfn,flow_stress_phip0.1,0.9981964,0.9987063
18,adam_win_bfn,friction_dyn_one-hot,0.03750765,0.41867822
18,adam_win_bfn,friction_stat_one-hot,0.7393093,0.7968215
18,adam_win_bfn,nasa_battery_1_10min,0.81800234,0.82675946
18,adam_win_bfn,nasa_battery_2_20min,0.97714496,0.981765
18,adam_win_bfn,nikuradse_1,0.7895329,0.9033128
18,adam_win_bfn,nikuradse_2,0.9497155,0.9238094
18,adam_win_bin,chemical_1_tower,0.7711284,0.77257264
18,adam_win_bin,chemical_2_competition,-0.01181972,0.28139377
18,adam_win_bin,flow_stress_phip0.1,0.9981964,0.9987063
18,adam_win_bin,friction_dyn_one-hot,0.03750765,0.41867822
18,adam_win_bin,friction_stat_one-hot,0.7393093,0.7968215
18,adam_win_bin,nasa_battery_1_10min,0.81800234,0.82675946
18,adam_win_bin,nasa_battery_2_20min,0.97714496,0.981765
18,adam_win_bin,nikuradse_1,0.7895329,0.9033128
18,adam_win_bin,nikuradse_2,0.9497155,0.9238094
18,gaussian_no,chemical_1_tower,0.6100757,0.5898118
18,gaussian_no,chemical_2_competition,-0.16174567,0.44617867
18,gaussian_no,flow_stress_phip0.1,0.68718934,0.6432188
18,gaussian_no,friction_dyn_one-hot,0.12048548,0.54255307
18,gaussian_no,friction_stat_one-hot,0.12785149,0.5238994
18,gaussian_no,nasa_battery_1_10min,0.96979237,0.9778129
18,gaussian_no,nasa_battery_2_20min,0.9337262,0.93648446
18,gaussian_no,nikuradse_1,0.8421156,0.9645863
18,gaussian_no,nikuradse_2,0.67804945,0.7269808
18,gaussian_wfn,chemical_1_tower,0.6080548,0.6216402
18,gaussian_wfn,chemical_2_competition,-0.09007871,0.035373807
18,gaussian_wfn,flow_stress_phip0.1,-0.00570643,-1.013279e-05
18,gaussian_wfn,friction_dyn_one-hot,0.4238376,0.6409513
18,gaussian_wfn,friction_stat_one-hot,-0.11593413,0.54205585
18,gaussian_wfn,nasa_battery_1_10min,0.83963025,0.8911094
18,gaussian_wfn,nasa_battery_2_20min,0.81643164,0.7737519
18,gaussian_wfn,nikuradse_1,0.83669025,0.96024185
18,gaussian_wfn,nikuradse_2,0.77082527,0.7196102
18,gaussian_wfn_bfn,chemical_1_tower,0.6080548,0.6216402
18,gaussian_wfn_bfn,chemical_2_competition,-0.09007871,0.035373807
18,gaussian_wfn_bfn,flow_stress_phip0.1,-0.00570643,-1.013279e-05
18,gaussian_wfn_bfn,friction_dyn_one-hot,0.4238376,0.6409513
18,gaussian_wfn_bfn,friction_stat_one-hot,-0.11593413,0.54205585
18,gaussian_wfn_bfn,nasa_battery_1_10min,0.83963025,0.8911094
18,gaussian_wfn_bfn,nasa_battery_2_20min,0.81643164,0.7737519
18,gaussian_wfn_bfn,nikuradse_1,0.83669025,0.96024185
18,gaussian_wfn_bfn,nikuradse_2,0.77082527,0.7196102
18,gaussian_wfn_bin,chemical_1_tower,0.6080548,0.6216402
18,gaussian_wfn_bin,chemical_2_competition,-0.09007871,0.035373807
18,gaussian_wfn_bin,flow_stress_phip0.1,-0.00570643,-1.013279e-05
18,gaussian_wfn_bin,friction_dyn_one-hot,0.4238376,0.6409513
18,gaussian_wfn_bin,friction_stat_one-hot,-0.11593413,0.54205585
18,gaussian_wfn_bin,nasa_battery_1_10min,0.83963025,0.8911094
18,gaussian_wfn_bin,nasa_battery_2_20min,0.81643164,0.7737519
18,gaussian_wfn_bin,nikuradse_1,0.83669025,0.96024185
18,gaussian_wfn_bin,nikuradse_2,0.77082527,0.7196102
18,gaussian_win,chemical_1_tower,0.64405525,0.5805007
18,gaussian_win,chemical_2_competition,-0.01595712,0.045920253
18,gaussian_win,flow_stress_phip0.1,-3.121542,0.88523746
18,gaussian_win,friction_dyn_one-hot,-0.11920154,0.46350282
18,gaussian_win,friction_stat_one-hot,-0.00282109,-1.4305115e-06
18,gaussian_win,nasa_battery_1_10min,0.5425735,0.9170097
18,gaussian_win,nasa_battery_2_20min,0.9248568,0.90264404
18,gaussian_win,nikuradse_1,0.8504825,0.9642511
18,gaussian_win,nikuradse_2,0.22299993,0.2539336
18,gaussian_win_bfn,chemical_1_tower,0.64405525,0.5805007
18,gaussian_win_bfn,chemical_2_competition,-0.01595712,0.045920253
18,gaussian_win_bfn,flow_stress_phip0.1,-3.121542,0.88523746
18,gaussian_win_bfn,friction_dyn_one-hot,-0.11920154,0.46350282
18,gaussian_win_bfn,friction_stat_one-hot,-0.00282109,-1.4305115e-06
18,gaussian_win_bfn,nasa_battery_1_10min,0.5425735,0.9170097
18,gaussian_win_bfn,nasa_battery_2_20min,0.9248568,0.90264404
18,gaussian_win_bfn,nikuradse_1,0.8504825,0.9642511
18,gaussian_win_bfn,nikuradse_2,0.22299993,0.2539336
18,gaussian_win_bin,chemical_1_tower,0.64405525,0.5805007
18,gaussian_win_bin,chemical_2_competition,-0.01595712,0.045920253
18,gaussian_win_bin,flow_stress_phip0.1,-3.121542,0.88523746
18,gaussian_win_bin,friction_dyn_one-hot,-0.11920154,0.46350282
18,gaussian_win_bin,friction_stat_one-hot,-0.00282109,-1.4305115e-06
18,gaussian_win_bin,nasa_battery_1_10min,0.5425735,0.9170097
18,gaussian_win_bin,nasa_battery_2_20min,0.9248568,0.90264404
18,gaussian_win_bin,nikuradse_1,0.8504825,0.9642511
18,gaussian_win_bin,nikuradse_2,0.22299993,0.2539336
19,adam_wfn,chemical_1_tower,0.7864602,0.78596646
19,adam_wfn,chemical_2_competition,0.2571469,0.2419033
19,adam_wfn,flow_stress_phip0.1,0.9225476,0.93615973
19,adam_wfn,friction_dyn_one-hot,0.6878817,0.8240295
19,adam_wfn,friction_stat_one-hot,0.50248086,0.6836324
19,adam_wfn,nasa_battery_1_10min,0.23585325,0.9233966
19,adam_wfn,nasa_battery_2_20min,0.96073455,0.9333124
19,adam_wfn,nikuradse_1,0.73074687,0.9631781
19,adam_wfn,nikuradse_2,0.64383125,0.6703013
19,adam_wfn_bfn,chemical_1_tower,0.7864602,0.78596646
19,adam_wfn_bfn,chemical_2_competition,0.2571469,0.2419033
19,adam_wfn_bfn,flow_stress_phip0.1,0.9225476,0.93615973
19,adam_wfn_bfn,friction_dyn_one-hot,0.6878817,0.8240295
19,adam_wfn_bfn,friction_stat_one-hot,0.50248086,0.6836324
19,adam_wfn_bfn,nasa_battery_1_10min,0.23585325,0.9233966
19,adam_wfn_bfn,nasa_battery_2_20min,0.96073455,0.9333124
19,adam_wfn_bfn,nikuradse_1,0.73074687,0.9631781
19,adam_wfn_bfn,nikuradse_2,0.64383125,0.6703013
19,adam_wfn_bin,chemical_1_tower,0.7864602,0.78596646
19,adam_wfn_bin,chemical_2_competition,0.2571469,0.2419033
19,adam_wfn_bin,flow_stress_phip0.1,0.9225476,0.93615973
19,adam_wfn_bin,friction_dyn_one-hot,0.6878817,0.8240295
19,adam_wfn_bin,friction_stat_one-hot,0.50248086,0.6836324
19,adam_wfn_bin,nasa_battery_1_10min,0.23585325,0.9233966
19,adam_wfn_bin,nasa_battery_2_20min,0.96073455,0.9333124
19,adam_wfn_bin,nikuradse_1,0.73074687,0.9631781
19,adam_wfn_bin,nikuradse_2,0.64383125,0.6703013
19,adam_win,chemical_1_tower,0.6186856,0.55810565
19,adam_win,chemical_2_competition,-0.05179358,0.52444303
19,adam_win,flow_stress_phip0.1,0.9962689,0.99584615
19,adam_win,friction_dyn_one-hot,0.755268,0.8515018
19,adam_win,friction_stat_one-hot,0.14220428,0.60553074
19,adam_win,nasa_battery_1_10min,0.90668297,0.86353433
19,adam_win,nasa_battery_2_20min,0.8686987,0.8148143
19,adam_win,nikuradse_1,-0.22959614,0.9788984
19,adam_win,nikuradse_2,0.04104269,0.058384895
19,adam_win_bfn,chemical_1_tower,0.6186856,0.55810565
19,adam_win_bfn,chemical_2_competition,-0.05179358,0.52444303
19,adam_win_bfn,flow_stress_phip0.1,0.9962689,0.99584615
19,adam_win_bfn,friction_dyn_one-hot,0.755268,0.8515018
19,adam_win_bfn,friction_stat_one-hot,0.14220428,0.60553074
19,adam_win_bfn,nasa_battery_1_10min,0.90668297,0.86353433
19,adam_win_bfn,nasa_battery_2_20min,0.8686987,0.8148143
19,adam_win_bfn,nikuradse_1,-0.22959614,0.9788984
19,adam_win_bfn,nikuradse_2,0.04104269,0.058384895
19,adam_win_bin,chemical_1_tower,0.6186856,0.55810565
19,adam_win_bin,chemical_2_competition,-0.05179358,0.52444303
19,adam_win_bin,flow_stress_phip0.1,0.9962689,0.99584615
19,adam_win_bin,friction_dyn_one-hot,0.755268,0.8515018
19,adam_win_bin,friction_stat_one-hot,0.14220428,0.60553074
19,adam_win_bin,nasa_battery_1_10min,0.90668297,0.86353433
19,adam_win_bin,nasa_battery_2_20min,0.8686987,0.8148143
19,adam_win_bin,nikuradse_1,-0.22959614,0.9788984
19,adam_win_bin,nikuradse_2,0.04104269,0.058384895
19,gaussian_no,chemical_1_tower,0.5696679,0.54435444
19,gaussian_no,chemical_2_competition,0.01363224,0.051819086
19,gaussian_no,flow_stress_phip0.1,0.97199786,0.9817095
19,gaussian_no,friction_dyn_one-hot,0.5545698,0.73078465
19,gaussian_no,friction_stat_one-hot,-0.01828861,0.505299
19,gaussian_no,nasa_battery_1_10min,0.8630924,0.9832257
19,gaussian_no,nasa_battery_2_20min,0.8354757,0.8497583
19,gaussian_no,nikuradse_1,0.50167346,0.9577696
19,gaussian_no,nikuradse_2,0.82979584,0.83981633
19,gaussian_wfn,chemical_1_tower,0.5894036,0.57263064
19,gaussian_wfn,chemical_2_competition,-0.08953416,0.26158488
19,gaussian_wfn,flow_stress_phip0.1,0.95224476,0.9552339
19,gaussian_wfn,friction_dyn_one-hot,0.19362497,0.47541994
19,gaussian_wfn,friction_stat_one-hot,0.11309463,0.1907705
19,gaussian_wfn,nasa_battery_1_10min,0.91570127,0.95225286
19,gaussian_wfn,nasa_battery_2_20min,0.91007394,0.91036785
19,gaussian_wfn,nikuradse_1,-0.08064902,0.95852447
19,gaussian_wfn,nikuradse_2,0.9142219,0.895235
19,gaussian_wfn_bfn,chemical_1_tower,0.5894036,0.57263064
19,gaussian_wfn_bfn,chemical_2_competition,-0.08953416,0.26158488
19,gaussian_wfn_bfn,flow_stress_phip0.1,0.95224476,0.9552339
19,gaussian_wfn_bfn,friction_dyn_one-hot,0.19362497,0.47541994
19,gaussian_wfn_bfn,friction_stat_one-hot,0.11309463,0.1907705
19,gaussian_wfn_bfn,nasa_battery_1_10min,0.91570127,0.95225286
19,gaussian_wfn_bfn,nasa_battery_2_20min,0.91007394,0.91036785
19,gaussian_wfn_bfn,nikuradse_1,-0.08064902,0.95852447
19,gaussian_wfn_bfn,nikuradse_2,0.9142219,0.895235
19,gaussian_wfn_bin,chemical_1_tower,0.5894036,0.57263064
19,gaussian_wfn_bin,chemical_2_competition,-0.08953416,0.26158488
19,gaussian_wfn_bin,flow_stress_phip0.1,0.95224476,0.9552339
19,gaussian_wfn_bin,friction_dyn_one-hot,0.19362497,0.47541994
19,gaussian_wfn_bin,friction_stat_one-hot,0.11309463,0.1907705
19,gaussian_wfn_bin,nasa_battery_1_10min,0.91570127,0.95225286
19,gaussian_wfn_bin,nasa_battery_2_20min,0.91007394,0.91036785
19,gaussian_wfn_bin,nikuradse_1,-0.08064902,0.95852447
19,gaussian_wfn_bin,nikuradse_2,0.9142219,0.895235
19,gaussian_win,chemical_1_tower,0.5486407,0.51892686
19,gaussian_win,chemical_2_competition,-0.03698647,0.2927791
19,gaussian_win,flow_stress_phip0.1,0.955514,0.94872093
19,gaussian_win,friction_dyn_one-hot,0.14633238,0.34457213
19,gaussian_win,friction_stat_one-hot,-0.00312746,-1.3113022e-06
19,gaussian_win,nasa_battery_1_10min,0.9371177,0.8513716
19,gaussian_win,nasa_battery_2_20min,0.89665866,0.8867319
19,gaussian_win,nikuradse_1,0.83523726,0.9625853
19,gaussian_win,nikuradse_2,0.6867077,0.69367933
19,gaussian_win_bfn,chemical_1_tower,0.5486407,0.51892686
19,gaussian_win_bfn,chemical_2_competition,-0.03698647,0.2927791
19,gaussian_win_bfn,flow_stress_phip0.1,0.955514,0.94872093
19,gaussian_win_bfn,friction_dyn_one-hot,0.14633238,0.34457213
19,gaussian_win_bfn,friction_stat_one-hot,-0.00312746,-1.3113022e-06
19,gaussian_win_bfn,nasa_battery_1_10min,0.9371177,0.8513716
19,gaussian_win_bfn,nasa_battery_2_20min,0.89665866,0.8867319
19,gaussian_win_bfn,nikuradse_1,0.83523726,0.9625853
19,gaussian_win_bfn,nikuradse_2,0.6867077,0.69367933
19,gaussian_win_bin,chemical_1_tower,0.5486407,0.51892686
19,gaussian_win_bin,chemical_2_competition,-0.03698647,0.2927791
19,gaussian_win_bin,flow_stress_phip0.1,0.955514,0.94872093
19,gaussian_win_bin,friction_dyn_one-hot,0.14633238,0.34457213
19,gaussian_win_bin,friction_stat_one-hot,-0.00312746,-1.3113022e-06
19,gaussian_win_bin,nasa_battery_1_10min,0.9371177,0.8513716
19,gaussian_win_bin,nasa_battery_2_20min,0.89665866,0.8867319
19,gaussian_win_bin,nikuradse_1,0.83523726,0.9625853
19,gaussian_win_bin,nikuradse_2,0.6867077,0.69367933
20,adam_wfn,chemical_1_tower,0.520256,0.48871875
20,adam_wfn,chemical_2_competition,0.27185214,0.56392974
20,adam_wfn,flow_stress_phip0.1,-1.5099163,0.97661734
20,adam_wfn,friction_dyn_one-hot,0.6990288,0.782875
20,adam_wfn,friction_stat_one-hot,-0.25950706,0.47846848
20,adam_wfn,nasa_battery_1_10min,0.7127704,0.6920856
20,adam_wfn,nasa_battery_2_20min,0.9683706,0.99088573
20,adam_wfn,nikuradse_1,0.8800669,0.9785788
20,adam_wfn,nikuradse_2,0.56510365,0.6091088
20,adam_wfn_bfn,chemical_1_tower,0.520256,0.48871875
20,adam_wfn_bfn,chemical_2_competition,0.27185214,0.56392974
20,adam_wfn_bfn,flow_stress_phip0.1,-1.5099163,0.97661734
20,adam_wfn_bfn,friction_dyn_one-hot,0.6990288,0.782875
20,adam_wfn_bfn,friction_stat_one-hot,-0.25950706,0.47846848
20,adam_wfn_bfn,nasa_battery_1_10min,0.7127704,0.6920856
20,adam_wfn_bfn,nasa_battery_2_20min,0.9683706,0.99088573
20,adam_wfn_bfn,nikuradse_1,0.8800669,0.9785788
20,adam_wfn_bfn,nikuradse_2,0.56510365,0.6091088
20,adam_wfn_bin,chemical_1_tower,0.520256,0.48871875
20,adam_wfn_bin,chemical_2_competition,0.27185214,0.56392974
20,adam_wfn_bin,flow_stress_phip0.1,-1.5099163,0.97661734
20,adam_wfn_bin,friction_dyn_one-hot,0.6990288,0.782875
20,adam_wfn_bin,friction_stat_one-hot,-0.25950706,0.47846848
20,adam_wfn_bin,nasa_battery_1_10min,0.7127704,0.6920856
20,adam_wfn_bin,nasa_battery_2_20min,0.9683706,0.99088573
20,adam_wfn_bin,nikuradse_1,0.8800669,0.9785788
20,adam_wfn_bin,nikuradse_2,0.56510365,0.6091088
20,adam_win,chemical_1_tower,0.6610192,0.6245519
20,adam_win,chemical_2_competition,0.14276361,0.5904224
20,adam_win,flow_stress_phip0.1,0.97845894,0.9917413
20,adam_win,friction_dyn_one-hot,0.7124719,0.8240429
20,adam_win,friction_stat_one-hot,0.5337276,0.7017857
20,adam_win,nasa_battery_1_10min,-1.7105086,0.7948688
20,adam_win,nasa_battery_2_20min,0.83444965,0.7694033
20,adam_win,nikuradse_1,0.8479771,0.96555185
20,adam_win,nikuradse_2,0.23592597,0.18313557
20,adam_win_bfn,chemical_1_tower,0.6610192,0.6245519
20,adam_win_bfn,chemical_2_competition,0.14276361,0.5904224
20,adam_win_bfn,flow_stress_phip0.1,0.97845894,0.9917413
20,adam_win_bfn,friction_dyn_one-hot,0.7124719,0.8240429
20,adam_win_bfn,friction_stat_one-hot,0.5337276,0.7017857
20,adam_win_bfn,nasa_battery_1_10min,-1.7105086,0.7948688
20,adam_win_bfn,nasa_battery_2_20min,0.83444965,0.7694033
20,adam_win_bfn,nikuradse_1,0.8479771,0.96555185
20,adam_win_bfn,nikuradse_2,0.23592597,0.18313557
20,adam_win_bin,chemical_1_tower,0.6610192,0.6245519
20,adam_win_bin,chemical_2_competition,0.14276361,0.5904224
20,adam_win_bin,flow_stress_phip0.1,0.97845894,0.9917413
20,adam_win_bin,friction_dyn_one-hot,0.7124719,0.8240429
20,adam_win_bin,friction_stat_one-hot,0.5337276,0.7017857
20,adam_win_bin,nasa_battery_1_10min,-1.7105086,0.7948688
20,adam_win_bin,nasa_battery_2_20min,0.83444965,0.7694033
20,adam_win_bin,nikuradse_1,0.8479771,0.96555185
20,adam_win_bin,nikuradse_2,0.23592597,0.18313557
20,gaussian_no,chemical_1_tower,0.6877594,0.6350667
20,gaussian_no,chemical_2_competition,0.05535966,0.12694389
20,gaussian_no,flow_stress_phip0.1,0.15140605,0.12688643
20,gaussian_no,friction_dyn_one-hot,0.29779685,0.6475717
20,gaussian_no,friction_stat_one-hot,0.2535416,0.5994476
20,gaussian_no,nasa_battery_1_10min,0.7983623,0.96900046
20,gaussian_no,nasa_battery_2_20min,0.8517052,0.8054992
20,gaussian_no,nikuradse_1,0.35888934,0.9691054
20,gaussian_no,nikuradse_2,0.9656126,0.9457946
20,gaussian_wfn,chemical_1_tower,0.6321735,0.6189139
20,gaussian_wfn,chemical_2_competition,0.02342135,0.05713409
20,gaussian_wfn,flow_stress_phip0.1,0.9385812,0.9520975
20,gaussian_wfn,friction_dyn_one-hot,-0.04087424,0.44706184
20,gaussian_wfn,friction_stat_one-hot,-0.01256728,0.5040121
20,gaussian_wfn,nasa_battery_1_10min,-0.41853166,0.88510495
20,gaussian_wfn,nasa_battery_2_20min,0.77258635,0.74436975
20,gaussian_wfn,nikuradse_1,0.8538437,0.9641961
20,gaussian_wfn,nikuradse_2,0.29490358,0.29816067
20,gaussian_wfn_bfn,chemical_1_tower,0.6321735,0.6189139
20,gaussian_wfn_bfn,chemical_2_competition,0.02342135,0.05713409
20,gaussian_wfn_bfn,flow_stress_phip0.1,0.9385812,0.9520975
20,gaussian_wfn_bfn,friction_dyn_one-hot,-0.04087424,0.44706184
20,gaussian_wfn_bfn,friction_stat_one-hot,-0.01256728,0.5040121
20,gaussian_wfn_bfn,nasa_battery_1_10min,-0.41853166,0.88510495
20,gaussian_wfn_bfn,nasa_battery_2_20min,0.77258635,0.74436975
20,gaussian_wfn_bfn,nikuradse_1,0.8538437,0.9641961
20,gaussian_wfn_bfn,nikuradse_2,0.29490358,0.29816067
20,gaussian_wfn_bin,chemical_1_tower,0.6321735,0.6189139
20,gaussian_wfn_bin,chemical_2_competition,0.02342135,0.05713409
20,gaussian_wfn_bin,flow_stress_phip0.1,0.9385812,0.9520975
20,gaussian_wfn_bin,friction_dyn_one-hot,-0.04087424,0.44706184
20,gaussian_wfn_bin,friction_stat_one-hot,-0.01256728,0.5040121
20,gaussian_wfn_bin,nasa_battery_1_10min,-0.41853166,0.88510495
20,gaussian_wfn_bin,nasa_battery_2_20min,0.77258635,0.74436975
20,gaussian_wfn_bin,nikuradse_1,0.8538437,0.9641961
20,gaussian_wfn_bin,nikuradse_2,0.29490358,0.29816067
20,gaussian_win,chemical_1_tower,0.5344031,0.47331983
20,gaussian_win,chemical_2_competition,0.03605843,0.07976234
20,gaussian_win,flow_stress_phip0.1,0.93076193,0.9320914
20,gaussian_win,friction_dyn_one-hot,0.0674926,0.39712095
20,gaussian_win,friction_stat_one-hot,0.0231148,0.43866134
20,gaussian_win,nasa_battery_1_10min,0.9385267,0.91502345
20,gaussian_win,nasa_battery_2_20min,0.5523791,0.5890364
20,gaussian_win,nikuradse_1,0.8501413,0.96419626
20,gaussian_win,nikuradse_2,0.15206558,0.13421196
20,gaussian_win_bfn,chemical_1_tower,0.5344031,0.47331983
20,gaussian_win_bfn,chemical_2_competition,0.03605843,0.07976234
20,gaussian_win_bfn,flow_stress_phip0.1,0.93076193,0.9320914
20,gaussian_win_bfn,friction_dyn_one-hot,0.0674926,0.39712095
20,gaussian_win_bfn,friction_stat_one-hot,0.0231148,0.43866134
20,gaussian_win_bfn,nasa_battery_1_10min,0.9385267,0.91502345
20,gaussian_win_bfn,nasa_battery_2_20min,0.5523791,0.5890364
20,gaussian_win_bfn,nikuradse_1,0.8501413,0.96419626
20,gaussian_win_bfn,nikuradse_2,0.15206558,0.13421196
20,gaussian_win_bin,chemical_1_tower,0.5344031,0.47331983
20,gaussian_win_bin,chemical_2_competition,0.03605843,0.07976234
20,gaussian_win_bin,flow_stress_phip0.1,0.93076193,0.9320914
20,gaussian_win_bin,friction_dyn_one-hot,0.0674926,0.39712095
20,gaussian_win_bin,friction_stat_one-hot,0.0231148,0.43866134
20,gaussian_win_bin,nasa_battery_1_10min,0.9385267,0.91502345
20,gaussian_win_bin,nasa_battery_2_20min,0.5523791,0.5890364
20,gaussian_win_bin,nikuradse_1,0.8501413,0.96419626
20,gaussian_win_bin,nikuradse_2,0.15206558,0.13421196
21,adam_wfn,chemical_1_tower,0.78851044,0.7304052
21,adam_wfn,chemical_2_competition,0.07389146,0.5489445
21,adam_wfn,flow_stress_phip0.1,0.95750487,0.97025645
21,adam_wfn,friction_dyn_one-hot,0.428905,0.66319233
21,adam_wfn,friction_stat_one-hot,0.5906433,0.73069525
21,adam_wfn,nasa_battery_1_10min,0.6919873,0.9707397
21,adam_wfn,nasa_battery_2_20min,0.6111691,0.64265466
21,adam_wfn,nikuradse_1,0.5479188,0.847795
21,adam_wfn,nikuradse_2,0.32279176,0.2731436
21,adam_wfn_bfn,chemical_1_tower,0.78851044,0.7304052
21,adam_wfn_bfn,chemical_2_competition,0.07389146,0.5489445
21,adam_wfn_bfn,flow_stress_phip0.1,0.95750487,0.97025645
21,adam_wfn_bfn,friction_dyn_one-hot,0.428905,0.66319233
21,adam_wfn_bfn,friction_stat_one-hot,0.5906433,0.73069525
21,adam_wfn_bfn,nasa_battery_1_10min,0.6919873,0.9707397
21,adam_wfn_bfn,nasa_battery_2_20min,0.6111691,0.64265466
21,adam_wfn_bfn,nikuradse_1,0.5479188,0.847795
21,adam_wfn_bfn,nikuradse_2,0.32279176,0.2731436
21,adam_wfn_bin,chemical_1_tower,0.78851044,0.7304052
21,adam_wfn_bin,chemical_2_competition,0.07389146,0.5489445
21,adam_wfn_bin,flow_stress_phip0.1,0.95750487,0.97025645
21,adam_wfn_bin,friction_dyn_one-hot,0.428905,0.66319233
21,adam_wfn_bin,friction_stat_one-hot,0.5906433,0.73069525
21,adam_wfn_bin,nasa_battery_1_10min,0.6919873,0.9707397
21,adam_wfn_bin,nasa_battery_2_20min,0.6111691,0.64265466
21,adam_wfn_bin,nikuradse_1,0.5479188,0.847795
21,adam_wfn_bin,nikuradse_2,0.32279176,0.2731436
21,adam_win,chemical_1_tower,0.70020956,0.70472586
21,adam_win,chemical_2_competition,0.02314544,0.4233904
21,adam_win,flow_stress_phip0.1,0.98142457,0.9891561
21,adam_win,friction_dyn_one-hot,0.7578164,0.83486176
21,adam_win,friction_stat_one-hot,0.07731611,0.60642314
21,adam_win,nasa_battery_1_10min,0.38260704,0.9074343
21,adam_win,nasa_battery_2_20min,0.8096677,0.7514927
21,adam_win,nikuradse_1,-0.90687,0.97292805
21,adam_win,nikuradse_2,0.62079275,0.5970079
21,adam_win_bfn,chemical_1_tower,0.70020956,0.70472586
21,adam_win_bfn,chemical_2_competition,0.02314544,0.4233904
21,adam_win_bfn,flow_stress_phip0.1,0.98142457,0.9891561
21,adam_win_bfn,friction_dyn_one-hot,0.7578164,0.83486176
21,adam_win_bfn,friction_stat_one-hot,0.07731611,0.60642314
21,adam_win_bfn,nasa_battery_1_10min,0.38260704,0.9074343
21,adam_win_bfn,nasa_battery_2_20min,0.8096677,0.7514927
21,adam_win_bfn,nikuradse_1,-0.90687,0.97292805
21,adam_win_bfn,nikuradse_2,0.62079275,0.5970079
21,adam_win_bin,chemical_1_tower,0.70020956,0.70472586
21,adam_win_bin,chemical_2_competition,0.02314544,0.4233904
21,adam_win_bin,flow_stress_phip0.1,0.98142457,0.9891561
21,adam_win_bin,friction_dyn_one-hot,0.7578164,0.83486176
21,adam_win_bin,friction_stat_one-hot,0.07731611,0.60642314
21,adam_win_bin,nasa_battery_1_10min,0.38260704,0.9074343
21,adam_win_bin,nasa_battery_2_20min,0.8096677,0.7514927
21,adam_win_bin,nikuradse_1,-0.90687,0.97292805
21,adam_win_bin,nikuradse_2,0.62079275,0.5970079
21,gaussian_no,chemical_1_tower,0.5996202,0.6003481
21,gaussian_no,chemical_2_competition,-0.14572883,0.01447463
21,gaussian_no,flow_stress_phip0.1,0.9899544,0.9918601
21,gaussian_no,friction_dyn_one-hot,-0.03036809,0.50173855
21,gaussian_no,friction_stat_one-hot,0.12755036,0.5678353
21,gaussian_no,nasa_battery_1_10min,0.82510555,0.8990011
21,gaussian_no,nasa_battery_2_20min,0.7841536,0.75117695
21,gaussian_no,nikuradse_1,-78.730125,0.9642822
21,gaussian_no,nikuradse_2,0.9017378,0.90661365
21,gaussian_wfn,chemical_1_tower,0.5485126,0.5293913
21,gaussian_wfn,chemical_2_competition,-0.08956385,0.03536856
21,gaussian_wfn,flow_stress_phip0.1,0.95403904,0.9465524
21,gaussian_wfn,friction_dyn_one-hot,-0.0447973,0.4007278
21,gaussian_wfn,friction_stat_one-hot,-0.16004407,0.3811034
21,gaussian_wfn,nasa_battery_1_10min,0.9090717,0.8763463
21,gaussian_wfn,nasa_battery_2_20min,0.5531744,0.4025995
21,gaussian_wfn,nikuradse_1,0.8344928,0.9629993
21,gaussian_wfn,nikuradse_2,0.48405355,0.3938191
21,gaussian_wfn_bfn,chemical_1_tower,0.5485126,0.5293913
21,gaussian_wfn_bfn,chemical_2_competition,-0.08956385,0.03536856
21,gaussian_wfn_bfn,flow_stress_phip0.1,0.95403904,0.9465524
21,gaussian_wfn_bfn,friction_dyn_one-hot,-0.0447973,0.4007278
21,gaussian_wfn_bfn,friction_stat_one-hot,-0.16004407,0.3811034
21,gaussian_wfn_bfn,nasa_battery_1_10min,0.9090717,0.8763463
21,gaussian_wfn_bfn,nasa_battery_2_20min,0.5531744,0.4025995
21,gaussian_wfn_bfn,nikuradse_1,0.8344928,0.9629993
21,gaussian_wfn_bfn,nikuradse_2,0.48405355,0.3938191
21,gaussian_wfn_bin,chemical_1_tower,0.5485126,0.5293913
21,gaussian_wfn_bin,chemical_2_competition,-0.08956385,0.03536856
21,gaussian_wfn_bin,flow_stress_phip0.1,0.95403904,0.9465524
21,gaussian_wfn_bin,friction_dyn_one-hot,-0.0447973,0.4007278
21,gaussian_wfn_bin,friction_stat_one-hot,-0.16004407,0.3811034
21,gaussian_wfn_bin,nasa_battery_1_10min,0.9090717,0.8763463
21,gaussian_wfn_bin,nasa_battery_2_20min,0.5531744,0.4025995
21,gaussian_wfn_bin,nikuradse_1,0.8344928,0.9629993
21,gaussian_wfn_bin,nikuradse_2,0.48405355,0.3938191
21,gaussian_win,chemical_1_tower,0.52877605,0.5155115
21,gaussian_win,chemical_2_competition,0.1329751,0.16380167
21,gaussian_win,flow_stress_phip0.1,0.6362636,0.6156441
21,gaussian_win,friction_dyn_one-hot,-0.00517011,-4.7683716e-06
21,gaussian_win,friction_stat_one-hot,0.13583416,0.29036105
21,gaussian_win,nasa_battery_1_10min,-0.4444903,0.47874022
21,gaussian_win,nasa_battery_2_20min,0.83674717,0.81973135
21,gaussian_win,nikuradse_1,0.8453364,0.9638502
21,gaussian_win,nikuradse_2,0.47248727,0.40003282
21,gaussian_win_bfn,chemical_1_tower,0.52877605,0.5155115
21,gaussian_win_bfn,chemical_2_competition,0.1329751,0.16380167
21,gaussian_win_bfn,flow_stress_phip0.1,0.6362636,0.6156441
21,gaussian_win_bfn,friction_dyn_one-hot,-0.00517011,-4.7683716e-06
21,gaussian_win_bfn,friction_stat_one-hot,0.13583416,0.29036105
21,gaussian_win_bfn,nasa_battery_1_10min,-0.4444903,0.47874022
21,gaussian_win_bfn,nasa_battery_2_20min,0.83674717,0.81973135
21,gaussian_win_bfn,nikuradse_1,0.8453364,0.9638502
21,gaussian_win_bfn,nikuradse_2,0.47248727,0.40003282
21,gaussian_win_bin,chemical_1_tower,0.52877605,0.5155115
21,gaussian_win_bin,chemical_2_competition,0.1329751,0.16380167
21,gaussian_win_bin,flow_stress_phip0.1,0.6362636,0.6156441
21,gaussian_win_bin,friction_dyn_one-hot,-0.00517011,-4.7683716e-06
21,gaussian_win_bin,friction_stat_one-hot,0.13583416,0.29036105
21,gaussian_win_bin,nasa_battery_1_10min,-0.4444903,0.47874022
21,gaussian_win_bin,nasa_battery_2_20min,0.83674717,0.81973135
21,gaussian_win_bin,nikuradse_1,0.8453364,0.9638502
21,gaussian_win_bin,nikuradse_2,0.47248727,0.40003282
22,adam_wfn,chemical_1_tower,0.5801593,0.5745493
22,adam_wfn,chemical_2_competition,0.00835115,0.3741666
22,adam_wfn,flow_stress_phip0.1,0.02969211,0.14009982
22,adam_wfn,friction_dyn_one-hot,0.6185148,0.7909308
22,adam_wfn,friction_stat_one-hot,0.00866514,0.031866968
22,adam_wfn,nasa_battery_1_10min,0.8731106,0.94979095
22,adam_wfn,nasa_battery_2_20min,0.81676054,0.774125
22,adam_wfn,nikuradse_1,0.8609298,0.9683016
22,adam_wfn,nikuradse_2,0.2114774,0.11612022
22,adam_wfn_bfn,chemical_1_tower,0.5801593,0.5745493
22,adam_wfn_bfn,chemical_2_competition,0.00835115,0.3741666
22,adam_wfn_bfn,flow_stress_phip0.1,0.02969211,0.14009982
22,adam_wfn_bfn,friction_dyn_one-hot,0.6185148,0.7909308
22,adam_wfn_bfn,friction_stat_one-hot,0.00866514,0.031866968
22,adam_wfn_bfn,nasa_battery_1_10min,0.8731106,0.94979095
22,adam_wfn_bfn,nasa_battery_2_20min,0.81676054,0.774125
22,adam_wfn_bfn,nikuradse_1,0.8609298,0.9683016
22,adam_wfn_bfn,nikuradse_2,0.2114774,0.11612022
22,adam_wfn_bin,chemical_1_tower,0.5801593,0.5745493
22,adam_wfn_bin,chemical_2_competition,0.00835115,0.3741666
22,adam_wfn_bin,flow_stress_phip0.1,0.02969211,0.14009982
22,adam_wfn_bin,friction_dyn_one-hot,0.6185148,0.7909308
22,adam_wfn_bin,friction_stat_one-hot,0.00866514,0.031866968
22,adam_wfn_bin,nasa_battery_1_10min,0.8731106,0.94979095
22,adam_wfn_bin,nasa_battery_2_20min,0.81676054,0.774125
22,adam_wfn_bin,nikuradse_1,0.8609298,0.9683016
22,adam_wfn_bin,nikuradse_2,0.2114774,0.11612022
22,adam_win,chemical_1_tower,0.74666476,0.7276281
22,adam_win,chemical_2_competition,0.495457,0.4349422
22,adam_win,flow_stress_phip0.1,0.9914863,0.99160755
22,adam_win,friction_dyn_one-hot,0.77402073,0.8708391
22,adam_win,friction_stat_one-hot,9.280443e-05,0.48867327
22,adam_win,nasa_battery_1_10min,0.9207282,0.9449672
22,adam_win,nasa_battery_2_20min,0.7213051,0.70638496
22,adam_win,nikuradse_1,0.48315376,0.88269913
22,adam_win,nikuradse_2,0.17190546,0.16399473
22,adam_win_bfn,chemical_1_tower,0.74666476,0.7276281
22,adam_win_bfn,chemical_2_competition,0.495457,0.4349422
22,adam_win_bfn,flow_stress_phip0.1,0.9914863,0.99160755
22,adam_win_bfn,friction_dyn_one-hot,0.77402073,0.8708391
22,adam_win_bfn,friction_stat_one-hot,9.280443e-05,0.48867327
22,adam_win_bfn,nasa_battery_1_10min,0.9207282,0.9449672
22,adam_win_bfn,nasa_battery_2_20min,0.7213051,0.70638496
22,adam_win_bfn,nikuradse_1,0.48315376,0.88269913
22,adam_win_bfn,nikuradse_2,0.17190546,0.16399473
22,adam_win_bin,chemical_1_tower,0.74666476,0.7276281
22,adam_win_bin,chemical_2_competition,0.495457,0.4349422
22,adam_win_bin,flow_stress_phip0.1,0.9914863,0.99160755
22,adam_win_bin,friction_dyn_one-hot,0.77402073,0.8708391
22,adam_win_bin,friction_stat_one-hot,9.280443e-05,0.48867327
22,adam_win_bin,nasa_battery_1_10min,0.9207282,0.9449672
22,adam_win_bin,nasa_battery_2_20min,0.7213051,0.70638496
22,adam_win_bin,nikuradse_1,0.48315376,0.88269913
22,adam_win_bin,nikuradse_2,0.17190546,0.16399473
22,gaussian_no,chemical_1_tower,0.6714902,0.6622683
22,gaussian_no,chemical_2_competition,0.16548896,0.18408567
22,gaussian_no,flow_stress_phip0.1,0.9237304,0.9288312
22,gaussian_no,friction_dyn_one-hot,0.709998,0.7361692
22,gaussian_no,friction_stat_one-hot,0.13129103,0.57887554
22,gaussian_no,nasa_battery_1_10min,0.5846282,0.97228605
22,gaussian_no,nasa_battery_2_20min,0.950929,0.93951863
22,gaussian_no,nikuradse_1,-50.543404,0.9756907
22,gaussian_no,nikuradse_2,0.9406596,0.9271
22,gaussian_wfn,chemical_1_tower,0.5272229,0.52506864
22,gaussian_wfn,chemical_2_competition,-0.00665724,0.05871564
22,gaussian_wfn,flow_stress_phip0.1,0.52747774,0.52404654
22,gaussian_wfn,friction_dyn_one-hot,0.05000299,0.47342283
22,gaussian_wfn,friction_stat_one-hot,0.27429086,0.34599096
22,gaussian_wfn,nasa_battery_1_10min,0.97057337,0.9631666
22,gaussian_wfn,nasa_battery_2_20min,0.774977,0.8300811
22,gaussian_wfn,nikuradse_1,0.8419498,0.9553209
22,gaussian_wfn,nikuradse_2,0.2652874,0.2100817
22,gaussian_wfn_bfn,chemical_1_tower,0.5272229,0.52506864
22,gaussian_wfn_bfn,chemical_2_competition,-0.00665724,0.05871564
22,gaussian_wfn_bfn,flow_stress_phip0.1,0.52747774,0.52404654
22,gaussian_wfn_bfn,friction_dyn_one-hot,0.05000299,0.47342283
22,gaussian_wfn_bfn,friction_stat_one-hot,0.27429086,0.34599096
22,gaussian_wfn_bfn,nasa_battery_1_10min,0.97057337,0.9631666
22,gaussian_wfn_bfn,nasa_battery_2_20min,0.774977,0.8300811
22,gaussian_wfn_bfn,nikuradse_1,0.8419498,0.9553209
22,gaussian_wfn_bfn,nikuradse_2,0.2652874,0.2100817
22,gaussian_wfn_bin,chemical_1_tower,0.5272229,0.52506864
22,gaussian_wfn_bin,chemical_2_competition,-0.00665724,0.05871564
22,gaussian_wfn_bin,flow_stress_phip0.1,0.52747774,0.52404654
22,gaussian_wfn_bin,friction_dyn_one-hot,0.05000299,0.47342283
22,gaussian_wfn_bin,friction_stat_one-hot,0.27429086,0.34599096
22,gaussian_wfn_bin,nasa_battery_1_10min,0.97057337,0.9631666
22,gaussian_wfn_bin,nasa_battery_2_20min,0.774977,0.8300811
22,gaussian_wfn_bin,nikuradse_1,0.8419498,0.9553209
22,gaussian_wfn_bin,nikuradse_2,0.2652874,0.2100817
22,gaussian_win,chemical_1_tower,0.5460279,0.54366255
22,gaussian_win,chemical_2_competition,-0.0594393,0.05078554
22,gaussian_win,flow_stress_phip0.1,0.79398024,0.79550666
22,gaussian_win,friction_dyn_one-hot,-0.12816584,0.39142174
22,gaussian_win,friction_stat_one-hot,0.14888293,0.4630568
22,gaussian_win,nasa_battery_1_10min,0.88668776,0.96530694
22,gaussian_win,nasa_battery_2_20min,0.41716856,0.6896566
22,gaussian_win,nikuradse_1,0.09347558,0.9534667
22,gaussian_win,nikuradse_2,0.8554512,0.8150722
22,gaussian_win_bfn,chemical_1_tower,0.5460279,0.54366255
22,gaussian_win_bfn,chemical_2_competition,-0.0594393,0.05078554
22,gaussian_win_bfn,flow_stress_phip0.1,0.79398024,0.79550666
22,gaussian_win_bfn,friction_dyn_one-hot,-0.12816584,0.39142174
22,gaussian_win_bfn,friction_stat_one-hot,0.14888293,0.4630568
22,gaussian_win_bfn,nasa_battery_1_10min,0.88668776,0.96530694
22,gaussian_win_bfn,nasa_battery_2_20min,0.41716856,0.6896566
22,gaussian_win_bfn,nikuradse_1,0.09347558,0.9534667
22,gaussian_win_bfn,nikuradse_2,0.8554512,0.8150722
22,gaussian_win_bin,chemical_1_tower,0.5460279,0.54366255
22,gaussian_win_bin,chemical_2_competition,-0.0594393,0.05078554
22,gaussian_win_bin,flow_stress_phip0.1,0.79398024,0.79550666
22,gaussian_win_bin,friction_dyn_one-hot,-0.12816584,0.39142174
22,gaussian_win_bin,friction_stat_one-hot,0.14888293,0.4630568
22,gaussian_win_bin,nasa_battery_1_10min,0.88668776,0.96530694
22,gaussian_win_bin,nasa_battery_2_20min,0.41716856,0.6896566
22,gaussian_win_bin,nikuradse_1,0.09347558,0.9534667
22,gaussian_win_bin,nikuradse_2,0.8554512,0.8150722
23,adam_wfn,chemical_1_tower,0.76665425,0.75119996
23,adam_wfn,chemical_2_competition,0.07196164,0.35706568
23,adam_wfn,flow_stress_phip0.1,0.99329764,0.99468154
23,adam_wfn,friction_dyn_one-hot,0.5835374,0.7659571
23,adam_wfn,friction_stat_one-hot,0.49522418,0.6957742
23,adam_wfn,nasa_battery_1_10min,0.92487967,0.96437377
23,adam_wfn,nasa_battery_2_20min,0.7070074,0.68638074
23,adam_wfn,nikuradse_1,0.8444524,0.9659553
23,adam_wfn,nikuradse_2,0.38436985,0.3343045
23,adam_wfn_bfn,chemical_1_tower,0.76665425,0.75119996
23,adam_wfn_bfn,chemical_2_competition,0.07196164,0.35706568
23,adam_wfn_bfn,flow_stress_phip0.1,0.99329764,0.99468154
23,adam_wfn_bfn,friction_dyn_one-hot,0.5835374,0.7659571
23,adam_wfn_bfn,friction_stat_one-hot,0.49522418,0.6957742
23,adam_wfn_bfn,nasa_battery_1_10min,0.92487967,0.96437377
23,adam_wfn_bfn,nasa_battery_2_20min,0.7070074,0.68638074
23,adam_wfn_bfn,nikuradse_1,0.8444524,0.9659553
23,adam_wfn_bfn,nikuradse_2,0.38436985,0.3343045
23,adam_wfn_bin,chemical_1_tower,0.76665425,0.75119996
23,adam_wfn_bin,chemical_2_competition,0.07196164,0.35706568
23,adam_wfn_bin,flow_stress_phip0.1,0.99329764,0.99468154
23,adam_wfn_bin,friction_dyn_one-hot,0.5835374,0.7659571
23,adam_wfn_bin,friction_stat_one-hot,0.49522418,0.6957742
23,adam_wfn_bin,nasa_battery_1_10min,0.92487967,0.96437377
23,adam_wfn_bin,nasa_battery_2_20min,0.7070074,0.68638074
23,adam_wfn_bin,nikuradse_1,0.8444524,0.9659553
23,adam_wfn_bin,nikuradse_2,0.38436985,0.3343045
23,adam_win,chemical_1_tower,0.5205952,0.47449344
23,adam_win,chemical_2_competition,-0.07922006,0.59816825
23,adam_win,flow_stress_phip0.1,0.9758926,0.9727369
23,adam_win,friction_dyn_one-hot,-0.33268857,0.31336176
23,adam_win,friction_stat_one-hot,0.5099132,0.69320226
23,adam_win,nasa_battery_1_10min,0.65271807,0.9830656
23,adam_win,nasa_battery_2_20min,0.9763674,0.97941923
23,adam_win,nikuradse_1,-5.2730412,0.71821105
23,adam_win,nikuradse_2,0.0553928,0.028909981
23,adam_win_bfn,chemical_1_tower,0.5205952,0.47449344
23,adam_win_bfn,chemical_2_competition,-0.07922006,0.59816825
23,adam_win_bfn,flow_stress_phip0.1,0.9758926,0.9727369
23,adam_win_bfn,friction_dyn_one-hot,-0.33268857,0.31336176
23,adam_win_bfn,friction_stat_one-hot,0.5099132,0.69320226
23,adam_win_bfn,nasa_battery_1_10min,0.65271807,0.9830656
23,adam_win_bfn,nasa_battery_2_20min,0.9763674,0.97941923
23,adam_win_bfn,nikuradse_1,-5.2730412,0.71821105
23,adam_win_bfn,nikuradse_2,0.0553928,0.028909981
23,adam_win_bin,chemical_1_tower,0.5205952,0.47449344
23,adam_win_bin,chemical_2_competition,-0.07922006,0.59816825
23,adam_win_bin,flow_stress_phip0.1,0.9758926,0.9727369
23,adam_win_bin,friction_dyn_one-hot,-0.33268857,0.31336176
23,adam_win_bin,friction_stat_one-hot,0.5099132,0.69320226
23,adam_win_bin,nasa_battery_1_10min,0.65271807,0.9830656
23,adam_win_bin,nasa_battery_2_20min,0.9763674,0.97941923
23,adam_win_bin,nikuradse_1,-5.2730412,0.71821105
23,adam_win_bin,nikuradse_2,0.0553928,0.028909981
23,gaussian_no,chemical_1_tower,0.59972847,0.6042345
23,gaussian_no,chemical_2_competition,0.0630669,0.13265568
23,gaussian_no,flow_stress_phip0.1,0.9776857,0.98128587
23,gaussian_no,friction_dyn_one-hot,0.6015433,0.69176084
23,gaussian_no,friction_stat_one-hot,0.11527157,0.3899566
23,gaussian_no,nasa_battery_1_10min,0.9588632,0.9784633
23,gaussian_no,nasa_battery_2_20min,0.9074076,0.89997214
23,gaussian_no,nikuradse_1,0.7483109,0.95832765
23,gaussian_no,nikuradse_2,0.94717675,0.9338511
23,gaussian_wfn,chemical_1_tower,0.46464407,0.48566055
23,gaussian_wfn,chemical_2_competition,0.03464043,0.10543275
23,gaussian_wfn,flow_stress_phip0.1,0.97315055,0.98082227
23,gaussian_wfn,friction_dyn_one-hot,-0.13083673,0.42749202
23,gaussian_wfn,friction_stat_one-hot,0.0044387,0.50583845
23,gaussian_wfn,nasa_battery_1_10min,0.945025,0.9526653
23,gaussian_wfn,nasa_battery_2_20min,0.18448061,0.27155733
23,gaussian_wfn,nikuradse_1,0.76512194,0.9587824
23,gaussian_wfn,nikuradse_2,0.6259628,0.6715616
23,gaussian_wfn_bfn,chemical_1_tower,0.46464407,0.48566055
23,gaussian_wfn_bfn,chemical_2_competition,0.03464043,0.10543275
23,gaussian_wfn_bfn,flow_stress_phip0.1,0.97315055,0.98082227
23,gaussian_wfn_bfn,friction_dyn_one-hot,-0.13083673,0.42749202
23,gaussian_wfn_bfn,friction_stat_one-hot,0.0044387,0.50583845
23,gaussian_wfn_bfn,nasa_battery_1_10min,0.945025,0.9526653
23,gaussian_wfn_bfn,nasa_battery_2_20min,0.18448061,0.27155733
23,gaussian_wfn_bfn,nikuradse_1,0.76512194,0.9587824
23,gaussian_wfn_bfn,nikuradse_2,0.6259628,0.6715616
23,gaussian_wfn_bin,chemical_1_tower,0.46464407,0.48566055
23,gaussian_wfn_bin,chemical_2_competition,0.03464043,0.10543275
23,gaussian_wfn_bin,flow_stress_phip0.1,0.97315055,0.98082227
23,gaussian_wfn_bin,friction_dyn_one-hot,-0.13083673,0.42749202
23,gaussian_wfn_bin,friction_stat_one-hot,0.0044387,0.50583845
23,gaussian_wfn_bin,nasa_battery_1_10min,0.945025,0.9526653
23,gaussian_wfn_bin,nasa_battery_2_20min,0.18448061,0.27155733
23,gaussian_wfn_bin,nikuradse_1,0.76512194,0.9587824
23,gaussian_wfn_bin,nikuradse_2,0.6259628,0.6715616
23,gaussian_win,chemical_1_tower,0.71574056,0.6686659
23,gaussian_win,chemical_2_competition,0.5312205,0.40788674
23,gaussian_win,flow_stress_phip0.1,0.6127341,0.58092046
23,gaussian_win,friction_dyn_one-hot,-0.09517264,0.33922768
23,gaussian_win,friction_stat_one-hot,-0.4861586,0.33266467
23,gaussian_win,nasa_battery_1_10min,0.57473266,0.92370766
23,gaussian_win,nasa_battery_2_20min,0.939417,0.93727785
23,gaussian_win,nikuradse_1,0.8527334,0.96429837
23,gaussian_win,nikuradse_2,0.8305389,0.80214286
23,gaussian_win_bfn,chemical_1_tower,0.71574056,0.6686659
23,gaussian_win_bfn,chemical_2_competition,0.5312205,0.40788674
23,gaussian_win_bfn,flow_stress_phip0.1,0.6127341,0.58092046
23,gaussian_win_bfn,friction_dyn_one-hot,-0.09517264,0.33922768
23,gaussian_win_bfn,friction_stat_one-hot,-0.4861586,0.33266467
23,gaussian_win_bfn,nasa_battery_1_10min,0.57473266,0.92370766
23,gaussian_win_bfn,nasa_battery_2_20min,0.939417,0.93727785
23,gaussian_win_bfn,nikuradse_1,0.8527334,0.96429837
23,gaussian_win_bfn,nikuradse_2,0.8305389,0.80214286
23,gaussian_win_bin,chemical_1_tower,0.71574056,0.6686659
23,gaussian_win_bin,chemical_2_competition,0.5312205,0.40788674
23,gaussian_win_bin,flow_stress_phip0.1,0.6127341,0.58092046
23,gaussian_win_bin,friction_dyn_one-hot,-0.09517264,0.33922768
23,gaussian_win_bin,friction_stat_one-hot,-0.4861586,0.33266467
23,gaussian_win_bin,nasa_battery_1_10min,0.57473266,0.92370766
23,gaussian_win_bin,nasa_battery_2_20min,0.939417,0.93727785
23,gaussian_win_bin,nikuradse_1,0.8527334,0.96429837
23,gaussian_win_bin,nikuradse_2,0.8305389,0.80214286
24,adam_wfn,chemical_1_tower,0.7955902,0.8122386
24,adam_wfn,chemical_2_competition,0.17476106,0.5634115
24,adam_wfn,flow_stress_phip0.1,0.14416713,0.9289991
24,adam_wfn,friction_dyn_one-hot,0.5758802,0.7848929
24,adam_wfn,friction_stat_one-hot,0.09892017,0.6170332
24,adam_wfn,nasa_battery_1_10min,0.64479566,0.9351105
24,adam_wfn,nasa_battery_2_20min,0.9735934,0.98297495
24,adam_wfn,nikuradse_1,0.21764368,0.97623974
24,adam_wfn,nikuradse_2,0.69795907,0.7180166
24,adam_wfn_bfn,chemical_1_tower,0.7955902,0.8122386
24,adam_wfn_bfn,chemical_2_competition,0.17476106,0.5634115
24,adam_wfn_bfn,flow_stress_phip0.1,0.14416713,0.9289991
24,adam_wfn_bfn,friction_dyn_one-hot,0.5758802,0.7848929
24,adam_wfn_bfn,friction_stat_one-hot,0.09892017,0.6170332
24,adam_wfn_bfn,nasa_battery_1_10min,0.64479566,0.9351105
24,adam_wfn_bfn,nasa_battery_2_20min,0.9735934,0.98297495
24,adam_wfn_bfn,nikuradse_1,0.21764368,0.97623974
24,adam_wfn_bfn,nikuradse_2,0.69795907,0.7180166
24,adam_wfn_bin,chemical_1_tower,0.7955902,0.8122386
24,adam_wfn_bin,chemical_2_competition,0.17476106,0.5634115
24,adam_wfn_bin,flow_stress_phip0.1,0.14416713,0.9289991
24,adam_wfn_bin,friction_dyn_one-hot,0.5758802,0.7848929
24,adam_wfn_bin,friction_stat_one-hot,0.09892017,0.6170332
24,adam_wfn_bin,nasa_battery_1_10min,0.64479566,0.9351105
24,adam_wfn_bin,nasa_battery_2_20min,0.9735934,0.98297495
24,adam_wfn_bin,nikuradse_1,0.21764368,0.97623974
24,adam_wfn_bin,nikuradse_2,0.69795907,0.7180166
24,adam_win,chemical_1_tower,0.48320514,0.5043744
24,adam_win,chemical_2_competition,-0.01430154,0.17485541
24,adam_win,flow_stress_phip0.1,0.98151463,0.9919618
24,adam_win,friction_dyn_one-hot,-0.07099581,0.49319983
24,adam_win,friction_stat_one-hot,0.20673126,0.64550996
24,adam_win,nasa_battery_1_10min,0.77519655,0.9096303
24,adam_win,nasa_battery_2_20min,0.9736931,0.94978917
24,adam_win,nikuradse_1,-0.307482,0.9678429
24,adam_win,nikuradse_2,0.48630863,0.36370742
24,adam_win_bfn,chemical_1_tower,0.48320514,0.5043744
24,adam_win_bfn,chemical_2_competition,-0.01430154,0.17485541
24,adam_win_bfn,flow_stress_phip0.1,0.98151463,0.9919618
24,adam_win_bfn,friction_dyn_one-hot,-0.07099581,0.49319983
24,adam_win_bfn,friction_stat_one-hot,0.20673126,0.64550996
24,adam_win_bfn,nasa_battery_1_10min,0.77519655,0.9096303
24,adam_win_bfn,nasa_battery_2_20min,0.9736931,0.94978917
24,adam_win_bfn,nikuradse_1,-0.307482,0.9678429
24,adam_win_bfn,nikuradse_2,0.48630863,0.36370742
24,adam_win_bin,chemical_1_tower,0.48320514,0.5043744
24,adam_win_bin,chemical_2_competition,-0.01430154,0.17485541
24,adam_win_bin,flow_stress_phip0.1,0.98151463,0.9919618
24,adam_win_bin,friction_dyn_one-hot,-0.07099581,0.49319983
24,adam_win_bin,friction_stat_one-hot,0.20673126,0.64550996
24,adam_win_bin,nasa_battery_1_10min,0.77519655,0.9096303
24,adam_win_bin,nasa_battery_2_20min,0.9736931,0.94978917
24,adam_win_bin,nikuradse_1,-0.307482,0.9678429
24,adam_win_bin,nikuradse_2,0.48630863,0.36370742
24,gaussian_no,chemical_1_tower,0.5824665,0.54113996
24,gaussian_no,chemical_2_competition,0.01016384,0.16590297
24,gaussian_no,flow_stress_phip0.1,0.9528024,0.9656648
24,gaussian_no,friction_dyn_one-hot,-0.00915873,0.009089589
24,gaussian_no,friction_stat_one-hot,0.30564082,0.42185503
24,gaussian_no,nasa_battery_1_10min,0.8576597,0.95565736
24,gaussian_no,nasa_battery_2_20min,0.87104523,0.8369867
24,gaussian_no,nikuradse_1,0.83266044,0.94326746
24,gaussian_no,nikuradse_2,0.7660725,0.8647265
24,gaussian_wfn,chemical_1_tower,0.4871689,0.46640784
24,gaussian_wfn,chemical_2_competition,-0.00155044,0.06396359
24,gaussian_wfn,flow_stress_phip0.1,0.6389631,0.7236691
24,gaussian_wfn,friction_dyn_one-hot,0.10169905,0.51761734
24,gaussian_wfn,friction_stat_one-hot,0.14168751,0.35074866
24,gaussian_wfn,nasa_battery_1_10min,0.93674505,0.95612854
24,gaussian_wfn,nasa_battery_2_20min,0.9010293,0.8465242
24,gaussian_wfn,nikuradse_1,0.85359895,0.9642272
24,gaussian_wfn,nikuradse_2,0.5353862,0.588298
24,gaussian_wfn_bfn,chemical_1_tower,0.4871689,0.46640784
24,gaussian_wfn_bfn,chemical_2_competition,-0.00155044,0.06396359
24,gaussian_wfn_bfn,flow_stress_phip0.1,0.6389631,0.7236691
24,gaussian_wfn_bfn,friction_dyn_one-hot,0.10169905,0.51761734
24,gaussian_wfn_bfn,friction_stat_one-hot,0.14168751,0.35074866
24,gaussian_wfn_bfn,nasa_battery_1_10min,0.93674505,0.95612854
24,gaussian_wfn_bfn,nasa_battery_2_20min,0.9010293,0.8465242
24,gaussian_wfn_bfn,nikuradse_1,0.85359895,0.9642272
24,gaussian_wfn_bfn,nikuradse_2,0.5353862,0.588298
24,gaussian_wfn_bin,chemical_1_tower,0.4871689,0.46640784
24,gaussian_wfn_bin,chemical_2_competition,-0.00155044,0.06396359
24,gaussian_wfn_bin,flow_stress_phip0.1,0.6389631,0.7236691
24,gaussian_wfn_bin,friction_dyn_one-hot,0.10169905,0.51761734
24,gaussian_wfn_bin,friction_stat_one-hot,0.14168751,0.35074866
24,gaussian_wfn_bin,nasa_battery_1_10min,0.93674505,0.95612854
24,gaussian_wfn_bin,nasa_battery_2_20min,0.9010293,0.8465242
24,gaussian_wfn_bin,nikuradse_1,0.85359895,0.9642272
24,gaussian_wfn_bin,nikuradse_2,0.5353862,0.588298
24,gaussian_win,chemical_1_tower,0.54030406,0.50813127
24,gaussian_win,chemical_2_competition,-0.01005673,0.02459848
24,gaussian_win,flow_stress_phip0.1,0.93435216,0.95947886
24,gaussian_win,friction_dyn_one-hot,0.14708638,0.2518351
24,gaussian_win,friction_stat_one-hot,-0.06968284,0.50125515
24,gaussian_win,nasa_battery_1_10min,0.6113384,0.9286459
24,gaussian_win,nasa_battery_2_20min,0.88777083,0.82577014
24,gaussian_win,nikuradse_1,0.8594198,0.96347356
24,gaussian_win,nikuradse_2,0.5655633,0.3593155
24,gaussian_win_bfn,chemical_1_tower,0.54030406,0.50813127
24,gaussian_win_bfn,chemical_2_competition,-0.01005673,0.02459848
24,gaussian_win_bfn,flow_stress_phip0.1,0.93435216,0.95947886
24,gaussian_win_bfn,friction_dyn_one-hot,0.14708638,0.2518351
24,gaussian_win_bfn,friction_stat_one-hot,-0.06968284,0.50125515
24,gaussian_win_bfn,nasa_battery_1_10min,0.6113384,0.9286459
24,gaussian_win_bfn,nasa_battery_2_20min,0.88777083,0.82577014
24,gaussian_win_bfn,nikuradse_1,0.8594198,0.96347356
24,gaussian_win_bfn,nikuradse_2,0.5655633,0.3593155
24,gaussian_win_bin,chemical_1_tower,0.54030406,0.50813127
24,gaussian_win_bin,chemical_2_competition,-0.01005673,0.02459848
24,gaussian_win_bin,flow_stress_phip0.1,0.93435216,0.95947886
24,gaussian_win_bin,friction_dyn_one-hot,0.14708638,0.2518351
24,gaussian_win_bin,friction_stat_one-hot,-0.06968284,0.50125515
24,gaussian_win_bin,nasa_battery_1_10min,0.6113384,0.9286459
24,gaussian_win_bin,nasa_battery_2_20min,0.88777083,0.82577014
24,gaussian_win_bin,nikuradse_1,0.8594198,0.96347356
24,gaussian_win_bin,nikuradse_2,0.5655633,0.3593155
25,adam_wfn,chemical_1_tower,0.80086404,0.79987365
25,adam_wfn,chemical_2_competition,-0.01834249,0.60145366
25,adam_wfn,flow_stress_phip0.1,0.8366274,0.98204833
25,adam_wfn,friction_dyn_one-hot,0.74018836,0.8502257
25,adam_wfn,friction_stat_one-hot,0.6524979,0.75745416
25,adam_wfn,nasa_battery_1_10min,-0.42437112,0.2733671
25,adam_wfn,nasa_battery_2_20min,0.9342011,0.90911335
25,adam_wfn,nikuradse_1,0.82818025,0.9646252
25,adam_wfn,nikuradse_2,0.7331561,0.7219933
25,adam_wfn_bfn,chemical_1_tower,0.80086404,0.79987365
25,adam_wfn_bfn,chemical_2_competition,-0.01834249,0.60145366
25,adam_wfn_bfn,flow_stress_phip0.1,0.8366274,0.98204833
25,adam_wfn_bfn,friction_dyn_one-hot,0.74018836,0.8502257
25,adam_wfn_bfn,friction_stat_one-hot,0.6524979,0.75745416
25,adam_wfn_bfn,nasa_battery_1_10min,-0.42437112,0.2733671
25,adam_wfn_bfn,nasa_battery_2_20min,0.9342011,0.90911335
25,adam_wfn_bfn,nikuradse_1,0.82818025,0.9646252
25,adam_wfn_bfn,nikuradse_2,0.7331561,0.7219933
25,adam_wfn_bin,chemical_1_tower,0.80086404,0.79987365
25,adam_wfn_bin,chemical_2_competition,-0.01834249,0.60145366
25,adam_wfn_bin,flow_stress_phip0.1,0.8366274,0.98204833
25,adam_wfn_bin,friction_dyn_one-hot,0.74018836,0.8502257
25,adam_wfn_bin,friction_stat_one-hot,0.6524979,0.75745416
25,adam_wfn_bin,nasa_battery_1_10min,-0.42437112,0.2733671
25,adam_wfn_bin,nasa_battery_2_20min,0.9342011,0.90911335
25,adam_wfn_bin,nikuradse_1,0.82818025,0.9646252
25,adam_wfn_bin,nikuradse_2,0.7331561,0.7219933
25,adam_win,chemical_1_tower,0.6715801,0.66260666
25,adam_win,chemical_2_competition,0.03978294,0.38699257
25,adam_win,flow_stress_phip0.1,0.9603002,0.97266805
25,adam_win,friction_dyn_one-hot,0.11404157,0.24111801
25,adam_win,friction_stat_one-hot,0.70950305,0.7934312
25,adam_win,nasa_battery_1_10min,0.87964517,0.9882153
25,adam_win,nasa_battery_2_20min,0.98592776,0.97413427
25,adam_win,nikuradse_1,0.8900597,0.96817464
25,adam_win,nikuradse_2,0.34198546,0.27534688
25,adam_win_bfn,chemical_1_tower,0.6715801,0.66260666
25,adam_win_bfn,chemical_2_competition,0.03978294,0.38699257
25,adam_win_bfn,flow_stress_phip0.1,0.9603002,0.97266805
25,adam_win_bfn,friction_dyn_one-hot,0.11404157,0.24111801
25,adam_win_bfn,friction_stat_one-hot,0.70950305,0.7934312
25,adam_win_bfn,nasa_battery_1_10min,0.87964517,0.9882153
25,adam_win_bfn,nasa_battery_2_20min,0.98592776,0.97413427
25,adam_win_bfn,nikuradse_1,0.8900597,0.96817464
25,adam_win_bfn,nikuradse_2,0.34198546,0.27534688
25,adam_win_bin,chemical_1_tower,0.6715801,0.66260666
25,adam_win_bin,chemical_2_competition,0.03978294,0.38699257
25,adam_win_bin,flow_stress_phip0.1,0.9603002,0.97266805
25,adam_win_bin,friction_dyn_one-hot,0.11404157,0.24111801
25,adam_win_bin,friction_stat_one-hot,0.70950305,0.7934312
25,adam_win_bin,nasa_battery_2_20min,0.98592776,0.97413427
25,adam_win_bin,nikuradse_1,0.8900597,0.96817464
25,adam_win_bin,nikuradse_2,0.34198546,0.27534688
25,gaussian_no,chemical_1_tower,0.607774,0.5741885
25,gaussian_no,chemical_2_competition,0.14153403,0.07279688
25,gaussian_no,flow_stress_phip0.1,0.88008046,0.9715125
25,gaussian_no,friction_dyn_one-hot,0.06066132,0.5747856
25,gaussian_no,friction_stat_one-hot,0.16533995,0.5699407
25,gaussian_no,nasa_battery_1_10min,0.9112389,0.96794313
25,gaussian_no,nasa_battery_2_20min,0.94247,0.9332886
25,gaussian_no,nikuradse_1,0.46969628,0.94334316
25,gaussian_no,nikuradse_2,0.91304195,0.8916195
25,gaussian_wfn,chemical_1_tower,0.5052117,0.4744336
25,gaussian_wfn,chemical_2_competition,0.02241111,0.057106614
25,gaussian_wfn,flow_stress_phip0.1,0.94865495,0.942019
25,gaussian_wfn,friction_dyn_one-hot,-0.00550544,0.0
25,gaussian_wfn,friction_stat_one-hot,-0.04200065,0.49115437
25,gaussian_wfn,nasa_battery_1_10min,0.8916272,0.8441771
25,gaussian_wfn,nasa_battery_2_20min,0.877917,0.81954837
25,gaussian_wfn,nikuradse_1,0.8686208,0.96343756
25,gaussian_wfn,nikuradse_2,0.07915139,0.069654465
25,gaussian_wfn_bfn,chemical_1_tower,0.5052117,0.4744336
25,gaussian_wfn_bfn,chemical_2_competition,0.02241111,0.057106614
25,gaussian_wfn_bfn,flow_stress_phip0.1,0.94865495,0.942019
25,gaussian_wfn_bfn,friction_dyn_one-hot,-0.00550544,0.0
25,gaussian_wfn_bfn,friction_stat_one-hot,-0.04200065,0.49115437
25,gaussian_wfn_bfn,nasa_battery_1_10min,0.8916272,0.8441771
25,gaussian_wfn_bfn,nasa_battery_2_20min,0.877917,0.81954837
25,gaussian_wfn_bfn,nikuradse_1,0.8686208,0.96343756
25,gaussian_wfn_bfn,nikuradse_2,0.07915139,0.069654465
25,gaussian_wfn_bin,chemical_1_tower,0.5052117,0.4744336
25,gaussian_wfn_bin,chemical_2_competition,0.02241111,0.057106614
25,gaussian_wfn_bin,flow_stress_phip0.1,0.94865495,0.942019
25,gaussian_wfn_bin,friction_dyn_one-hot,-0.00550544,0.0
25,gaussian_wfn_bin,friction_stat_one-hot,-0.04200065,0.49115437
25,gaussian_wfn_bin,nasa_battery_1_10min,0.8916272,0.8441771
25,gaussian_wfn_bin,nasa_battery_2_20min,0.877917,0.81954837
25,gaussian_wfn_bin,nikuradse_1,0.8686208,0.96343756
25,gaussian_wfn_bin,nikuradse_2,0.07915139,0.069654465
25,gaussian_win,chemical_1_tower,0.5271547,0.48716247
25,gaussian_win,chemical_2_competition,0.39876038,0.37776214
25,gaussian_win,flow_stress_phip0.1,0.6458333,0.6018326
25,gaussian_win,friction_dyn_one-hot,0.09815651,0.074974656
25,gaussian_win,friction_stat_one-hot,0.07748401,0.02828753
25,gaussian_win,nasa_battery_1_10min,0.8207735,0.9026609
25,gaussian_win,nasa_battery_2_20min,0.9326976,0.9285619
25,gaussian_win,nikuradse_1,0.85190225,0.96344984
25,gaussian_win,nikuradse_2,0.9057069,0.8993252
25,gaussian_win_bfn,chemical_1_tower,0.5271547,0.48716247
25,gaussian_win_bfn,chemical_2_competition,0.39876038,0.37776214
25,gaussian_win_bfn,flow_stress_phip0.1,0.6458333,0.6018326
25,gaussian_win_bfn,friction_dyn_one-hot,0.09815651,0.074974656
25,gaussian_win_bfn,friction_stat_one-hot,0.07748401,0.02828753
25,gaussian_win_bfn,nasa_battery_1_10min,0.8207735,0.9026609
25,gaussian_win_bfn,nasa_battery_2_20min,0.9326976,0.9285619
25,gaussian_win_bfn,nikuradse_1,0.85190225,0.96344984
25,gaussian_win_bfn,nikuradse_2,0.9057069,0.8993252
25,gaussian_win_bin,chemical_1_tower,0.5271547,0.48716247
25,gaussian_win_bin,chemical_2_competition,0.39876038,0.37776214
25,gaussian_win_bin,flow_stress_phip0.1,0.6458333,0.6018326
25,gaussian_win_bin,friction_dyn_one-hot,0.09815651,0.074974656
25,gaussian_win_bin,friction_stat_one-hot,0.07748401,0.02828753
25,gaussian_win_bin,nasa_battery_1_10min,0.8207735,0.9026609
25,gaussian_win_bin,nasa_battery_2_20min,0.9326976,0.9285619
25,gaussian_win_bin,nikuradse_1,0.85190225,0.96344984
25,gaussian_win_bin,nikuradse_2,0.9057069,0.8993252
26,adam_wfn,chemical_1_tower,0.65040576,0.6363505
26,adam_wfn,chemical_2_competition,0.45465052,0.50122184
26,adam_wfn,flow_stress_phip0.1,0.87104887,0.8666405
26,adam_wfn,friction_dyn_one-hot,-0.0739392,0.16568673
26,adam_wfn,friction_stat_one-hot,0.6127714,0.75918937
26,adam_wfn,nasa_battery_1_10min,0.9310813,0.9533479
26,adam_wfn,nasa_battery_2_20min,0.91610616,0.94848037
26,adam_wfn,nikuradse_1,0.48653066,0.7072048
26,adam_wfn,nikuradse_2,0.05728453,0.02904898
26,adam_wfn_bfn,chemical_1_tower,0.65040576,0.6363505
26,adam_wfn_bfn,chemical_2_competition,0.45465052,0.50122184
26,adam_wfn_bfn,flow_stress_phip0.1,0.87104887,0.8666405
26,adam_wfn_bfn,friction_dyn_one-hot,-0.0739392,0.16568673
26,adam_wfn_bfn,friction_stat_one-hot,0.6127714,0.75918937
26,adam_wfn_bfn,nasa_battery_1_10min,0.9310813,0.9533479
26,adam_wfn_bfn,nasa_battery_2_20min,0.91610616,0.94848037
26,adam_wfn_bfn,nikuradse_1,0.48653066,0.7072048
26,adam_wfn_bfn,nikuradse_2,0.05728453,0.02904898
26,adam_wfn_bin,chemical_1_tower,0.65040576,0.6363505
26,adam_wfn_bin,chemical_2_competition,0.45465052,0.50122184
26,adam_wfn_bin,flow_stress_phip0.1,0.87104887,0.8666405
26,adam_wfn_bin,friction_dyn_one-hot,-0.0739392,0.16568673
26,adam_wfn_bin,friction_stat_one-hot,0.6127714,0.75918937
26,adam_wfn_bin,nasa_battery_1_10min,0.9310813,0.9533479
26,adam_wfn_bin,nasa_battery_2_20min,0.91610616,0.94848037
26,adam_wfn_bin,nikuradse_1,0.48653066,0.7072048
26,adam_wfn_bin,nikuradse_2,0.05728453,0.02904898
26,adam_win,chemical_1_tower,0.55893534,0.54921246
26,adam_win,chemical_2_competition,0.5529634,0.6486293
26,adam_win,flow_stress_phip0.1,0.9979961,0.99861324
26,adam_win,friction_dyn_one-hot,0.5096735,0.6923508
26,adam_win,friction_stat_one-hot,0.07176381,0.59113723
26,adam_win,nasa_battery_1_10min,0.90721786,0.96401507
26,adam_win,nasa_battery_2_20min,0.8196157,0.8235053
26,adam_win,nikuradse_1,0.8912885,0.9722324
26,adam_win,nikuradse_2,0.14925396,0.18947518
26,adam_win_bfn,chemical_1_tower,0.55893534,0.54921246
26,adam_win_bfn,chemical_2_competition,0.5529634,0.6486293
26,adam_win_bfn,flow_stress_phip0.1,0.9979961,0.99861324
26,adam_win_bfn,friction_dyn_one-hot,0.5096735,0.6923508
26,adam_win_bfn,friction_stat_one-hot,0.07176381,0.59113723
26,adam_win_bfn,nasa_battery_1_10min,0.90721786,0.96401507
26,adam_win_bfn,nasa_battery_2_20min,0.8196157,0.8235053
26,adam_win_bfn,nikuradse_1,0.8912885,0.9722324
26,adam_win_bfn,nikuradse_2,0.14925396,0.18947518
26,adam_win_bin,chemical_1_tower,0.55893534,0.54921246
26,adam_win_bin,chemical_2_competition,0.5529634,0.6486293
26,adam_win_bin,flow_stress_phip0.1,0.9979961,0.99861324
26,adam_win_bin,friction_dyn_one-hot,0.5096735,0.6923508
26,adam_win_bin,friction_stat_one-hot,0.07176381,0.59113723
26,adam_win_bin,nasa_battery_1_10min,0.90721786,0.96401507
26,adam_win_bin,nasa_battery_2_20min,0.8196157,0.8235053
26,adam_win_bin,nikuradse_1,0.8912885,0.9722324
26,adam_win_bin,nikuradse_2,0.14925396,0.18947518
26,gaussian_no,chemical_1_tower,0.5924327,0.59498
26,gaussian_no,chemical_2_competition,0.03670645,0.15243429
26,gaussian_no,flow_stress_phip0.1,0.94867986,0.9592998
26,gaussian_no,friction_dyn_one-hot,0.5583137,0.7327294
26,gaussian_no,friction_stat_one-hot,-0.3647623,0.5450508
26,gaussian_no,nasa_battery_1_10min,0.8561622,0.9728968
26,gaussian_no,nasa_battery_2_20min,0.97976923,0.9544655
26,gaussian_no,nikuradse_1,0.67363715,0.9642813
26,gaussian_no,nikuradse_2,0.91972023,0.9005236
26,gaussian_wfn,chemical_1_tower,0.5790355,0.54667896
26,gaussian_wfn,chemical_2_competition,0.13867724,0.16632736
26,gaussian_wfn,flow_stress_phip0.1,0.85567063,0.8613662
26,gaussian_wfn,friction_dyn_one-hot,-0.05415404,0.5016508
26,gaussian_wfn,friction_stat_one-hot,-0.7399714,0.36359715
26,gaussian_wfn,nasa_battery_1_10min,0.87230986,0.8910913
26,gaussian_wfn,nasa_battery_2_20min,0.7941592,0.75765765
26,gaussian_wfn,nikuradse_1,0.81015956,0.9616234
26,gaussian_wfn,nikuradse_2,0.2941025,0.23811674
26,gaussian_wfn_bfn,chemical_1_tower,0.5790355,0.54667896
26,gaussian_wfn_bfn,chemical_2_competition,0.13867724,0.16632736
26,gaussian_wfn_bfn,flow_stress_phip0.1,0.85567063,0.8613662
26,gaussian_wfn_bfn,friction_dyn_one-hot,-0.05415404,0.5016508
26,gaussian_wfn_bfn,friction_stat_one-hot,-0.7399714,0.36359715
26,gaussian_wfn_bfn,nasa_battery_1_10min,0.87230986,0.8910913
26,gaussian_wfn_bfn,nasa_battery_2_20min,0.7941592,0.75765765
26,gaussian_wfn_bfn,nikuradse_1,0.81015956,0.9616234
26,gaussian_wfn_bfn,nikuradse_2,0.2941025,0.23811674
26,gaussian_wfn_bin,chemical_1_tower,0.5790355,0.54667896
26,gaussian_wfn_bin,chemical_2_competition,0.13867724,0.16632736
26,gaussian_wfn_bin,flow_stress_phip0.1,0.85567063,0.8613662
26,gaussian_wfn_bin,friction_dyn_one-hot,-0.05415404,0.5016508
26,gaussian_wfn_bin,friction_stat_one-hot,-0.7399714,0.36359715
26,gaussian_wfn_bin,nasa_battery_1_10min,0.87230986,0.8910913
26,gaussian_wfn_bin,nasa_battery_2_20min,0.7941592,0.75765765
26,gaussian_wfn_bin,nikuradse_1,0.81015956,0.9616234
26,gaussian_wfn_bin,nikuradse_2,0.2941025,0.23811674
26,gaussian_win,chemical_1_tower,0.58766544,0.55692923
26,gaussian_win,chemical_2_competition,0.03727287,0.07872254
26,gaussian_win,flow_stress_phip0.1,0.9419836,0.94610626
26,gaussian_win,friction_dyn_one-hot,0.3287784,0.5860196
26,gaussian_win,friction_stat_one-hot,-0.02546477,0.19929665
26,gaussian_win,nasa_battery_1_10min,0.85095936,0.95902485
26,gaussian_win,nasa_battery_2_20min,0.8168043,0.7740725
26,gaussian_win,nikuradse_1,0.6594682,0.9566903
26,gaussian_win,nikuradse_2,0.6161027,0.6214069
26,gaussian_win_bfn,chemical_1_tower,0.58766544,0.55692923
26,gaussian_win_bfn,chemical_2_competition,0.03727287,0.07872254
26,gaussian_win_bfn,flow_stress_phip0.1,0.9419836,0.94610626
26,gaussian_win_bfn,friction_dyn_one-hot,0.3287784,0.5860196
26,gaussian_win_bfn,friction_stat_one-hot,-0.02546477,0.19929665
26,gaussian_win_bfn,nasa_battery_1_10min,0.85095936,0.95902485
26,gaussian_win_bfn,nasa_battery_2_20min,0.8168043,0.7740725
26,gaussian_win_bfn,nikuradse_1,0.6594682,0.9566903
26,gaussian_win_bfn,nikuradse_2,0.6161027,0.6214069
26,gaussian_win_bin,chemical_1_tower,0.58766544,0.55692923
26,gaussian_win_bin,chemical_2_competition,0.03727287,0.07872254
26,gaussian_win_bin,flow_stress_phip0.1,0.9419836,0.94610626
26,gaussian_win_bin,friction_dyn_one-hot,0.3287784,0.5860196
26,gaussian_win_bin,friction_stat_one-hot,-0.02546477,0.19929665
26,gaussian_win_bin,nasa_battery_1_10min,0.85095936,0.95902485
26,gaussian_win_bin,nasa_battery_2_20min,0.8168043,0.7740725
26,gaussian_win_bin,nikuradse_1,0.6594682,0.9566903
26,gaussian_win_bin,nikuradse_2,0.6161027,0.6214069
27,adam_wfn,chemical_1_tower,0.6053208,0.63725
27,adam_wfn,chemical_2_competition,0.29361224,0.4676391
27,adam_wfn,flow_stress_phip0.1,0.96496373,0.9734188
27,adam_wfn,friction_dyn_one-hot,0.7146125,0.8454618
27,adam_wfn,friction_stat_one-hot,0.5100341,0.6994651
27,adam_wfn,nasa_battery_1_10min,0.89038193,0.9572355
27,adam_wfn,nasa_battery_2_20min,0.45715213,0.4592719
27,adam_wfn,nikuradse_1,0.8307016,0.9503618
27,adam_wfn,nikuradse_2,0.23706102,0.24027914
27,adam_wfn_bfn,chemical_1_tower,0.6053208,0.63725
27,adam_wfn_bfn,chemical_2_competition,0.29361224,0.4676391
27,adam_wfn_bfn,flow_stress_phip0.1,0.96496373,0.9734188
27,adam_wfn_bfn,friction_dyn_one-hot,0.7146125,0.8454618
27,adam_wfn_bfn,friction_stat_one-hot,0.5100341,0.6994651
27,adam_wfn_bfn,nasa_battery_1_10min,0.89038193,0.9572355
27,adam_wfn_bfn,nasa_battery_2_20min,0.45715213,0.4592719
27,adam_wfn_bfn,nikuradse_1,0.8307016,0.9503618
27,adam_wfn_bfn,nikuradse_2,0.23706102,0.24027914
27,adam_wfn_bin,chemical_1_tower,0.6053208,0.63725
27,adam_wfn_bin,chemical_2_competition,0.29361224,0.4676391
27,adam_wfn_bin,flow_stress_phip0.1,0.96496373,0.9734188
27,adam_wfn_bin,friction_dyn_one-hot,0.7146125,0.8454618
27,adam_wfn_bin,friction_stat_one-hot,0.5100341,0.6994651
27,adam_wfn_bin,nasa_battery_1_10min,0.89038193,0.9572355
27,adam_wfn_bin,nasa_battery_2_20min,0.45715213,0.4592719
27,adam_wfn_bin,nikuradse_1,0.8307016,0.9503618
27,adam_wfn_bin,nikuradse_2,0.23706102,0.24027914
27,adam_win,chemical_1_tower,0.79998523,0.8040102
27,adam_win,chemical_2_competition,0.0412569,0.52959776
27,adam_win,flow_stress_phip0.1,0.943061,0.94291717
27,adam_win,friction_dyn_one-hot,0.7198212,0.8220412
27,adam_win,friction_stat_one-hot,0.6162832,0.7271949
27,adam_win,nasa_battery_1_10min,0.810056,0.92604417
27,adam_win,nikuradse_1,-2.4423487,0.9678461
27,adam_win,nikuradse_2,0.17752421,0.18139964
27,adam_win_bfn,chemical_1_tower,0.79998523,0.8040102
27,adam_win_bfn,chemical_2_competition,0.0412569,0.52959776
27,adam_win_bfn,flow_stress_phip0.1,0.943061,0.94291717
27,adam_win_bfn,friction_dyn_one-hot,0.7198212,0.8220412
27,adam_win_bfn,friction_stat_one-hot,0.6162832,0.7271949
27,adam_win_bfn,nasa_battery_1_10min,0.810056,0.92604417
27,adam_win_bfn,nasa_battery_2_20min,0.97976553,0.98032624
27,adam_win_bfn,nikuradse_1,-2.4423487,0.9678461
27,adam_win_bfn,nikuradse_2,0.17752421,0.18139964
27,adam_win_bin,chemical_1_tower,0.79998523,0.8040102
27,adam_win_bin,chemical_2_competition,0.0412569,0.52959776
27,adam_win_bin,flow_stress_phip0.1,0.943061,0.94291717
27,adam_win_bin,friction_dyn_one-hot,0.7198212,0.8220412
27,adam_win_bin,friction_stat_one-hot,0.6162832,0.7271949
27,adam_win_bin,nasa_battery_1_10min,0.810056,0.92604417
27,adam_win_bin,nasa_battery_2_20min,0.97976553,0.98032624
27,adam_win_bin,nikuradse_1,-2.4423487,0.9678461
27,adam_win_bin,nikuradse_2,0.17752421,0.18139964
27,gaussian_no,chemical_1_tower,0.6035064,0.5979028
27,gaussian_no,chemical_2_competition,0.01578122,0.07126069
27,gaussian_no,flow_stress_phip0.1,0.96435076,0.9832102
27,gaussian_no,friction_dyn_one-hot,0.65291595,0.72512347
27,gaussian_no,friction_stat_one-hot,-0.02855313,0.45519114
27,gaussian_no,nasa_battery_1_10min,0.88636196,0.9751007
27,gaussian_no,nasa_battery_2_20min,0.93844193,0.9329312
27,gaussian_no,nikuradse_1,0.8024646,0.94257027
27,gaussian_no,nikuradse_2,0.572411,0.49862373
27,gaussian_wfn,chemical_1_tower,0.7332159,0.6976063
27,gaussian_wfn,chemical_2_competition,0.02589649,0.05699283
27,gaussian_wfn,flow_stress_phip0.1,0.9053872,0.92873913
27,gaussian_wfn,friction_dyn_one-hot,-0.14652741,0.41822553
27,gaussian_wfn,friction_stat_one-hot,-0.11367118,0.33894843
27,gaussian_wfn,nasa_battery_1_10min,0.940523,0.9492657
27,gaussian_wfn,nasa_battery_2_20min,0.92231554,0.90056866
27,gaussian_wfn,nikuradse_1,0.852778,0.9646088
27,gaussian_wfn,nikuradse_2,0.3517365,0.27896142
27,gaussian_wfn_bfn,chemical_1_tower,0.7332159,0.6976063
27,gaussian_wfn_bfn,chemical_2_competition,0.02589649,0.05699283
27,gaussian_wfn_bfn,flow_stress_phip0.1,0.9053872,0.92873913
27,gaussian_wfn_bfn,friction_dyn_one-hot,-0.14652741,0.41822553
27,gaussian_wfn_bfn,friction_stat_one-hot,-0.11367118,0.33894843
27,gaussian_wfn_bfn,nasa_battery_1_10min,0.940523,0.9492657
27,gaussian_wfn_bfn,nasa_battery_2_20min,0.92231554,0.90056866
27,gaussian_wfn_bfn,nikuradse_1,0.852778,0.9646088
27,gaussian_wfn_bfn,nikuradse_2,0.3517365,0.27896142
27,gaussian_wfn_bin,chemical_1_tower,0.7332159,0.6976063
27,gaussian_wfn_bin,chemical_2_competition,0.02589649,0.05699283
27,gaussian_wfn_bin,flow_stress_phip0.1,0.9053872,0.92873913
27,gaussian_wfn_bin,friction_dyn_one-hot,-0.14652741,0.41822553
27,gaussian_wfn_bin,friction_stat_one-hot,-0.11367118,0.33894843
27,gaussian_wfn_bin,nasa_battery_1_10min,0.940523,0.9492657
27,gaussian_wfn_bin,nasa_battery_2_20min,0.92231554,0.90056866
27,gaussian_wfn_bin,nikuradse_1,0.852778,0.9646088
27,gaussian_wfn_bin,nikuradse_2,0.3517365,0.27896142
27,gaussian_win,chemical_1_tower,0.60982496,0.5921062
27,gaussian_win,chemical_2_competition,-0.01807547,0.052714765
27,gaussian_win,flow_stress_phip0.1,-141995360.0,0.5693842
27,gaussian_win,friction_dyn_one-hot,0.64052075,0.79179454
27,gaussian_win,friction_stat_one-hot,0.32846433,0.4407754
27,gaussian_win,nasa_battery_1_10min,0.6559849,0.8400596
27,gaussian_win,nasa_battery_2_20min,0.70192856,0.687974
27,gaussian_win,nikuradse_1,0.8461187,0.9557509
27,gaussian_win,nikuradse_2,0.92423874,0.918351
27,gaussian_win_bfn,chemical_1_tower,0.60982496,0.5921062
27,gaussian_win_bfn,chemical_2_competition,-0.01807547,0.052714765
27,gaussian_win_bfn,flow_stress_phip0.1,-141995360.0,0.5693842
27,gaussian_win_bfn,friction_dyn_one-hot,0.64052075,0.79179454
27,gaussian_win_bfn,friction_stat_one-hot,0.32846433,0.4407754
27,gaussian_win_bfn,nasa_battery_1_10min,0.6559849,0.8400596
27,gaussian_win_bfn,nasa_battery_2_20min,0.70192856,0.687974
27,gaussian_win_bfn,nikuradse_1,0.8461187,0.9557509
27,gaussian_win_bfn,nikuradse_2,0.92423874,0.918351
27,gaussian_win_bin,chemical_1_tower,0.60982496,0.5921062
27,gaussian_win_bin,chemical_2_competition,-0.01807547,0.052714765
27,gaussian_win_bin,flow_stress_phip0.1,-141995360.0,0.5693842
27,gaussian_win_bin,friction_dyn_one-hot,0.64052075,0.79179454
27,gaussian_win_bin,friction_stat_one-hot,0.32846433,0.4407754
27,gaussian_win_bin,nasa_battery_1_10min,0.6559849,0.8400596
27,gaussian_win_bin,nasa_battery_2_20min,0.70192856,0.687974
27,gaussian_win_bin,nikuradse_1,0.8461187,0.9557509
27,gaussian_win_bin,nikuradse_2,0.92423874,0.918351
28,adam_wfn,chemical_1_tower,0.44254857,0.396074
28,adam_wfn,chemical_2_competition,0.04067677,0.4366693
28,adam_wfn,flow_stress_phip0.1,-116.8115,0.9652143
28,adam_wfn,friction_dyn_one-hot,-0.2629906,0.021804571
28,adam_wfn,friction_stat_one-hot,0.09335142,0.5907694
28,adam_wfn,nasa_battery_1_10min,0.87429327,0.8905306
28,adam_wfn,nasa_battery_2_20min,0.91539794,0.89241964
28,adam_wfn,nikuradse_1,0.8317349,0.963707
28,adam_wfn,nikuradse_2,0.24218732,0.18369615
28,adam_wfn_bfn,chemical_1_tower,0.44254857,0.396074
28,adam_wfn_bfn,chemical_2_competition,0.04067677,0.4366693
28,adam_wfn_bfn,flow_stress_phip0.1,-116.8115,0.9652143
28,adam_wfn_bfn,friction_dyn_one-hot,-0.2629906,0.021804571
28,adam_wfn_bfn,friction_stat_one-hot,0.09335142,0.5907694
28,adam_wfn_bfn,nasa_battery_1_10min,0.87429327,0.8905306
28,adam_wfn_bfn,nasa_battery_2_20min,0.91539794,0.89241964
28,adam_wfn_bfn,nikuradse_1,0.8317349,0.963707
28,adam_wfn_bfn,nikuradse_2,0.24218732,0.18369615
28,adam_wfn_bin,chemical_1_tower,0.44254857,0.396074
28,adam_wfn_bin,chemical_2_competition,0.04067677,0.4366693
28,adam_wfn_bin,flow_stress_phip0.1,-116.8115,0.9652143
28,adam_wfn_bin,friction_dyn_one-hot,-0.2629906,0.021804571
28,adam_wfn_bin,friction_stat_one-hot,0.09335142,0.5907694
28,adam_wfn_bin,nasa_battery_1_10min,0.87429327,0.8905306
28,adam_wfn_bin,nasa_battery_2_20min,0.91539794,0.89241964
28,adam_wfn_bin,nikuradse_1,0.8317349,0.963707
28,adam_wfn_bin,nikuradse_2,0.24218732,0.18369615
28,adam_win,chemical_1_tower,0.75222236,0.76898265
28,adam_win,chemical_2_competition,0.43176168,0.6197024
28,adam_win,flow_stress_phip0.1,0.9977564,0.99848485
28,adam_win,friction_dyn_one-hot,0.10305369,0.3366366
28,adam_win,friction_stat_one-hot,0.00691628,0.5257114
28,adam_win,nasa_battery_1_10min,0.8656168,0.9677878
28,adam_win,nasa_battery_2_20min,0.9521184,0.9556664
28,adam_win,nikuradse_1,0.8532281,0.9669727
28,adam_win,nikuradse_2,0.293428,0.3129536
28,adam_win_bfn,chemical_1_tower,0.75222236,0.76898265
28,adam_win_bfn,chemical_2_competition,0.43176168,0.6197024
28,adam_win_bfn,flow_stress_phip0.1,0.9977564,0.99848485
28,adam_win_bfn,friction_dyn_one-hot,0.10305369,0.3366366
28,adam_win_bfn,friction_stat_one-hot,0.00691628,0.5257114
28,adam_win_bfn,nasa_battery_1_10min,0.8656168,0.9677878
28,adam_win_bfn,nasa_battery_2_20min,0.9521184,0.9556664
28,adam_win_bfn,nikuradse_1,0.8532281,0.9669727
28,adam_win_bfn,nikuradse_2,0.293428,0.3129536
28,adam_win_bin,chemical_1_tower,0.75222236,0.76898265
28,adam_win_bin,chemical_2_competition,0.43176168,0.6197024
28,adam_win_bin,flow_stress_phip0.1,0.9977564,0.99848485
28,adam_win_bin,friction_dyn_one-hot,0.10305369,0.3366366
28,adam_win_bin,friction_stat_one-hot,0.00691628,0.5257114
28,adam_win_bin,nasa_battery_1_10min,0.8656168,0.9677878
28,adam_win_bin,nasa_battery_2_20min,0.9521184,0.9556664
28,adam_win_bin,nikuradse_1,0.8532281,0.9669727
28,adam_win_bin,nikuradse_2,0.293428,0.3129536
28,gaussian_no,chemical_1_tower,0.58985645,0.5771498
28,gaussian_no,chemical_2_competition,0.01667297,0.09904724
28,gaussian_no,flow_stress_phip0.1,0.9873782,0.98854965
28,gaussian_no,friction_dyn_one-hot,0.7565489,0.82515985
28,gaussian_no,friction_stat_one-hot,-0.00249732,0.53645
28,gaussian_no,nasa_battery_1_10min,0.9439964,0.98188746
28,gaussian_no,nasa_battery_2_20min,0.8995923,0.8902377
28,gaussian_no,nikuradse_1,0.8085438,0.96605706
28,gaussian_no,nikuradse_2,0.9456223,0.9430078
28,gaussian_wfn,chemical_1_tower,0.61920476,0.58123183
28,gaussian_wfn,chemical_2_competition,0.14233369,0.1423735
28,gaussian_wfn,flow_stress_phip0.1,0.65223503,0.7203827
28,gaussian_wfn,friction_dyn_one-hot,0.06913847,0.23561096
28,gaussian_wfn,friction_stat_one-hot,0.10014224,0.17890286
28,gaussian_wfn,nasa_battery_1_10min,0.43452668,0.6877017
28,gaussian_wfn,nasa_battery_2_20min,0.65912014,0.66055524
28,gaussian_wfn,nikuradse_1,0.8316386,0.94972223
28,gaussian_wfn,nikuradse_2,0.8259753,0.8220351
28,gaussian_wfn_bfn,chemical_1_tower,0.61920476,0.58123183
28,gaussian_wfn_bfn,chemical_2_competition,0.14233369,0.1423735
28,gaussian_wfn_bfn,flow_stress_phip0.1,0.65223503,0.7203827
28,gaussian_wfn_bfn,friction_dyn_one-hot,0.06913847,0.23561096
28,gaussian_wfn_bfn,friction_stat_one-hot,0.10014224,0.17890286
28,gaussian_wfn_bfn,nasa_battery_1_10min,0.43452668,0.6877017
28,gaussian_wfn_bfn,nasa_battery_2_20min,0.65912014,0.66055524
28,gaussian_wfn_bfn,nikuradse_1,0.8316386,0.94972223
28,gaussian_wfn_bfn,nikuradse_2,0.8259753,0.8220351
28,gaussian_wfn_bin,chemical_1_tower,0.61920476,0.58123183
28,gaussian_wfn_bin,chemical_2_competition,0.14233369,0.1423735
28,gaussian_wfn_bin,flow_stress_phip0.1,0.65223503,0.7203827
28,gaussian_wfn_bin,friction_dyn_one-hot,0.06913847,0.23561096
28,gaussian_wfn_bin,friction_stat_one-hot,0.10014224,0.17890286
28,gaussian_wfn_bin,nasa_battery_1_10min,0.43452668,0.6877017
28,gaussian_wfn_bin,nasa_battery_2_20min,0.65912014,0.66055524
28,gaussian_wfn_bin,nikuradse_1,0.8316386,0.94972223
28,gaussian_wfn_bin,nikuradse_2,0.8259753,0.8220351
28,gaussian_win,chemical_1_tower,0.5937443,0.56702286
28,gaussian_win,chemical_2_competition,-0.03465307,0.07785708
28,gaussian_win,flow_stress_phip0.1,0.45949614,0.47879016
28,gaussian_win,friction_dyn_one-hot,-0.01279414,0.49901438
28,gaussian_win,friction_stat_one-hot,0.14948076,0.078535736
28,gaussian_win,nasa_battery_1_10min,0.83750516,0.9486146
28,gaussian_win,nasa_battery_2_20min,0.8336793,0.813541
28,gaussian_win,nikuradse_1,0.86945385,0.9653982
28,gaussian_win,nikuradse_2,0.26077557,0.14336348
28,gaussian_win_bfn,chemical_1_tower,0.5937443,0.56702286
28,gaussian_win_bfn,chemical_2_competition,-0.03465307,0.07785708
28,gaussian_win_bfn,flow_stress_phip0.1,0.45949614,0.47879016
28,gaussian_win_bfn,friction_dyn_one-hot,-0.01279414,0.49901438
28,gaussian_win_bfn,friction_stat_one-hot,0.14948076,0.078535736
28,gaussian_win_bfn,nasa_battery_1_10min,0.83750516,0.9486146
28,gaussian_win_bfn,nasa_battery_2_20min,0.8336793,0.813541
28,gaussian_win_bfn,nikuradse_1,0.86945385,0.9653982
28,gaussian_win_bfn,nikuradse_2,0.26077557,0.14336348
28,gaussian_win_bin,chemical_1_tower,0.5937443,0.56702286
28,gaussian_win_bin,chemical_2_competition,-0.03465307,0.07785708
28,gaussian_win_bin,flow_stress_phip0.1,0.45949614,0.47879016
28,gaussian_win_bin,friction_dyn_one-hot,-0.01279414,0.49901438
28,gaussian_win_bin,friction_stat_one-hot,0.14948076,0.078535736
28,gaussian_win_bin,nasa_battery_1_10min,0.83750516,0.9486146
28,gaussian_win_bin,nasa_battery_2_20min,0.8336793,0.813541
28,gaussian_win_bin,nikuradse_1,0.86945385,0.9653982
28,gaussian_win_bin,nikuradse_2,0.26077557,0.14336348
29,adam_wfn,chemical_1_tower,0.5629383,0.5422306
29,adam_wfn,chemical_2_competition,0.42544365,0.54298156
29,adam_wfn,flow_stress_phip0.1,0.98308456,0.984228
29,adam_wfn,friction_dyn_one-hot,0.17197001,0.36051434
29,adam_wfn,friction_stat_one-hot,-0.15104496,0.49200958
29,adam_wfn,nasa_battery_1_10min,0.4417907,0.9391359
29,adam_wfn,nasa_battery_2_20min,-0.04157221,0.072785854
29,adam_wfn,nikuradse_1,0.8247175,0.9054314
29,adam_wfn,nikuradse_2,0.2072432,0.17118686
29,adam_wfn_bfn,chemical_1_tower,0.5629383,0.5422306
29,adam_wfn_bfn,chemical_2_competition,0.42544365,0.54298156
29,adam_wfn_bfn,flow_stress_phip0.1,0.98308456,0.984228
29,adam_wfn_bfn,friction_dyn_one-hot,0.17197001,0.36051434
29,adam_wfn_bfn,friction_stat_one-hot,-0.15104496,0.49200958
29,adam_wfn_bfn,nasa_battery_1_10min,0.4417907,0.9391359
29,adam_wfn_bfn,nasa_battery_2_20min,-0.04157221,0.072785854
29,adam_wfn_bfn,nikuradse_1,0.8247175,0.9054314
29,adam_wfn_bfn,nikuradse_2,0.2072432,0.17118686
29,adam_wfn_bin,chemical_1_tower,0.5629383,0.5422306
29,adam_wfn_bin,chemical_2_competition,0.42544365,0.54298156
29,adam_wfn_bin,flow_stress_phip0.1,0.98308456,0.984228
29,adam_wfn_bin,friction_dyn_one-hot,0.17197001,0.36051434
29,adam_wfn_bin,friction_stat_one-hot,-0.15104496,0.49200958
29,adam_wfn_bin,nasa_battery_1_10min,0.4417907,0.9391359
29,adam_wfn_bin,nasa_battery_2_20min,-0.04157221,0.072785854
29,adam_wfn_bin,nikuradse_1,0.8247175,0.9054314
29,adam_wfn_bin,nikuradse_2,0.2072432,0.17118686
29,adam_win,chemical_1_tower,0.77622133,0.74947655
29,adam_win,chemical_2_competition,0.4947266,0.66384256
29,adam_win,flow_stress_phip0.1,0.99721426,0.9976637
29,adam_win,friction_dyn_one-hot,0.371211,0.60674065
29,adam_win,friction_stat_one-hot,0.11621153,0.60319054
29,adam_win,nasa_battery_1_10min,0.830571,0.92419267
29,adam_win,nasa_battery_2_20min,0.96820474,0.97102714
29,adam_win,nikuradse_1,0.7734517,0.8924349
29,adam_win,nikuradse_2,0.8095982,0.7599515
29,adam_win_bfn,chemical_1_tower,0.77622133,0.74947655
29,adam_win_bfn,chemical_2_competition,0.4947266,0.66384256
29,adam_win_bfn,flow_stress_phip0.1,0.99721426,0.9976637
29,adam_win_bfn,friction_dyn_one-hot,0.371211,0.60674065
29,adam_win_bfn,friction_stat_one-hot,0.11621153,0.60319054
29,adam_win_bfn,nasa_battery_1_10min,0.830571,0.92419267
29,adam_win_bfn,nasa_battery_2_20min,0.96820474,0.97102714
29,adam_win_bfn,nikuradse_1,0.7734517,0.8924349
29,adam_win_bfn,nikuradse_2,0.8095982,0.7599515
29,adam_win_bin,chemical_1_tower,0.77622133,0.74947655
29,adam_win_bin,chemical_2_competition,0.4947266,0.66384256
29,adam_win_bin,flow_stress_phip0.1,0.99721426,0.9976637
29,adam_win_bin,friction_dyn_one-hot,0.371211,0.60674065
29,adam_win_bin,friction_stat_one-hot,0.11621153,0.60319054
29,adam_win_bin,nasa_battery_1_10min,0.830571,0.92419267
29,adam_win_bin,nasa_battery_2_20min,0.96820474,0.97102714
29,adam_win_bin,nikuradse_1,0.7734517,0.8924349
29,adam_win_bin,nikuradse_2,0.8095982,0.7599515
29,gaussian_no,chemical_1_tower,0.62000537,0.6027593
29,gaussian_no,chemical_2_competition,0.16191822,0.12346989
29,gaussian_no,flow_stress_phip0.1,0.92452395,0.94505453
29,gaussian_no,friction_dyn_one-hot,0.6152102,0.7156236
29,gaussian_no,friction_stat_one-hot,0.64715236,0.6529286
29,gaussian_no,nasa_battery_1_10min,0.9537853,0.975162
29,gaussian_no,nasa_battery_2_20min,0.8368131,0.75980246
29,gaussian_no,nikuradse_1,0.861736,0.9658784
29,gaussian_no,nikuradse_2,0.8215164,0.85278916
29,gaussian_wfn,chemical_1_tower,0.37200266,0.33694685
29,gaussian_wfn,chemical_2_competition,0.05058599,0.10301125
29,gaussian_wfn,flow_stress_phip0.1,0.01977384,0.015564024
29,gaussian_wfn,friction_dyn_one-hot,-0.00560033,-1.1920929e-07
29,gaussian_wfn,friction_stat_one-hot,0.0425151,0.31237882
29,gaussian_wfn,nasa_battery_1_10min,0.7407877,0.9608981
29,gaussian_wfn,nasa_battery_2_20min,0.8164049,0.77393866
29,gaussian_wfn,nikuradse_1,-3.250627,0.9256735
29,gaussian_wfn,nikuradse_2,0.49877548,0.36663902
29,gaussian_wfn_bfn,chemical_1_tower,0.37200266,0.33694685
29,gaussian_wfn_bfn,chemical_2_competition,0.05058599,0.10301125
29,gaussian_wfn_bfn,flow_stress_phip0.1,0.01977384,0.015564024
29,gaussian_wfn_bfn,friction_dyn_one-hot,-0.00560033,-1.1920929e-07
29,gaussian_wfn_bfn,friction_stat_one-hot,0.0425151,0.31237882
29,gaussian_wfn_bfn,nasa_battery_1_10min,0.7407877,0.9608981
29,gaussian_wfn_bfn,nasa_battery_2_20min,0.8164049,0.77393866
29,gaussian_wfn_bfn,nikuradse_1,-3.250627,0.9256735
29,gaussian_wfn_bfn,nikuradse_2,0.49877548,0.36663902
29,gaussian_wfn_bin,chemical_1_tower,0.37200266,0.33694685
29,gaussian_wfn_bin,chemical_2_competition,0.05058599,0.10301125
29,gaussian_wfn_bin,flow_stress_phip0.1,0.01977384,0.015564024
29,gaussian_wfn_bin,friction_dyn_one-hot,-0.00560033,-1.1920929e-07
29,gaussian_wfn_bin,friction_stat_one-hot,0.0425151,0.31237882
29,gaussian_wfn_bin,nasa_battery_1_10min,0.7407877,0.9608981
29,gaussian_wfn_bin,nasa_battery_2_20min,0.8164049,0.77393866
29,gaussian_wfn_bin,nikuradse_1,-3.250627,0.9256735
29,gaussian_wfn_bin,nikuradse_2,0.49877548,0.36663902
29,gaussian_win,chemical_1_tower,0.48356378,0.43920314
29,gaussian_win,chemical_2_competition,0.02087331,0.12111431
29,gaussian_win,flow_stress_phip0.1,0.10077435,0.117783725
29,gaussian_win,friction_dyn_one-hot,0.10058337,0.518005
29,gaussian_win,friction_stat_one-hot,0.04948634,0.36749238
29,gaussian_win,nasa_battery_1_10min,0.6732364,0.8351701
29,gaussian_win,nasa_battery_2_20min,0.9075357,0.8886288
29,gaussian_win,nikuradse_1,0.82219094,0.9625827
29,gaussian_win,nikuradse_2,0.85569113,0.79810274
29,gaussian_win_bfn,chemical_1_tower,0.48356378,0.43920314
29,gaussian_win_bfn,chemical_2_competition,0.02087331,0.12111431
29,gaussian_win_bfn,flow_stress_phip0.1,0.10077435,0.117783725
29,gaussian_win_bfn,friction_dyn_one-hot,0.10058337,0.518005
29,gaussian_win_bfn,friction_stat_one-hot,0.04948634,0.36749238
29,gaussian_win_bfn,nasa_battery_1_10min,0.6732364,0.8351701
29,gaussian_win_bfn,nasa_battery_2_20min,0.9075357,0.8886288
29,gaussian_win_bfn,nikuradse_1,0.82219094,0.9625827
29,gaussian_win_bfn,nikuradse_2,0.85569113,0.79810274
29,gaussian_win_bin,chemical_1_tower,0.48356378,0.43920314
29,gaussian_win_bin,chemical_2_competition,0.02087331,0.12111431
29,gaussian_win_bin,flow_stress_phip0.1,0.10077435,0.117783725
29,gaussian_win_bin,friction_dyn_one-hot,0.10058337,0.518005
29,gaussian_win_bin,friction_stat_one-hot,0.04948634,0.36749238
29,gaussian_win_bin,nasa_battery_1_10min,0.6732364,0.8351701
29,gaussian_win_bin,nasa_battery_2_20min,0.9075357,0.8886288
29,gaussian_win_bin,nikuradse_1,0.82219094,0.9625827
29,gaussian_win_bin,nikuradse_2,0.85569113,0.79810274
0,adam_win_reopt,chemical_1_tower,0.83934414,0.8394576
0,gaussian_win_reopt,chemical_1_tower,0.4870414,0.4725297
0,CGP_win_reopt,chemical_1_tower,0.6223147,0.60854757
1,adam_win_reopt,chemical_1_tower,0.6757963,0.66721034
1,gaussian_win_reopt,chemical_1_tower,0.8017585,0.79254436
1,CGP_win_reopt,chemical_1_tower,0.6215681,0.61587334
2,adam_win_reopt,chemical_1_tower,0.81325245,0.80797565
2,gaussian_win_reopt,chemical_1_tower,0.4982707,0.47041374
2,CGP_win_reopt,chemical_1_tower,0.65374804,0.6496367
3,adam_win_reopt,chemical_1_tower,0.81160706,0.8140521
3,gaussian_win_reopt,chemical_1_tower,0.5978677,0.6234298
3,CGP_win_reopt,chemical_1_tower,0.61725605,0.5889118
4,adam_win_reopt,chemical_1_tower,0.77454567,0.7503582
4,gaussian_win_reopt,chemical_1_tower,0.5661007,0.56578547
4,CGP_win_reopt,chemical_1_tower,0.6562128,0.61997926
5,adam_win_reopt,chemical_1_tower,0.7766505,0.78119385
5,gaussian_win_reopt,chemical_1_tower,0.6465225,0.61346936
5,CGP_win_reopt,chemical_1_tower,0.6085326,0.5864674
6,adam_win_reopt,chemical_1_tower,0.6579771,0.6214687
6,gaussian_win_reopt,chemical_1_tower,0.5221919,0.5177265
6,CGP_win_reopt,chemical_1_tower,0.6290872,0.59100676
7,adam_win_reopt,chemical_1_tower,0.57366633,0.5652646
7,gaussian_win_reopt,chemical_1_tower,0.5242369,0.5392581
7,CGP_win_reopt,chemical_1_tower,0.67425454,0.65722084
8,adam_win_reopt,chemical_1_tower,0.822842,0.83577895
8,gaussian_win_reopt,chemical_1_tower,0.532742,0.5148468
8,CGP_win_reopt,chemical_1_tower,0.6890453,0.67176604
9,adam_win_reopt,chemical_1_tower,0.64804757,0.64354116
9,gaussian_win_reopt,chemical_1_tower,0.64933324,0.6180727
9,CGP_win_reopt,chemical_1_tower,0.7480235,0.72077775
10,adam_win_reopt,chemical_1_tower,0.754751,0.77683055
10,gaussian_win_reopt,chemical_1_tower,0.58019954,0.5859679
10,CGP_win_reopt,chemical_1_tower,0.62818736,0.5978744
11,adam_win_reopt,chemical_1_tower,0.74701023,0.73365664
11,gaussian_win_reopt,chemical_1_tower,0.7335315,0.6938764
11,CGP_win_reopt,chemical_1_tower,0.6729517,0.6418488
12,adam_win_reopt,chemical_1_tower,0.5583402,0.56346214
12,gaussian_win_reopt,chemical_1_tower,0.6663544,0.6506039
12,CGP_win_reopt,chemical_1_tower,0.60223585,0.58089995
13,adam_win_reopt,chemical_1_tower,0.850264,0.84985495
13,gaussian_win_reopt,chemical_1_tower,0.44221663,0.4260949
13,CGP_win_reopt,chemical_1_tower,0.60816884,0.5909467
14,adam_win_reopt,chemical_1_tower,0.82784224,0.8447615
14,gaussian_win_reopt,chemical_1_tower,0.6926853,0.6364496
14,CGP_win_reopt,chemical_1_tower,0.62160444,0.6092252
15,adam_win_reopt,chemical_1_tower,0.8106581,0.8115085
15,gaussian_win_reopt,chemical_1_tower,0.54998696,0.5450388
15,CGP_win_reopt,chemical_1_tower,0.5727881,0.5493314
16,adam_win_reopt,chemical_1_tower,0.6770649,0.6985271
16,gaussian_win_reopt,chemical_1_tower,0.5071618,0.46214944
16,CGP_win_reopt,chemical_1_tower,0.6370116,0.65547085
17,adam_win_reopt,chemical_1_tower,0.6056462,0.61738145
17,gaussian_win_reopt,chemical_1_tower,0.6071509,0.59650326
17,CGP_win_reopt,chemical_1_tower,0.595834,0.5881258
18,adam_win_reopt,chemical_1_tower,0.7712711,0.7633998
18,gaussian_win_reopt,chemical_1_tower,0.6495033,0.6046839
18,CGP_win_reopt,chemical_1_tower,0.64798903,0.6367295
19,adam_win_reopt,chemical_1_tower,0.6183112,0.607561
19,gaussian_win_reopt,chemical_1_tower,0.5356853,0.50372577
19,CGP_win_reopt,chemical_1_tower,0.5736978,0.545434
20,adam_win_reopt,chemical_1_tower,0.659997,0.61273825
20,gaussian_win_reopt,chemical_1_tower,0.5256376,0.48492104
20,CGP_win_reopt,chemical_1_tower,0.6900704,0.6723635
21,adam_win_reopt,chemical_1_tower,0.7005154,0.7066432
21,gaussian_win_reopt,chemical_1_tower,0.5331222,0.51742893
21,CGP_win_reopt,chemical_1_tower,0.6378081,0.6415782
22,adam_win_reopt,chemical_1_tower,0.74689734,0.7187787
22,gaussian_win_reopt,chemical_1_tower,0.5436702,0.49721688
22,CGP_win_reopt,chemical_1_tower,0.7015481,0.6740973
23,adam_win_reopt,chemical_1_tower,0.5205952,0.5271026
23,gaussian_win_reopt,chemical_1_tower,0.725583,0.70243955
23,CGP_win_reopt,chemical_1_tower,0.6337388,0.6448821
24,adam_win_reopt,chemical_1_tower,0.48297513,0.49847615
24,gaussian_win_reopt,chemical_1_tower,0.53957665,0.49658877
24,CGP_win_reopt,chemical_1_tower,0.67098486,0.6164944
25,adam_win_reopt,chemical_1_tower,0.6715801,0.6637149
25,gaussian_win_reopt,chemical_1_tower,0.5283147,0.49740458
25,CGP_win_reopt,chemical_1_tower,0.632779,0.61523557
26,adam_win_reopt,chemical_1_tower,0.55893534,0.53789485
26,gaussian_win_reopt,chemical_1_tower,0.59458065,0.55280113
26,CGP_win_reopt,chemical_1_tower,0.60967183,0.58323056
27,adam_win_reopt,chemical_1_tower,0.7988817,0.7844675
27,gaussian_win_reopt,chemical_1_tower,0.6070685,0.60084844
27,CGP_win_reopt,chemical_1_tower,0.61265653,0.59562606
28,adam_win_reopt,chemical_1_tower,0.75202507,0.7522905
28,gaussian_win_reopt,chemical_1_tower,0.61253774,0.574559
28,CGP_win_reopt,chemical_1_tower,0.6142937,0.6014222
29,adam_win_reopt,chemical_1_tower,0.779059,0.7511604
29,gaussian_win_reopt,chemical_1_tower,0.4851513,0.45270902
29,CGP_win_reopt,chemical_1_tower,0.67188305,0.65478957
0,adam_win_reopt,chemical_2_competition,0.21611989,0.29216146
0,gaussian_win_reopt,chemical_2_competition,0.28096867,0.3327468
0,CGP_win_reopt,chemical_2_competition,0.0060279965,0.052396953
1,adam_win_reopt,chemical_2_competition,0.3141619,0.6374872
1,gaussian_win_reopt,chemical_2_competition,0.10250634,0.17587811
1,CGP_win_reopt,chemical_2_competition,0.011904538,0.0522362
2,adam_win_reopt,chemical_2_competition,0.4816997,0.6420431
2,gaussian_win_reopt,chemical_2_competition,0.041273355,0.078035355
2,CGP_win_reopt,chemical_2_competition,0.14827985,0.31995678
3,adam_win_reopt,chemical_2_competition,0.26489645,0.21780044
3,gaussian_win_reopt,chemical_2_competition,-0.04291427,0.31369972
3,CGP_win_reopt,chemical_2_competition,0.04333353,0.11873585
4,adam_win_reopt,chemical_2_competition,0.018361688,0.42331737
4,gaussian_win_reopt,chemical_2_competition,0.0076144338,0.06734562
4,CGP_win_reopt,chemical_2_competition,0.030957162,0.34404236
5,adam_win_reopt,chemical_2_competition,0.4153297,0.5173874
5,gaussian_win_reopt,chemical_2_competition,-0.004647374,0.05856967
5,CGP_win_reopt,chemical_2_competition,0.006381452,0.052596748
6,adam_win_reopt,chemical_2_competition,0.022378683,0.4233994
6,gaussian_win_reopt,chemical_2_competition,0.00519228,0.07203555
6,CGP_win_reopt,chemical_2_competition,0.020760775,0.055801272
7,adam_win_reopt,chemical_2_competition,0.49938983,0.34739202
7,gaussian_win_reopt,chemical_2_competition,0.035984278,0.07870418
7,CGP_win_reopt,chemical_2_competition,0.1132164,0.10440904
8,adam_win_reopt,chemical_2_competition,-0.05347371,0.3393395
8,gaussian_win_reopt,chemical_2_competition,0.02338785,0.12291229
8,CGP_win_reopt,chemical_2_competition,0.013632238,0.051819086
9,adam_win_reopt,chemical_2_competition,-0.7956883,0.5868741
9,gaussian_win_reopt,chemical_2_competition,0.22191042,0.16631961
9,CGP_win_reopt,chemical_2_competition,-0.09827316,0.036165476
10,adam_win_reopt,chemical_2_competition,-0.037133574,0.44279683
10,gaussian_win_reopt,chemical_2_competition,0.0062580705,0.12340927
10,CGP_win_reopt,chemical_2_competition,-0.033562183,0.14135772
11,adam_win_reopt,chemical_2_competition,-0.012611866,0.14849651
11,gaussian_win_reopt,chemical_2_competition,0.038543165,0.078642905
11,CGP_win_reopt,chemical_2_competition,0.06517607,0.093399525
12,adam_win_reopt,chemical_2_competition,-0.05311048,0.57639885
12,gaussian_win_reopt,chemical_2_competition,-0.059485555,0.19970077
12,CGP_win_reopt,chemical_2_competition,0.20166957,0.14767766
13,adam_win_reopt,chemical_2_competition,0.45353556,0.5181624
13,gaussian_win_reopt,chemical_2_competition,0.0038616657,0.04899025
13,CGP_win_reopt,chemical_2_competition,0.008405149,0.05262655
14,adam_win_reopt,chemical_2_competition,0.19772172,0.16525179
14,gaussian_win_reopt,chemical_2_competition,0.016100764,0.08168048
14,CGP_win_reopt,chemical_2_competition,0.10995108,0.11395419
15,adam_win_reopt,chemical_2_competition,0.03362578,0.31270587
15,gaussian_win_reopt,chemical_2_competition,0.38850158,0.23948324
15,CGP_win_reopt,chemical_2_competition,0.0688774,0.14106262
16,adam_win_reopt,chemical_2_competition,0.13114834,0.4742316
16,gaussian_win_reopt,chemical_2_competition,0.00886631,0.39970005
16,CGP_win_reopt,chemical_2_competition,0.027101278,0.055443406
17,adam_win_reopt,chemical_2_competition,0.593941,0.5562968
17,gaussian_win_reopt,chemical_2_competition,0.042583287,0.47305518
17,CGP_win_reopt,chemical_2_competition,0.049396038,0.097361684
18,adam_win_reopt,chemical_2_competition,-0.01181972,0.28139377
18,gaussian_win_reopt,chemical_2_competition,-0.0097875595,0.05739367
18,CGP_win_reopt,chemical_2_competition,-0.11440158,0.45167488
19,adam_win_reopt,chemical_2_competition,-0.051793575,0.52444303
19,gaussian_win_reopt,chemical_2_competition,-0.06858683,0.29163826
19,CGP_win_reopt,chemical_2_competition,0.0061423182,0.052479684
20,adam_win_reopt,chemical_2_competition,0.14276361,0.5904224
20,gaussian_win_reopt,chemical_2_competition,0.04906559,0.0795055
20,CGP_win_reopt,chemical_2_competition,0.07044107,0.136451
21,adam_win_reopt,chemical_2_competition,0.025161505,0.42322713
21,gaussian_win_reopt,chemical_2_competition,0.1329751,0.16380167
21,CGP_win_reopt,chemical_2_competition,-0.09324467,0.036216497
22,adam_win_reopt,chemical_2_competition,0.495457,0.4349422
22,gaussian_win_reopt,chemical_2_competition,-0.12221694,0.10611993
22,CGP_win_reopt,chemical_2_competition,0.19970775,0.20698619
23,adam_win_reopt,chemical_2_competition,-0.07922006,0.59816825
23,gaussian_win_reopt,chemical_2_competition,0.5264056,0.4165697
23,CGP_win_reopt,chemical_2_competition,0.15140653,0.2017901
24,adam_win_reopt,chemical_2_competition,-0.0143015385,0.17485541
24,gaussian_win_reopt,chemical_2_competition,-0.009993911,0.024597645
24,CGP_win_reopt,chemical_2_competition,-0.015863895,0.20274168
25,adam_win_reopt,chemical_2_competition,0.02644056,0.39544058
25,gaussian_win_reopt,chemical_2_competition,0.4608205,0.40317076
25,CGP_win_reopt,chemical_2_competition,0.14879555,0.16342932
26,adam_win_reopt,chemical_2_competition,0.55300474,0.6486244
26,gaussian_win_reopt,chemical_2_competition,0.03727287,0.07872254
26,CGP_win_reopt,chemical_2_competition,0.033661783,0.18986267
27,adam_win_reopt,chemical_2_competition,0.01769203,0.5323942
27,gaussian_win_reopt,chemical_2_competition,0.050239205,0.07939619
27,CGP_win_reopt,chemical_2_competition,0.030265093,0.09063214
28,adam_win_reopt,chemical_2_competition,0.44734722,0.62105644
28,gaussian_win_reopt,chemical_2_competition,-0.021249533,0.13676387
28,CGP_win_reopt,chemical_2_competition,0.012125492,0.09935731
29,adam_win_reopt,chemical_2_competition,0.4947266,0.66384256
29,gaussian_win_reopt,chemical_2_competition,0.01939565,0.123199165
29,CGP_win_reopt,chemical_2_competition,0.2006849,0.1475848
0,adam_win_reopt,friction_dyn_one-hot,0.803289,0.8745896
0,gaussian_win_reopt,friction_dyn_one-hot,0.587455,0.72256756
0,CGP_win_reopt,friction_dyn_one-hot,-0.29289246,0.64931494
1,adam_win_reopt,friction_dyn_one-hot,0.7387253,0.8117508
1,gaussian_win_reopt,friction_dyn_one-hot,0.028823793,0.5228449
1,CGP_win_reopt,friction_dyn_one-hot,0.4430502,0.59905386
2,adam_win_reopt,friction_dyn_one-hot,-0.36922598,0.3926844
2,gaussian_win_reopt,friction_dyn_one-hot,0.24757868,0.56154555
2,CGP_win_reopt,friction_dyn_one-hot,0.055931747,0.5213093
3,adam_win_reopt,friction_dyn_one-hot,0.5201111,0.71508604
3,gaussian_win_reopt,friction_dyn_one-hot,0.46776843,0.72441703
3,CGP_win_reopt,friction_dyn_one-hot,0.6289534,0.7651255
4,adam_win_reopt,friction_dyn_one-hot,0.6879739,0.8137194
4,gaussian_win_reopt,friction_dyn_one-hot,-0.00864768,0.49550658
4,CGP_win_reopt,friction_dyn_one-hot,-0.023174763,0.37675697
5,adam_win_reopt,friction_dyn_one-hot,-0.01115942,0.49621642
5,gaussian_win_reopt,friction_dyn_one-hot,-0.017192125,0.49793172
5,CGP_win_reopt,friction_dyn_one-hot,0.12788641,0.58966404
6,adam_win_reopt,friction_dyn_one-hot,0.7737867,0.85621315
6,gaussian_win_reopt,friction_dyn_one-hot,0.17280358,0.5502411
6,CGP_win_reopt,friction_dyn_one-hot,-0.021631598,0.49557197
7,adam_win_reopt,friction_dyn_one-hot,-0.016334295,0.50239474
7,gaussian_win_reopt,friction_dyn_one-hot,0.15292543,0.5290808
7,CGP_win_reopt,friction_dyn_one-hot,0.59451985,0.75166994
8,adam_win_reopt,friction_dyn_one-hot,0.6490431,0.7877325
8,gaussian_win_reopt,friction_dyn_one-hot,-0.03049481,0.42262524
8,CGP_win_reopt,friction_dyn_one-hot,0.42597705,0.6391264
9,adam_win_reopt,friction_dyn_one-hot,0.8339392,0.88589853
9,gaussian_win_reopt,friction_dyn_one-hot,-0.066646814,0.4770013
9,CGP_win_reopt,friction_dyn_one-hot,0.020482898,0.517207
10,adam_win_reopt,friction_dyn_one-hot,0.7075981,0.81130296
10,gaussian_win_reopt,friction_dyn_one-hot,-0.05803144,0.4218334
10,CGP_win_reopt,friction_dyn_one-hot,0.2962728,0.6356698
11,adam_win_reopt,friction_dyn_one-hot,0.028505027,0.51946926
11,gaussian_win_reopt,friction_dyn_one-hot,0.46421587,0.66880304
11,CGP_win_reopt,friction_dyn_one-hot,0.60917705,0.76546216
12,adam_win_reopt,friction_dyn_one-hot,-0.013815522,0.48422587
12,gaussian_win_reopt,friction_dyn_one-hot,-0.047461987,0.4143533
12,CGP_win_reopt,friction_dyn_one-hot,0.41531008,0.62886834
13,adam_win_reopt,friction_dyn_one-hot,0.092626095,0.51664376
13,gaussian_win_reopt,friction_dyn_one-hot,-0.0051552057,-5.2452087e-06
13,CGP_win_reopt,friction_dyn_one-hot,0.64038956,0.79179573
14,adam_win_reopt,friction_dyn_one-hot,0.48665023,0.7026589
14,gaussian_win_reopt,friction_dyn_one-hot,0.0045711994,0.5144583
14,CGP_win_reopt,friction_dyn_one-hot,0.07292789,0.5300264
15,adam_win_reopt,friction_dyn_one-hot,0.010497808,0.50951165
15,gaussian_win_reopt,friction_dyn_one-hot,0.15895754,0.39056808
15,CGP_win_reopt,friction_dyn_one-hot,-0.032630444,0.43139446
16,adam_win_reopt,friction_dyn_one-hot,0.6451852,0.8407109
16,gaussian_win_reopt,friction_dyn_one-hot,-0.13742173,0.38223833
16,CGP_win_reopt,friction_dyn_one-hot,0.22192204,0.4108917
17,adam_win_reopt,friction_dyn_one-hot,0.39215505,0.6083443
17,gaussian_win_reopt,friction_dyn_one-hot,-0.0010813475,0.5057483
17,CGP_win_reopt,friction_dyn_one-hot,0.6912761,0.7584195
18,adam_win_reopt,friction_dyn_one-hot,-0.026126742,0.44914788
18,gaussian_win_reopt,friction_dyn_one-hot,0.086936176,0.5194263
18,CGP_win_reopt,friction_dyn_one-hot,0.1833064,0.6257051
19,adam_win_reopt,friction_dyn_one-hot,0.755268,0.8515018
19,gaussian_win_reopt,friction_dyn_one-hot,0.17949182,0.57707036
19,CGP_win_reopt,friction_dyn_one-hot,0.5717416,0.7601086
20,adam_win_reopt,friction_dyn_one-hot,0.7124719,0.8240429
20,gaussian_win_reopt,friction_dyn_one-hot,0.15705496,0.5225534
20,CGP_win_reopt,friction_dyn_one-hot,0.4994704,0.7509129
21,adam_win_reopt,friction_dyn_one-hot,0.7578164,0.83486176
21,gaussian_win_reopt,friction_dyn_one-hot,-0.005170107,-4.7683716e-06
21,CGP_win_reopt,friction_dyn_one-hot,0.015908241,0.52159023
22,adam_win_reopt,friction_dyn_one-hot,0.77531826,0.8726566
22,gaussian_win_reopt,friction_dyn_one-hot,-0.16780436,0.39276445
22,CGP_win_reopt,friction_dyn_one-hot,0.7429848,0.77061045
23,adam_win_reopt,friction_dyn_one-hot,-0.07046795,0.42048246
23,gaussian_win_reopt,friction_dyn_one-hot,0.03157991,0.50907195
23,CGP_win_reopt,friction_dyn_one-hot,0.6070496,0.7503108
24,adam_win_reopt,friction_dyn_one-hot,0.052042365,0.5202734
24,gaussian_win_reopt,friction_dyn_one-hot,-0.009549856,0.39872295
24,CGP_win_reopt,friction_dyn_one-hot,0.19179708,0.11735308
25,adam_win_reopt,friction_dyn_one-hot,-0.071798444,0.3924309
25,gaussian_win_reopt,friction_dyn_one-hot,0.18512481,0.11946297
25,CGP_win_reopt,friction_dyn_one-hot,0.59659374,0.81002337
26,adam_win_reopt,friction_dyn_one-hot,0.5096735,0.6923508
26,gaussian_win_reopt,friction_dyn_one-hot,0.48000145,0.67958844
26,CGP_win_reopt,friction_dyn_one-hot,0.6856845,0.7865548
27,adam_win_reopt,friction_dyn_one-hot,0.7198212,0.8220412
27,gaussian_win_reopt,friction_dyn_one-hot,0.6387763,0.7959196
27,CGP_win_reopt,friction_dyn_one-hot,0.7178588,0.78833246
28,adam_win_reopt,friction_dyn_one-hot,-0.037184358,0.4315297
28,gaussian_win_reopt,friction_dyn_one-hot,-0.012794137,0.49901438
28,CGP_win_reopt,friction_dyn_one-hot,0.7790396,0.8452772
29,adam_win_reopt,friction_dyn_one-hot,0.3737986,0.6071565
29,gaussian_win_reopt,friction_dyn_one-hot,0.042626858,0.51630193
29,CGP_win_reopt,friction_dyn_one-hot,0.659265,0.7604468
0,adam_win_reopt,friction_stat_one-hot,0.116161525,0.5050479
0,gaussian_win_reopt,friction_stat_one-hot,-0.0087246895,0.5249182
0,CGP_win_reopt,friction_stat_one-hot,0.04342246,0.5861626
1,adam_win_reopt,friction_stat_one-hot,0.0014987588,0.52623594
1,gaussian_win_reopt,friction_stat_one-hot,0.23414898,0.5590708
1,CGP_win_reopt,friction_stat_one-hot,0.3135478,0.43283635
2,adam_win_reopt,friction_stat_one-hot,0.54607415,0.7196139
2,gaussian_win_reopt,friction_stat_one-hot,0.3231117,0.5349226
2,CGP_win_reopt,friction_stat_one-hot,-0.055729747,0.51038575
3,adam_win_reopt,friction_stat_one-hot,0.14649254,0.64901245
3,gaussian_win_reopt,friction_stat_one-hot,0.015066862,0.5354415
3,CGP_win_reopt,friction_stat_one-hot,0.06518328,0.5911243
4,adam_win_reopt,friction_stat_one-hot,-0.077317,0.513004
4,gaussian_win_reopt,friction_stat_one-hot,-0.061102152,0.5047121
4,CGP_win_reopt,friction_stat_one-hot,0.14131391,0.08336067
5,adam_win_reopt,friction_stat_one-hot,0.35703778,0.53903025
5,gaussian_win_reopt,friction_stat_one-hot,-0.024902701,0.52521235
5,CGP_win_reopt,friction_stat_one-hot,-0.052769184,0.51455176
6,adam_win_reopt,friction_stat_one-hot,0.5743152,0.50731117
6,gaussian_win_reopt,friction_stat_one-hot,0.15362829,0.08884841
6,CGP_win_reopt,friction_stat_one-hot,-0.088517666,0.5236763
7,adam_win_reopt,friction_stat_one-hot,0.74078786,0.7621955
7,gaussian_win_reopt,friction_stat_one-hot,-0.024156809,0.51993996
7,CGP_win_reopt,friction_stat_one-hot,-0.16319847,0.48276383
8,adam_win_reopt,friction_stat_one-hot,0.71974015,0.7951598
8,gaussian_win_reopt,friction_stat_one-hot,0.043009162,0.5199146
8,CGP_win_reopt,friction_stat_one-hot,-0.03849399,0.5295165
9,adam_win_reopt,friction_stat_one-hot,0.053563774,0.039022505
9,gaussian_win_reopt,friction_stat_one-hot,0.13940138,0.07751584
9,CGP_win_reopt,friction_stat_one-hot,0.18092239,0.6318672
10,adam_win_reopt,friction_stat_one-hot,0.77561915,0.81309676
10,gaussian_win_reopt,friction_stat_one-hot,-0.109264374,0.46550125
10,CGP_win_reopt,friction_stat_one-hot,-0.08916271,0.51158994
11,adam_win_reopt,friction_stat_one-hot,0.7274816,0.787174
11,gaussian_win_reopt,friction_stat_one-hot,0.16509366,0.30175668
11,CGP_win_reopt,friction_stat_one-hot,0.053539872,0.5996338
12,adam_win_reopt,friction_stat_one-hot,0.35655105,0.46912968
12,gaussian_win_reopt,friction_stat_one-hot,-0.07880902,0.4914022
12,CGP_win_reopt,friction_stat_one-hot,0.14895374,0.62306106
13,adam_win_reopt,friction_stat_one-hot,0.81923693,0.78003156
13,gaussian_win_reopt,friction_stat_one-hot,-0.020604491,0.50447905
13,CGP_win_reopt,friction_stat_one-hot,0.10938513,0.6360671
14,adam_win_reopt,friction_stat_one-hot,0.13565737,0.6376064
14,gaussian_win_reopt,friction_stat_one-hot,0.21604395,0.6065633
14,CGP_win_reopt,friction_stat_one-hot,-0.13508916,0.45606154
15,adam_win_reopt,friction_stat_one-hot,-0.06993961,0.5124626
15,gaussian_win_reopt,friction_stat_one-hot,-0.062331557,0.51361215
15,CGP_win_reopt,friction_stat_one-hot,0.10250008,0.5918242
16,adam_win_reopt,friction_stat_one-hot,0.5819012,0.7119984
16,gaussian_win_reopt,friction_stat_one-hot,0.121329725,0.1877923
16,CGP_win_reopt,friction_stat_one-hot,0.030480087,0.53075767
17,adam_win_reopt,friction_stat_one-hot,-0.013844252,0.52733755
17,gaussian_win_reopt,friction_stat_one-hot,0.32649934,0.4502896
17,CGP_win_reopt,friction_stat_one-hot,-0.1286143,0.4807204
18,adam_win_reopt,friction_stat_one-hot,0.7393093,0.7968215
18,gaussian_win_reopt,friction_stat_one-hot,-0.0028210878,-1.4305115e-06
18,CGP_win_reopt,friction_stat_one-hot,0.052534997,0.5725908
19,adam_win_reopt,friction_stat_one-hot,0.14220428,0.60553074
19,gaussian_win_reopt,friction_stat_one-hot,-0.0024001598,-2.0742416e-05
19,CGP_win_reopt,friction_stat_one-hot,0.0025783777,0.528888
20,adam_win_reopt,friction_stat_one-hot,0.5337276,0.7017857
20,gaussian_win_reopt,friction_stat_one-hot,0.066667974,0.46962446
20,CGP_win_reopt,friction_stat_one-hot,0.13994205,0.6328739
21,adam_win_reopt,friction_stat_one-hot,0.07497722,0.6064136
21,gaussian_win_reopt,friction_stat_one-hot,-0.011508822,0.51778364
21,CGP_win_reopt,friction_stat_one-hot,0.13025492,0.60035133
22,adam_win_reopt,friction_stat_one-hot,-0.16069984,0.49215275
22,gaussian_win_reopt,friction_stat_one-hot,-0.035651922,0.52239156
22,CGP_win_reopt,friction_stat_one-hot,0.16095877,0.6003976
23,adam_win_reopt,friction_stat_one-hot,0.5099132,0.69320226
23,gaussian_win_reopt,friction_stat_one-hot,-0.071251035,0.5103781
23,CGP_win_reopt,friction_stat_one-hot,0.080174804,0.4751191
24,adam_win_reopt,friction_stat_one-hot,0.20115036,0.64349306
24,gaussian_win_reopt,friction_stat_one-hot,-0.06887615,0.50170875
24,CGP_win_reopt,friction_stat_one-hot,-0.11543417,0.44488013
25,adam_win_reopt,friction_stat_one-hot,0.7044498,0.7921394
25,gaussian_win_reopt,friction_stat_one-hot,0.077530265,0.029037058
25,CGP_win_reopt,friction_stat_one-hot,0.0794664,0.6095388
26,adam_win_reopt,friction_stat_one-hot,0.0710035,0.59090316
26,gaussian_win_reopt,friction_stat_one-hot,-0.015277386,0.53878
26,CGP_win_reopt,friction_stat_one-hot,0.14987564,0.6555248
27,adam_win_reopt,friction_stat_one-hot,0.6162832,0.7271949
27,gaussian_win_reopt,friction_stat_one-hot,0.3316421,0.47560537
27,CGP_win_reopt,friction_stat_one-hot,0.020721376,0.5717076
28,adam_win_reopt,friction_stat_one-hot,0.013387859,0.52510756
28,gaussian_win_reopt,friction_stat_one-hot,0.14756233,0.08762163
28,CGP_win_reopt,friction_stat_one-hot,-0.020354867,0.55510706
29,adam_win_reopt,friction_stat_one-hot,0.1123839,0.6019166
29,gaussian_win_reopt,friction_stat_one-hot,-0.07783556,0.51293975
29,CGP_win_reopt,friction_stat_one-hot,0.6343323,0.6782446
0,adam_win_reopt,nasa_battery_1_10min,0.83708745,0.9607583
0,gaussian_win_reopt,nasa_battery_1_10min,0.857659,0.9427198
0,CGP_win_reopt,nasa_battery_1_10min,0.89726317,0.98651236
1,adam_win_reopt,nasa_battery_1_10min,0.94682306,0.9865298
1,gaussian_win_reopt,nasa_battery_1_10min,0.828957,0.81123614
1,CGP_win_reopt,nasa_battery_1_10min,0.9629489,0.9876901
2,adam_win_reopt,nasa_battery_1_10min,0.7165737,0.8542907
2,gaussian_win_reopt,nasa_battery_1_10min,0.8224117,0.8938548
2,CGP_win_reopt,nasa_battery_1_10min,0.88395786,0.95898247
3,adam_win_reopt,nasa_battery_1_10min,0.32043612,0.9419404
3,gaussian_win_reopt,nasa_battery_1_10min,0.741044,0.9136267
3,CGP_win_reopt,nasa_battery_1_10min,0.9426005,0.97964084
4,adam_win_reopt,nasa_battery_1_10min,0.85323155,0.96237767
4,gaussian_win_reopt,nasa_battery_1_10min,0.92983925,0.965447
4,CGP_win_reopt,nasa_battery_1_10min,0.96524906,0.9849122
5,adam_win_reopt,nasa_battery_1_10min,0.87762725,0.9857826
5,gaussian_win_reopt,nasa_battery_1_10min,0.4168082,0.86539084
5,CGP_win_reopt,nasa_battery_1_10min,0.991426,0.98896354
6,adam_win_reopt,nasa_battery_1_10min,0.92919517,0.9849846
6,gaussian_win_reopt,nasa_battery_1_10min,0.7401117,0.9137773
6,CGP_win_reopt,nasa_battery_1_10min,0.92186856,0.98845387
7,adam_win_reopt,nasa_battery_1_10min,0.8605467,0.98090935
7,gaussian_win_reopt,nasa_battery_1_10min,0.8672633,0.94257134
7,CGP_win_reopt,nasa_battery_1_10min,0.90809125,0.98145086
8,adam_win_reopt,nasa_battery_1_10min,0.8489004,0.9506454
8,gaussian_win_reopt,nasa_battery_1_10min,0.7439202,0.9132926
8,CGP_win_reopt,nasa_battery_1_10min,0.89271075,0.9805897
9,adam_win_reopt,nasa_battery_1_10min,0.9571421,0.92581445
9,gaussian_win_reopt,nasa_battery_1_10min,0.27685505,0.95837456
9,CGP_win_reopt,nasa_battery_1_10min,0.86963236,0.9853667
10,adam_win_reopt,nasa_battery_1_10min,0.63976526,0.9664553
10,gaussian_win_reopt,nasa_battery_1_10min,0.92510146,0.89343756
10,CGP_win_reopt,nasa_battery_1_10min,0.7987663,0.97606987
11,adam_win_reopt,nasa_battery_1_10min,0.5247741,0.929105
11,gaussian_win_reopt,nasa_battery_1_10min,0.77896893,0.9479146
11,CGP_win_reopt,nasa_battery_1_10min,0.9710098,0.98745376
12,adam_win_reopt,nasa_battery_1_10min,0.16110557,0.92835
12,gaussian_win_reopt,nasa_battery_1_10min,0.8530788,0.9548749
12,CGP_win_reopt,nasa_battery_1_10min,0.9763026,0.9909443
13,adam_win_reopt,nasa_battery_1_10min,0.92823243,0.98870564
13,gaussian_win_reopt,nasa_battery_1_10min,0.1700216,0.90985805
13,CGP_win_reopt,nasa_battery_1_10min,0.889329,0.9816026
14,adam_win_reopt,nasa_battery_1_10min,0.60807705,0.5251113
14,gaussian_win_reopt,nasa_battery_1_10min,0.88416606,0.82869184
14,CGP_win_reopt,nasa_battery_1_10min,0.42161584,0.9168388
15,adam_win_reopt,nasa_battery_1_10min,0.93834543,0.9726182
15,gaussian_win_reopt,nasa_battery_1_10min,0.84686965,0.9721459
15,CGP_win_reopt,nasa_battery_1_10min,0.965929,0.9894729
16,adam_win_reopt,nasa_battery_1_10min,0.9169886,0.9875459
16,gaussian_win_reopt,nasa_battery_1_10min,0.92087156,0.9616158
16,CGP_win_reopt,nasa_battery_1_10min,0.671826,0.96858037
17,adam_win_reopt,nasa_battery_1_10min,0.8170716,0.96245563
17,gaussian_win_reopt,nasa_battery_1_10min,0.9028287,0.8845604
17,CGP_win_reopt,nasa_battery_1_10min,0.7661426,0.9601652
18,adam_win_reopt,nasa_battery_1_10min,0.9018254,0.87521595
18,gaussian_win_reopt,nasa_battery_1_10min,0.78610027,0.9557134
18,CGP_win_reopt,nasa_battery_1_10min,0.97677135,0.9880521
19,adam_win_reopt,nasa_battery_1_10min,0.96924525,0.86148345
19,gaussian_win_reopt,nasa_battery_1_10min,0.86817145,0.8999248
19,CGP_win_reopt,nasa_battery_1_10min,0.787388,0.98451567
20,adam_win_reopt,nasa_battery_1_10min,-1.7105086,0.7948688
20,gaussian_win_reopt,nasa_battery_1_10min,0.94379777,0.91726625
20,CGP_win_reopt,nasa_battery_1_10min,0.92808336,0.98620015
21,adam_win_reopt,nasa_battery_1_10min,0.39001644,0.9074042
21,gaussian_win_reopt,nasa_battery_1_10min,-0.5078409,0.4997635
21,CGP_win_reopt,nasa_battery_1_10min,0.7751521,0.90547025
22,adam_win_reopt,nasa_battery_1_10min,0.9207282,0.9449672
22,gaussian_win_reopt,nasa_battery_1_10min,0.88435614,0.9660602
22,CGP_win_reopt,nasa_battery_1_10min,0.657075,0.98210377
23,adam_win_reopt,nasa_battery_1_10min,0.7076999,0.98346734
23,gaussian_win_reopt,nasa_battery_1_10min,0.71940345,0.9519742
23,CGP_win_reopt,nasa_battery_1_10min,0.96093595,0.9847429
24,adam_win_reopt,nasa_battery_1_10min,0.7697059,0.9144789
24,gaussian_win_reopt,nasa_battery_1_10min,0.64762247,0.9456099
24,CGP_win_reopt,nasa_battery_1_10min,0.88270897,0.96357214
25,adam_win_reopt,nasa_battery_1_10min,0.8836801,0.9882687
25,gaussian_win_reopt,nasa_battery_1_10min,0.8207735,0.9026609
25,CGP_win_reopt,nasa_battery_1_10min,0.9639642,0.98190665
26,adam_win_reopt,nasa_battery_1_10min,0.90721786,0.96401507
26,gaussian_win_reopt,nasa_battery_1_10min,0.8775563,0.96208584
26,CGP_win_reopt,nasa_battery_1_10min,0.9077272,0.98709893
27,adam_win_reopt,nasa_battery_1_10min,0.6961845,0.91181296
27,gaussian_win_reopt,nasa_battery_1_10min,0.7618971,0.95615816
27,CGP_win_reopt,nasa_battery_1_10min,0.8984361,0.9794287
28,adam_win_reopt,nasa_battery_1_10min,0.8708913,0.9678015
28,gaussian_win_reopt,nasa_battery_1_10min,0.7788141,0.95371354
28,CGP_win_reopt,nasa_battery_1_10min,0.9332092,0.98491895
29,adam_win_reopt,nasa_battery_1_10min,0.830571,0.92419267
29,gaussian_win_reopt,nasa_battery_1_10min,0.7496134,0.96344686
29,CGP_win_reopt,nasa_battery_1_10min,0.97172993,0.98998976
0,adam_win_reopt,nasa_battery_2_20min,0.9830066,0.97293925
0,gaussian_win_reopt,nasa_battery_2_20min,0.87666297,0.81573427
0,CGP_win_reopt,nasa_battery_2_20min,0.9611896,0.97346765
1,adam_win_reopt,nasa_battery_2_20min,0.9680018,0.95078856
1,gaussian_win_reopt,nasa_battery_2_20min,-0.033860803,0.5874343
1,CGP_win_reopt,nasa_battery_2_20min,0.9864643,0.9691587
2,adam_win_reopt,nasa_battery_2_20min,0.97880346,0.98795706
2,gaussian_win_reopt,nasa_battery_2_20min,0.9595907,0.9533957
2,CGP_win_reopt,nasa_battery_2_20min,0.9569765,0.9631102
3,adam_win_reopt,nasa_battery_2_20min,0.5425607,0.49322855
3,gaussian_win_reopt,nasa_battery_2_20min,0.5453811,0.49318206
3,CGP_win_reopt,nasa_battery_2_20min,0.92911756,0.9625794
4,adam_win_reopt,nasa_battery_2_20min,0.57617986,0.6687118
4,gaussian_win_reopt,nasa_battery_2_20min,0.8851134,0.8515668
4,CGP_win_reopt,nasa_battery_2_20min,0.9201927,0.9165728
5,adam_win_reopt,nasa_battery_2_20min,0.77058226,0.73747635
5,gaussian_win_reopt,nasa_battery_2_20min,0.82848763,0.7833597
5,CGP_win_reopt,nasa_battery_2_20min,0.9794416,0.9786148
6,adam_win_reopt,nasa_battery_2_20min,0.9672067,0.9630617
6,gaussian_win_reopt,nasa_battery_2_20min,0.93629825,0.87725097
6,CGP_win_reopt,nasa_battery_2_20min,0.9711778,0.9752844
7,adam_win_reopt,nasa_battery_2_20min,0.978651,0.9701537
7,gaussian_win_reopt,nasa_battery_2_20min,0.8286398,0.77986175
7,CGP_win_reopt,nasa_battery_2_20min,0.9810435,0.9846197
8,adam_win_reopt,nasa_battery_2_20min,0.98014015,0.97531897
8,gaussian_win_reopt,nasa_battery_2_20min,0.9389216,0.9330725
8,CGP_win_reopt,nasa_battery_2_20min,0.9754194,0.98119295
9,adam_win_reopt,nasa_battery_2_20min,0.9723669,0.9623185
9,gaussian_win_reopt,nasa_battery_2_20min,0.86215395,0.807061
9,CGP_win_reopt,nasa_battery_2_20min,0.97117,0.9662707
10,adam_win_reopt,nasa_battery_2_20min,0.8029697,0.8150217
10,gaussian_win_reopt,nasa_battery_2_20min,0.81676555,0.7738495
10,CGP_win_reopt,nasa_battery_2_20min,0.9731158,0.9594468
11,adam_win_reopt,nasa_battery_2_20min,0.97186476,0.9802721
11,gaussian_win_reopt,nasa_battery_2_20min,0.88416505,0.82476836
11,CGP_win_reopt,nasa_battery_2_20min,0.9264478,0.93085426
12,adam_win_reopt,nasa_battery_2_20min,0.9360686,0.93949234
12,gaussian_win_reopt,nasa_battery_2_20min,0.8645141,0.8656961
12,CGP_win_reopt,nasa_battery_2_20min,0.9080658,0.8613387
13,adam_win_reopt,nasa_battery_2_20min,0.8293703,0.78286886
13,gaussian_win_reopt,nasa_battery_2_20min,0.7854617,0.7642067
13,CGP_win_reopt,nasa_battery_2_20min,0.9632783,0.95219994
14,adam_win_reopt,nasa_battery_2_20min,0.974114,0.960956
14,gaussian_win_reopt,nasa_battery_2_20min,0.8748327,0.82793915
14,CGP_win_reopt,nasa_battery_2_20min,0.9321799,0.90399694
15,adam_win_reopt,nasa_battery_2_20min,0.95268863,0.9888553
15,gaussian_win_reopt,nasa_battery_2_20min,0.9607903,0.9263744
15,CGP_win_reopt,nasa_battery_2_20min,0.97072774,0.9705405
16,adam_win_reopt,nasa_battery_2_20min,0.88992405,0.87766373
16,gaussian_win_reopt,nasa_battery_2_20min,0.8888576,0.8570522
16,CGP_win_reopt,nasa_battery_2_20min,0.9617505,0.944103
17,adam_win_reopt,nasa_battery_2_20min,0.9647622,0.9864582
17,gaussian_win_reopt,nasa_battery_2_20min,0.8960163,0.87381315
17,CGP_win_reopt,nasa_battery_2_20min,0.94086146,0.9072728
18,adam_win_reopt,nasa_battery_2_20min,0.97714496,0.981765
18,gaussian_win_reopt,nasa_battery_2_20min,0.94062006,0.924578
18,CGP_win_reopt,nasa_battery_2_20min,0.97040105,0.9639709
19,adam_win_reopt,nasa_battery_2_20min,0.839759,0.82136655
19,gaussian_win_reopt,nasa_battery_2_20min,0.9067719,0.8938828
19,CGP_win_reopt,nasa_battery_2_20min,0.8638172,0.86940825
20,adam_win_reopt,nasa_battery_2_20min,0.93188834,0.887363
20,gaussian_win_reopt,nasa_battery_2_20min,0.75456804,0.7537244
20,CGP_win_reopt,nasa_battery_2_20min,0.85703266,0.83748394
21,adam_win_reopt,nasa_battery_2_20min,0.823731,0.7753482
21,gaussian_win_reopt,nasa_battery_2_20min,0.84952664,0.8622463
21,CGP_win_reopt,nasa_battery_2_20min,0.8023329,0.7636167
22,adam_win_reopt,nasa_battery_2_20min,0.7393436,0.72021645
22,gaussian_win_reopt,nasa_battery_2_20min,0.6483964,0.8156431
22,CGP_win_reopt,nasa_battery_2_20min,0.96610063,0.96276635
23,adam_win_reopt,nasa_battery_2_20min,0.9757868,0.97969633
23,gaussian_win_reopt,nasa_battery_2_20min,0.94945854,0.9504406
23,CGP_win_reopt,nasa_battery_2_20min,0.94336927,0.9314802
24,adam_win_reopt,nasa_battery_2_20min,0.9736931,0.94978917
24,gaussian_win_reopt,nasa_battery_2_20min,0.88852346,0.8264762
24,CGP_win_reopt,nasa_battery_2_20min,0.97134125,0.94373506
25,adam_win_reopt,nasa_battery_2_20min,0.9879726,0.9756571
25,gaussian_win_reopt,nasa_battery_2_20min,0.9751668,0.9617275
25,CGP_win_reopt,nasa_battery_2_20min,0.94117296,0.9446515
26,adam_win_reopt,nasa_battery_2_20min,0.81946784,0.8235069
26,gaussian_win_reopt,nasa_battery_2_20min,0.81681204,0.77410793
26,CGP_win_reopt,nasa_battery_2_20min,0.9778926,0.95871097
27,adam_win_reopt,nasa_battery_2_20min,0.97976553,0.98032624
27,gaussian_win_reopt,nasa_battery_2_20min,0.8757112,0.8751532
27,CGP_win_reopt,nasa_battery_2_20min,0.9473213,0.9418368
28,adam_win_reopt,nasa_battery_2_20min,0.9521184,0.9556664
28,gaussian_win_reopt,nasa_battery_2_20min,0.92899567,0.8854681
28,CGP_win_reopt,nasa_battery_2_20min,0.9170934,0.8994046
29,adam_win_reopt,nasa_battery_2_20min,0.96834683,0.971155
29,gaussian_win_reopt,nasa_battery_2_20min,0.91290927,0.8960321
29,CGP_win_reopt,nasa_battery_2_20min,0.85478294,0.8212527
0,adam_win_reopt,nikuradse_1,0.3049633,0.9868985
0,gaussian_win_reopt,nikuradse_1,0.8515077,0.9642914
0,CGP_win_reopt,nikuradse_1,0.62623906,0.9674909
1,adam_win_reopt,nikuradse_1,-0.027651906,0.980169
1,gaussian_win_reopt,nikuradse_1,0.8411879,0.9646654
1,CGP_win_reopt,nikuradse_1,0.8556651,0.9645601
2,adam_win_reopt,nikuradse_1,0.8779781,0.97854877
2,gaussian_win_reopt,nikuradse_1,0.8510613,0.9648447
2,CGP_win_reopt,nikuradse_1,0.8492693,0.96419233
3,adam_win_reopt,nikuradse_1,0.8574409,0.96304923
3,gaussian_win_reopt,nikuradse_1,0.848915,0.96417016
3,CGP_win_reopt,nikuradse_1,0.8029712,0.96451366
4,adam_win_reopt,nikuradse_1,0.8571994,0.96318686
4,gaussian_win_reopt,nikuradse_1,0.8091073,0.9643524
4,CGP_win_reopt,nikuradse_1,-2.334897,0.9768535
5,adam_win_reopt,nikuradse_1,0.7213682,0.9614879
5,gaussian_win_reopt,nikuradse_1,0.7441007,0.954574
5,CGP_win_reopt,nikuradse_1,0.85869646,0.9651488
6,adam_win_reopt,nikuradse_1,0.8523758,0.96430373
6,gaussian_win_reopt,nikuradse_1,0.51460844,0.95719904
6,CGP_win_reopt,nikuradse_1,0.77830017,0.9611691
7,adam_win_reopt,nikuradse_1,0.8493869,0.9650169
7,gaussian_win_reopt,nikuradse_1,0.7093111,0.9629865
7,CGP_win_reopt,nikuradse_1,0.87122315,0.9617534
8,adam_win_reopt,nikuradse_1,0.8328091,0.93702507
8,gaussian_win_reopt,nikuradse_1,0.79356486,0.9636259
8,CGP_win_reopt,nikuradse_1,0.8353313,0.96654373
9,adam_win_reopt,nikuradse_1,0.8508434,0.96411246
9,gaussian_win_reopt,nikuradse_1,0.85161316,0.9642882
9,CGP_win_reopt,nikuradse_1,-0.26644623,0.9906355
10,adam_win_reopt,nikuradse_1,0.84958833,0.96573895
10,gaussian_win_reopt,nikuradse_1,0.85916984,0.9629541
10,CGP_win_reopt,nikuradse_1,0.55449754,0.9724166
11,adam_win_reopt,nikuradse_1,0.88099015,0.98069656
11,gaussian_win_reopt,nikuradse_1,0.850505,0.9643624
11,CGP_win_reopt,nikuradse_1,0.87752306,0.97019464
12,adam_win_reopt,nikuradse_1,-1.0693827,0.957005
12,gaussian_win_reopt,nikuradse_1,0.85169613,0.9642584
12,CGP_win_reopt,nikuradse_1,0.78620166,0.9656094
13,adam_win_reopt,nikuradse_1,0.84935266,0.9641926
13,gaussian_win_reopt,nikuradse_1,0.8635645,0.9652045
13,CGP_win_reopt,nikuradse_1,0.84824294,0.9632849
14,adam_win_reopt,nikuradse_1,0.63224345,0.9640918
14,gaussian_win_reopt,nikuradse_1,0.85730755,0.9653867
14,CGP_win_reopt,nikuradse_1,0.82664895,0.96482337
15,adam_win_reopt,nikuradse_1,0.92828023,0.97959495
15,gaussian_win_reopt,nikuradse_1,0.85045373,0.9647966
15,CGP_win_reopt,nikuradse_1,0.7076661,0.9871746
16,adam_win_reopt,nikuradse_1,0.85865504,0.96079826
16,gaussian_win_reopt,nikuradse_1,0.8484834,0.9644957
16,CGP_win_reopt,nikuradse_1,0.8972317,0.9752034
17,adam_win_reopt,nikuradse_1,0.8460114,0.9638705
17,gaussian_win_reopt,nikuradse_1,0.86710966,0.969291
17,CGP_win_reopt,nikuradse_1,0.8412497,0.9645411
18,adam_win_reopt,nikuradse_1,0.84878975,0.96476424
18,gaussian_win_reopt,nikuradse_1,0.84996253,0.96422166
18,CGP_win_reopt,nikuradse_1,0.8461805,0.9677325
19,adam_win_reopt,nikuradse_1,0.0023775697,0.9807019
19,gaussian_win_reopt,nikuradse_1,0.77250147,0.9668574
19,CGP_win_reopt,nikuradse_1,0.5807477,0.9596065
20,adam_win_reopt,nikuradse_1,0.8476867,0.96552384
20,gaussian_win_reopt,nikuradse_1,0.84959745,0.96466815
20,CGP_win_reopt,nikuradse_1,0.7348826,0.96965873
21,adam_win_reopt,nikuradse_1,-0.9116864,0.9729768
21,gaussian_win_reopt,nikuradse_1,0.84842175,0.96411675
21,CGP_win_reopt,nikuradse_1,-76.03698,0.96585786
22,adam_win_reopt,nikuradse_1,0.8483317,0.9640591
22,gaussian_win_reopt,nikuradse_1,0.0946784,0.9534656
22,CGP_win_reopt,nikuradse_1,-45.978,0.98406225
23,adam_win_reopt,nikuradse_1,0.8541012,0.96409345
23,gaussian_win_reopt,nikuradse_1,0.85400444,0.9640778
23,CGP_win_reopt,nikuradse_1,0.78979295,0.96456534
24,adam_win_reopt,nikuradse_1,-0.307482,0.9678429
24,gaussian_win_reopt,nikuradse_1,0.8532142,0.96399015
24,CGP_win_reopt,nikuradse_1,0.80895936,0.9635394
25,adam_win_reopt,nikuradse_1,0.8974357,0.97924954
25,gaussian_win_reopt,nikuradse_1,0.85387164,0.9645155
25,CGP_win_reopt,nikuradse_1,-0.05560994,0.95818824
26,adam_win_reopt,nikuradse_1,0.89106846,0.97222257
26,gaussian_win_reopt,nikuradse_1,0.35651922,0.95893705
26,CGP_win_reopt,nikuradse_1,0.70335096,0.9742356
27,adam_win_reopt,nikuradse_1,-2.4502473,0.9678482
27,gaussian_win_reopt,nikuradse_1,0.84953773,0.9555782
27,CGP_win_reopt,nikuradse_1,0.6312027,0.9670721
28,adam_win_reopt,nikuradse_1,0.8527082,0.9677189
28,gaussian_win_reopt,nikuradse_1,0.8679404,0.9653392
28,CGP_win_reopt,nikuradse_1,0.83655524,0.9710256
29,adam_win_reopt,nikuradse_1,0.84099543,0.9622242
29,gaussian_win_reopt,nikuradse_1,0.82559466,0.96476734
29,CGP_win_reopt,nikuradse_1,0.8640384,0.9665299
0,adam_win_reopt,nikuradse_2,0.7473346,0.7342284
0,gaussian_win_reopt,nikuradse_2,0.7969467,0.73859656
0,CGP_win_reopt,nikuradse_2,0.9401449,0.965369
1,adam_win_reopt,nikuradse_2,0.27976,0.26576054
1,gaussian_win_reopt,nikuradse_2,0.6892437,0.7177279
1,CGP_win_reopt,nikuradse_2,0.962777,0.95677537
2,adam_win_reopt,nikuradse_2,0.6343372,0.5534474
2,gaussian_win_reopt,nikuradse_2,0.9165936,0.88436455
2,CGP_win_reopt,nikuradse_2,0.8767761,0.8613133
3,adam_win_reopt,nikuradse_2,0.02562356,0.04551053
3,gaussian_win_reopt,nikuradse_2,0.49739093,0.5272404
3,CGP_win_reopt,nikuradse_2,0.8364337,0.83286285
4,adam_win_reopt,nikuradse_2,0.7152955,0.6535957
4,gaussian_win_reopt,nikuradse_2,0.85469437,0.87382174
4,CGP_win_reopt,nikuradse_2,0.927025,0.9105555
5,adam_win_reopt,nikuradse_2,0.88666844,0.89512604
5,gaussian_win_reopt,nikuradse_2,0.56388223,0.6505088
5,CGP_win_reopt,nikuradse_2,0.9711077,0.9667682
6,adam_win_reopt,nikuradse_2,0.6934575,0.61297286
6,gaussian_win_reopt,nikuradse_2,0.7224702,0.71546394
6,CGP_win_reopt,nikuradse_2,0.9189821,0.889797
7,adam_win_reopt,nikuradse_2,0.9392057,0.9216441
7,gaussian_win_reopt,nikuradse_2,0.94202805,0.91878945
7,CGP_win_reopt,nikuradse_2,0.9742051,0.9543747
8,adam_win_reopt,nikuradse_2,0.62972486,0.58228433
8,gaussian_win_reopt,nikuradse_2,0.40901893,0.3230415
8,CGP_win_reopt,nikuradse_2,0.9451777,0.9305211
9,adam_win_reopt,nikuradse_2,0.27709794,0.24339175
9,gaussian_win_reopt,nikuradse_2,0.5407069,0.6772692
9,CGP_win_reopt,nikuradse_2,0.9184624,0.8918186
10,adam_win_reopt,nikuradse_2,0.95208347,0.94846654
10,gaussian_win_reopt,nikuradse_2,0.8586677,0.8182977
10,CGP_win_reopt,nikuradse_2,0.979076,0.9700857
11,adam_win_reopt,nikuradse_2,0.6185379,0.6556858
11,gaussian_win_reopt,nikuradse_2,0.43512046,0.4437641
11,CGP_win_reopt,nikuradse_2,0.9815914,0.97319627
12,adam_win_reopt,nikuradse_2,0.32618284,0.2893352
12,gaussian_win_reopt,nikuradse_2,0.6973785,0.71604824
12,CGP_win_reopt,nikuradse_2,0.85920686,0.91873294
13,adam_win_reopt,nikuradse_2,0.9043893,0.85836035
13,gaussian_win_reopt,nikuradse_2,0.7214107,0.5806264
13,CGP_win_reopt,nikuradse_2,0.943662,0.93074507
14,adam_win_reopt,nikuradse_2,0.86220574,0.821797
14,gaussian_win_reopt,nikuradse_2,0.9482583,0.9362818
14,CGP_win_reopt,nikuradse_2,0.8334463,0.924399
15,adam_win_reopt,nikuradse_2,0.6314645,0.62638116
15,gaussian_win_reopt,nikuradse_2,0.3800438,0.38449132
15,CGP_win_reopt,nikuradse_2,0.8372131,0.8459545
16,adam_win_reopt,nikuradse_2,0.060008943,0.08684546
16,gaussian_win_reopt,nikuradse_2,0.5115004,0.52429104
16,CGP_win_reopt,nikuradse_2,0.9396846,0.9332371
17,adam_win_reopt,nikuradse_2,0.30663353,0.28194273
17,gaussian_win_reopt,nikuradse_2,0.6866709,0.65472645
17,CGP_win_reopt,nikuradse_2,0.96863246,0.9517728
18,adam_win_reopt,nikuradse_2,0.94934005,0.92382413
18,gaussian_win_reopt,nikuradse_2,0.24502522,0.26764816
18,CGP_win_reopt,nikuradse_2,0.7636318,0.84287626
19,adam_win_reopt,nikuradse_2,0.60480857,0.521364
19,gaussian_win_reopt,nikuradse_2,0.586812,0.7251812
19,CGP_win_reopt,nikuradse_2,0.9237921,0.90735996
20,adam_win_reopt,nikuradse_2,0.818227,0.7932712
20,gaussian_win_reopt,nikuradse_2,0.27003574,0.23866469
20,CGP_win_reopt,nikuradse_2,0.9800861,0.973771
21,adam_win_reopt,nikuradse_2,0.70212114,0.6791274
21,gaussian_win_reopt,nikuradse_2,0.70175725,0.62218857
21,CGP_win_reopt,nikuradse_2,0.960278,0.9562052
22,adam_win_reopt,nikuradse_2,0.17190546,0.16399473
22,gaussian_win_reopt,nikuradse_2,0.8610286,0.81960535
22,CGP_win_reopt,nikuradse_2,0.9567882,0.9576193
23,adam_win_reopt,nikuradse_2,0.05672884,0.028918564
23,gaussian_win_reopt,nikuradse_2,0.83068556,0.80288523
23,CGP_win_reopt,nikuradse_2,0.9488207,0.9652718
24,adam_win_reopt,nikuradse_2,0.48630863,0.36370742
24,gaussian_win_reopt,nikuradse_2,0.7569853,0.67637765
24,CGP_win_reopt,nikuradse_2,0.92689073,0.9308372
25,adam_win_reopt,nikuradse_2,0.5968821,0.57164514
25,gaussian_win_reopt,nikuradse_2,0.91639805,0.92322814
25,CGP_win_reopt,nikuradse_2,0.8794048,0.97083354
26,adam_win_reopt,nikuradse_2,0.48618215,0.5290539
26,gaussian_win_reopt,nikuradse_2,0.628429,0.6495206
26,CGP_win_reopt,nikuradse_2,0.940287,0.93524325
27,adam_win_reopt,nikuradse_2,0.31640965,0.31656533
27,gaussian_win_reopt,nikuradse_2,0.95167345,0.94812113
27,CGP_win_reopt,nikuradse_2,0.9140247,0.88509107
28,adam_win_reopt,nikuradse_2,0.5997879,0.6569104
28,gaussian_win_reopt,nikuradse_2,0.54718536,0.5237037
28,CGP_win_reopt,nikuradse_2,0.9818336,0.975034
29,adam_win_reopt,nikuradse_2,0.81643057,0.75939286
29,gaussian_win_reopt,nikuradse_2,0.8529404,0.8101354
29,CGP_win_reopt,nikuradse_2,0.95700085,0.9531717
0,adam_win_reopt,flow_stress_phip0.1,0.98696995,0.9893266
0,gaussian_win_reopt,flow_stress_phip0.1,0.9793859,0.98133117
0,CGP_win_reopt,flow_stress_phip0.1,0.6728865,0.6038394
1,adam_win_reopt,flow_stress_phip0.1,0.97112846,0.9788348
1,gaussian_win_reopt,flow_stress_phip0.1,0.9330099,0.9415194
1,CGP_win_reopt,flow_stress_phip0.1,0.98637235,0.98863536
2,adam_win_reopt,flow_stress_phip0.1,0.023231506,0.024609447
2,gaussian_win_reopt,flow_stress_phip0.1,0.9433632,0.9505912
2,CGP_win_reopt,flow_stress_phip0.1,0.9783708,0.9815286
3,adam_win_reopt,flow_stress_phip0.1,0.87635994,0.88387114
3,gaussian_win_reopt,flow_stress_phip0.1,0.9004768,0.916566
3,CGP_win_reopt,flow_stress_phip0.1,0.9924634,0.99444455
4,adam_win_reopt,flow_stress_phip0.1,0.86772615,0.8807991
4,gaussian_win_reopt,flow_stress_phip0.1,0.90799826,0.91270864
4,CGP_win_reopt,flow_stress_phip0.1,0.9805622,0.9855827
5,adam_win_reopt,flow_stress_phip0.1,0.9898594,0.9933404
5,gaussian_win_reopt,flow_stress_phip0.1,0.9111112,0.9129572
5,CGP_win_reopt,flow_stress_phip0.1,0.9573817,0.96044165
6,adam_win_reopt,flow_stress_phip0.1,0.43096805,0.3353833
6,gaussian_win_reopt,flow_stress_phip0.1,0.6409799,0.60479045
6,CGP_win_reopt,flow_stress_phip0.1,0.9954829,0.99653614
7,adam_win_reopt,flow_stress_phip0.1,0.9532946,0.9597877
7,gaussian_win_reopt,flow_stress_phip0.1,0.023344815,0.024313629
7,CGP_win_reopt,flow_stress_phip0.1,0.94798285,0.95515585
8,adam_win_reopt,flow_stress_phip0.1,-23.806396,0.964258
8,gaussian_win_reopt,flow_stress_phip0.1,-932064.44,0.5672326
8,CGP_win_reopt,flow_stress_phip0.1,0.8085702,0.95050085
9,adam_win_reopt,flow_stress_phip0.1,0.9888845,0.99090755
9,gaussian_win_reopt,flow_stress_phip0.1,0.6440737,0.7909889
9,CGP_win_reopt,flow_stress_phip0.1,0.93376076,0.94862515
10,adam_win_reopt,flow_stress_phip0.1,0.9586978,0.97023726
10,gaussian_win_reopt,flow_stress_phip0.1,0.9481591,0.9545649
10,CGP_win_reopt,flow_stress_phip0.1,0.9710261,0.9738524
11,adam_win_reopt,flow_stress_phip0.1,0.8492098,0.9620509
11,gaussian_win_reopt,flow_stress_phip0.1,0.90233016,0.91656
11,CGP_win_reopt,flow_stress_phip0.1,0.9609012,0.95794046
12,adam_win_reopt,flow_stress_phip0.1,0.9580666,0.9694629
12,gaussian_win_reopt,flow_stress_phip0.1,0.9436229,0.9505456
12,CGP_win_reopt,flow_stress_phip0.1,0.9924982,0.9936887
13,adam_win_reopt,flow_stress_phip0.1,0.99519485,0.9966301
13,gaussian_win_reopt,flow_stress_phip0.1,0.15076715,0.3064071
13,CGP_win_reopt,flow_stress_phip0.1,0.98878205,0.987648
14,adam_win_reopt,flow_stress_phip0.1,0.97338784,0.9792461
14,gaussian_win_reopt,flow_stress_phip0.1,0.9360604,0.94179434
14,CGP_win_reopt,flow_stress_phip0.1,0.63518935,0.60538495
15,adam_win_reopt,flow_stress_phip0.1,0.93248546,0.93822974
15,gaussian_win_reopt,flow_stress_phip0.1,0.8820369,0.9012517
15,CGP_win_reopt,flow_stress_phip0.1,0.97741675,0.97975284
16,adam_win_reopt,flow_stress_phip0.1,0.9885738,0.9920653
16,gaussian_win_reopt,flow_stress_phip0.1,-20.125643,0.947884
16,CGP_win_reopt,flow_stress_phip0.1,0.9909083,0.9932865
17,adam_win_reopt,flow_stress_phip0.1,0.9727822,0.9780572
17,gaussian_win_reopt,flow_stress_phip0.1,0.9338983,0.937463
17,CGP_win_reopt,flow_stress_phip0.1,0.98492867,0.9846411
18,adam_win_reopt,flow_stress_phip0.1,0.9981949,0.9982747
18,gaussian_win_reopt,flow_stress_phip0.1,-3.4946065,0.8899752
18,CGP_win_reopt,flow_stress_phip0.1,0.83802193,0.83468366
19,adam_win_reopt,flow_stress_phip0.1,0.9964054,0.9972009
19,gaussian_win_reopt,flow_stress_phip0.1,0.9610281,0.96035814
19,CGP_win_reopt,flow_stress_phip0.1,0.9853775,0.9904066
20,adam_win_reopt,flow_stress_phip0.1,0.9784392,0.98331887
20,gaussian_win_reopt,flow_stress_phip0.1,0.9480901,0.9603596
20,CGP_win_reopt,flow_stress_phip0.1,0.34745598,0.36302352
21,adam_win_reopt,flow_stress_phip0.1,0.98180944,0.9858166
21,gaussian_win_reopt,flow_stress_phip0.1,0.63389826,0.6021183
21,CGP_win_reopt,flow_stress_phip0.1,0.99562633,0.9968813
22,adam_win_reopt,flow_stress_phip0.1,0.9912958,0.9916408
22,gaussian_win_reopt,flow_stress_phip0.1,0.94081134,0.95212924
22,CGP_win_reopt,flow_stress_phip0.1,0.962152,0.975455
23,adam_win_reopt,flow_stress_phip0.1,0.9772014,0.9755866
23,gaussian_win_reopt,flow_stress_phip0.1,0.6208577,0.582439
23,CGP_win_reopt,flow_stress_phip0.1,0.98294574,0.98601574
24,adam_win_reopt,flow_stress_phip0.1,0.98137456,0.9917947
24,gaussian_win_reopt,flow_stress_phip0.1,0.9400784,0.9479932
24,CGP_win_reopt,flow_stress_phip0.1,0.9680635,0.97637755
25,adam_win_reopt,flow_stress_phip0.1,0.9602887,0.9697471
25,gaussian_win_reopt,flow_stress_phip0.1,0.66912615,0.629877
25,CGP_win_reopt,flow_stress_phip0.1,0.9455472,0.9881794
26,adam_win_reopt,flow_stress_phip0.1,0.99805456,0.99859464
26,gaussian_win_reopt,flow_stress_phip0.1,0.95836926,0.9666902
26,CGP_win_reopt,flow_stress_phip0.1,0.99059033,0.9924763
27,adam_win_reopt,flow_stress_phip0.1,0.943061,0.9539745
27,gaussian_win_reopt,flow_stress_phip0.1,-179591460.0,0.62744784
27,CGP_win_reopt,flow_stress_phip0.1,0.9659051,0.9746191
28,adam_win_reopt,flow_stress_phip0.1,0.9977625,0.99849445
28,gaussian_win_reopt,flow_stress_phip0.1,0.9332331,0.9342658
28,CGP_win_reopt,flow_stress_phip0.1,0.9913317,0.9918133
29,adam_win_reopt,flow_stress_phip0.1,0.997587,0.99763626
29,gaussian_win_reopt,flow_stress_phip0.1,0.10692322,0.14862287
29,CGP_win_reopt,flow_stress_phip0.1,0.94694924,0.95491356
0,adam_wfn_reopt,chemical_1_tower,0.67464256,0.6495069
0,gaussian_wfn_reopt,chemical_1_tower,0.44224364,0.42614663
0,CGP_wfn_reopt,chemical_1_tower,0.62121403,0.6072078
1,adam_wfn_reopt,chemical_1_tower,0.7222566,0.72257435
1,gaussian_wfn_reopt,chemical_1_tower,0.5324737,0.53167325
1,CGP_wfn_reopt,chemical_1_tower,0.60761833,0.59832174
2,adam_wfn_reopt,chemical_1_tower,0.82385266,0.8173521
2,gaussian_wfn_reopt,chemical_1_tower,0.37096936,0.3519503
2,CGP_wfn_reopt,chemical_1_tower,0.6292797,0.6275817
3,adam_wfn_reopt,chemical_1_tower,0.44225794,0.4262179
3,gaussian_wfn_reopt,chemical_1_tower,0.5080403,0.46326232
3,CGP_wfn_reopt,chemical_1_tower,0.60242486,0.5781394
4,adam_wfn_reopt,chemical_1_tower,0.69732594,0.6613831
4,gaussian_wfn_reopt,chemical_1_tower,0.54624575,0.49851614
4,CGP_wfn_reopt,chemical_1_tower,0.6483153,0.6174294
5,adam_wfn_reopt,chemical_1_tower,0.7512348,0.7770162
5,gaussian_wfn_reopt,chemical_1_tower,0.4576046,0.44311917
5,CGP_wfn_reopt,chemical_1_tower,0.59982723,0.5781003
6,adam_wfn_reopt,chemical_1_tower,0.69874465,0.67700934
6,gaussian_wfn_reopt,chemical_1_tower,0.5876539,0.5481217
6,CGP_wfn_reopt,chemical_1_tower,0.6058022,0.5629449
7,adam_wfn_reopt,chemical_1_tower,0.7531533,0.7381364
7,gaussian_wfn_reopt,chemical_1_tower,0.5266776,0.5137925
7,CGP_wfn_reopt,chemical_1_tower,0.6704118,0.65243447
8,adam_wfn_reopt,chemical_1_tower,0.8257203,0.8239588
8,gaussian_wfn_reopt,chemical_1_tower,0.61895263,0.6261269
8,CGP_wfn_reopt,chemical_1_tower,0.623675,0.6133433
9,adam_wfn_reopt,chemical_1_tower,0.8152442,0.78803754
9,gaussian_wfn_reopt,chemical_1_tower,0.5290477,0.54859924
9,CGP_wfn_reopt,chemical_1_tower,0.7450327,0.71941024
10,adam_wfn_reopt,chemical_1_tower,0.7408936,0.73691094
10,gaussian_wfn_reopt,chemical_1_tower,0.564199,0.5199188
10,CGP_wfn_reopt,chemical_1_tower,0.6067316,0.5850603
11,adam_wfn_reopt,chemical_1_tower,0.80443007,0.79215884
11,gaussian_wfn_reopt,chemical_1_tower,0.45229673,0.41709393
11,CGP_wfn_reopt,chemical_1_tower,0.6509602,0.6112354
12,adam_wfn_reopt,chemical_1_tower,0.7840338,0.7641802
12,gaussian_wfn_reopt,chemical_1_tower,0.5666858,0.54181457
12,CGP_wfn_reopt,chemical_1_tower,0.5923927,0.5732105
13,adam_wfn_reopt,chemical_1_tower,0.5429251,0.5169746
13,gaussian_wfn_reopt,chemical_1_tower,0.53903407,0.51654994
13,CGP_wfn_reopt,chemical_1_tower,0.60787255,0.5903356
14,adam_wfn_reopt,chemical_1_tower,0.47324324,0.4857123
14,gaussian_wfn_reopt,chemical_1_tower,0.66660106,0.6275555
14,CGP_wfn_reopt,chemical_1_tower,0.60686445,0.59713805
15,adam_wfn_reopt,chemical_1_tower,0.6455857,0.6352759
15,gaussian_wfn_reopt,chemical_1_tower,0.36557734,0.38453072
15,CGP_wfn_reopt,chemical_1_tower,0.57079697,0.54493916
16,adam_wfn_reopt,chemical_1_tower,0.58302456,0.61818665
16,gaussian_wfn_reopt,chemical_1_tower,0.3656252,0.38453454
16,CGP_wfn_reopt,chemical_1_tower,0.6334602,0.6501479
17,adam_wfn_reopt,chemical_1_tower,0.86801285,0.86654115
17,gaussian_wfn_reopt,chemical_1_tower,0.44299704,0.42602104
17,CGP_wfn_reopt,chemical_1_tower,0.5947746,0.58603346
18,adam_wfn_reopt,chemical_1_tower,0.8298273,0.8231849
18,gaussian_wfn_reopt,chemical_1_tower,0.6771457,0.6324556
18,CGP_wfn_reopt,chemical_1_tower,0.63833153,0.6285944
19,adam_wfn_reopt,chemical_1_tower,0.7893405,0.79207957
19,gaussian_wfn_reopt,chemical_1_tower,0.59533656,0.5650519
19,CGP_wfn_reopt,chemical_1_tower,0.57063377,0.53992736
20,adam_wfn_reopt,chemical_1_tower,0.52109,0.4809125
20,gaussian_wfn_reopt,chemical_1_tower,0.63596535,0.62178934
20,CGP_wfn_reopt,chemical_1_tower,0.69995093,0.67233837
21,adam_wfn_reopt,chemical_1_tower,0.78994846,0.76678824
21,gaussian_wfn_reopt,chemical_1_tower,0.55355245,0.5278165
21,CGP_wfn_reopt,chemical_1_tower,0.5961168,0.59434503
22,adam_wfn_reopt,chemical_1_tower,0.5801364,0.5773407
22,gaussian_wfn_reopt,chemical_1_tower,0.52788544,0.48286754
22,CGP_wfn_reopt,chemical_1_tower,0.69602776,0.66861475
23,adam_wfn_reopt,chemical_1_tower,0.7673071,0.7667928
23,gaussian_wfn_reopt,chemical_1_tower,0.46299702,0.47108543
23,CGP_wfn_reopt,chemical_1_tower,0.6244545,0.62874395
24,adam_wfn_reopt,chemical_1_tower,0.7961739,0.8004748
24,gaussian_wfn_reopt,chemical_1_tower,0.4871689,0.4510097
24,CGP_wfn_reopt,chemical_1_tower,0.62135565,0.5745616
25,adam_wfn_reopt,chemical_1_tower,0.8014986,0.7917169
25,gaussian_wfn_reopt,chemical_1_tower,0.5226897,0.48191553
25,CGP_wfn_reopt,chemical_1_tower,0.61532927,0.59854865
26,adam_wfn_reopt,chemical_1_tower,0.65052146,0.62286633
26,gaussian_wfn_reopt,chemical_1_tower,0.59350157,0.55144423
26,CGP_wfn_reopt,chemical_1_tower,0.5985273,0.57048494
27,adam_wfn_reopt,chemical_1_tower,0.6053208,0.6427891
27,gaussian_wfn_reopt,chemical_1_tower,0.73443127,0.7095999
27,CGP_wfn_reopt,chemical_1_tower,0.61067957,0.59259725
28,adam_wfn_reopt,chemical_1_tower,0.4424169,0.42621893
28,gaussian_wfn_reopt,chemical_1_tower,0.619024,0.5806338
28,CGP_wfn_reopt,chemical_1_tower,0.59904885,0.5887176
29,adam_wfn_reopt,chemical_1_tower,0.5629383,0.54687047
29,gaussian_wfn_reopt,chemical_1_tower,0.37121826,0.35194278
29,CGP_wfn_reopt,chemical_1_tower,0.67229825,0.651867
0,adam_wfn_reopt,chemical_2_competition,-0.002739787,0.10075599
0,gaussian_wfn_reopt,chemical_2_competition,-0.0040308237,0.0700227
0,CGP_wfn_reopt,chemical_2_competition,0.004855275,0.052310765
1,adam_wfn_reopt,chemical_2_competition,0.4735,0.43562734
1,gaussian_wfn_reopt,chemical_2_competition,0.13496262,0.19612443
1,CGP_wfn_reopt,chemical_2_competition,0.013632238,0.051819086
2,adam_wfn_reopt,chemical_2_competition,0.139463,0.3540023
2,gaussian_wfn_reopt,chemical_2_competition,0.026355028,0.056928635
2,CGP_wfn_reopt,chemical_2_competition,0.14414096,0.31780952
3,adam_wfn_reopt,chemical_2_competition,0.07739073,0.30053288
3,gaussian_wfn_reopt,chemical_2_competition,-0.032845736,0.14087957
3,CGP_wfn_reopt,chemical_2_competition,0.044079006,0.118869364
4,adam_wfn_reopt,chemical_2_competition,0.4765681,0.58677536
4,gaussian_wfn_reopt,chemical_2_competition,-0.012859464,0.13057393
4,CGP_wfn_reopt,chemical_2_competition,0.040890396,0.34417135
5,adam_wfn_reopt,chemical_2_competition,0.2629363,0.5757295
5,gaussian_wfn_reopt,chemical_2_competition,0.009649575,0.4008904
5,CGP_wfn_reopt,chemical_2_competition,0.0076913238,0.052376628
6,adam_wfn_reopt,chemical_2_competition,0.04452163,0.35536522
6,gaussian_wfn_reopt,chemical_2_competition,0.024030983,0.05712861
6,CGP_wfn_reopt,chemical_2_competition,0.025031269,0.055639684
7,adam_wfn_reopt,chemical_2_competition,0.07629633,0.30054528
7,gaussian_wfn_reopt,chemical_2_competition,0.14162242,0.14585227
7,CGP_wfn_reopt,chemical_2_competition,0.11803812,0.106475174
8,adam_wfn_reopt,chemical_2_competition,0.053198934,0.44671673
8,gaussian_wfn_reopt,chemical_2_competition,0.02019924,0.06349176
8,CGP_wfn_reopt,chemical_2_competition,0.013632238,0.051819086
9,adam_wfn_reopt,chemical_2_competition,0.2558815,0.501912
9,gaussian_wfn_reopt,chemical_2_competition,0.17305052,0.2337755
9,CGP_wfn_reopt,chemical_2_competition,-0.09827316,0.036165535
10,adam_wfn_reopt,chemical_2_competition,0.09691471,0.48926628
10,gaussian_wfn_reopt,chemical_2_competition,0.012636185,0.08456892
10,CGP_wfn_reopt,chemical_2_competition,0.0030374527,0.12122315
11,adam_wfn_reopt,chemical_2_competition,0.41534257,0.22995669
11,gaussian_wfn_reopt,chemical_2_competition,0.00211066,0.06848693
11,CGP_wfn_reopt,chemical_2_competition,0.065487504,0.09392387
12,adam_wfn_reopt,chemical_2_competition,-0.054477572,0.46483243
12,gaussian_wfn_reopt,chemical_2_competition,0.03762591,0.07441336
12,CGP_wfn_reopt,chemical_2_competition,0.1635946,0.1310463
13,adam_wfn_reopt,chemical_2_competition,-0.03908229,0.573057
13,gaussian_wfn_reopt,chemical_2_competition,0.017986417,0.24533105
13,CGP_wfn_reopt,chemical_2_competition,0.00832963,0.052613676
14,adam_wfn_reopt,chemical_2_competition,0.064142406,0.44881082
14,gaussian_wfn_reopt,chemical_2_competition,0.05234623,0.102415085
14,CGP_wfn_reopt,chemical_2_competition,0.08621085,0.10461265
15,adam_wfn_reopt,chemical_2_competition,0.025179923,0.26368046
15,gaussian_wfn_reopt,chemical_2_competition,-0.030796528,0.089580774
15,CGP_wfn_reopt,chemical_2_competition,0.07623738,0.13120675
16,adam_wfn_reopt,chemical_2_competition,0.14224195,0.27713412
16,gaussian_wfn_reopt,chemical_2_competition,0.46798462,0.40824288
16,CGP_wfn_reopt,chemical_2_competition,0.02924645,0.05467999
17,adam_wfn_reopt,chemical_2_competition,-0.016041994,0.10270226
17,gaussian_wfn_reopt,chemical_2_competition,0.0005182624,0.10899323
17,CGP_wfn_reopt,chemical_2_competition,0.049396038,0.097361684
18,adam_wfn_reopt,chemical_2_competition,0.48620445,0.45350128
18,gaussian_wfn_reopt,chemical_2_competition,-0.09007871,0.035373807
18,CGP_wfn_reopt,chemical_2_competition,-0.11479509,0.45166904
19,adam_wfn_reopt,chemical_2_competition,0.3012265,0.25691247
19,gaussian_wfn_reopt,chemical_2_competition,-0.014027715,0.3062805
19,CGP_wfn_reopt,chemical_2_competition,0.0073842406,0.054087162
20,adam_wfn_reopt,chemical_2_competition,0.27185214,0.56392974
20,gaussian_wfn_reopt,chemical_2_competition,0.02256459,0.05711347
20,CGP_wfn_reopt,chemical_2_competition,0.07006568,0.13651556
21,adam_wfn_reopt,chemical_2_competition,0.07389146,0.5489445
21,gaussian_wfn_reopt,chemical_2_competition,-0.08956385,0.03536856
21,CGP_wfn_reopt,chemical_2_competition,-0.09358621,0.036291122
22,adam_wfn_reopt,chemical_2_competition,0.013495028,0.36979967
22,gaussian_wfn_reopt,chemical_2_competition,-0.006657243,0.05871564
22,CGP_wfn_reopt,chemical_2_competition,0.21322525,0.20425975
23,adam_wfn_reopt,chemical_2_competition,0.07196164,0.35706568
23,gaussian_wfn_reopt,chemical_2_competition,0.034706354,0.1054402
23,CGP_wfn_reopt,chemical_2_competition,0.12671775,0.18578446
24,adam_wfn_reopt,chemical_2_competition,0.19222778,0.5606762
24,gaussian_wfn_reopt,chemical_2_competition,0.0069603324,0.062306166
24,CGP_wfn_reopt,chemical_2_competition,0.0013917685,0.20035857
25,adam_wfn_reopt,chemical_2_competition,-0.011474013,0.60267
25,gaussian_wfn_reopt,chemical_2_competition,0.02488041,0.057090223
25,CGP_wfn_reopt,chemical_2_competition,0.14528412,0.16012388
26,adam_wfn_reopt,chemical_2_competition,0.45465052,0.50122184
26,gaussian_wfn_reopt,chemical_2_competition,0.13694006,0.16665584
26,CGP_wfn_reopt,chemical_2_competition,0.04404682,0.18724531
27,adam_wfn_reopt,chemical_2_competition,0.2959221,0.4682507
27,gaussian_wfn_reopt,chemical_2_competition,0.01922381,0.05676526
27,CGP_wfn_reopt,chemical_2_competition,0.019477665,0.07192272
28,adam_wfn_reopt,chemical_2_competition,0.027739704,0.44148272
28,gaussian_wfn_reopt,chemical_2_competition,0.14161998,0.14302695
28,CGP_wfn_reopt,chemical_2_competition,0.012352705,0.09920037
29,adam_wfn_reopt,chemical_2_competition,0.42544365,0.54298156
29,gaussian_wfn_reopt,chemical_2_competition,0.043528676,0.10250741
29,CGP_wfn_reopt,chemical_2_competition,0.1564048,0.12741446
0,adam_wfn_reopt,friction_dyn_one-hot,0.7552291,0.85593045
0,gaussian_wfn_reopt,friction_dyn_one-hot,0.3663094,0.5621673
0,CGP_wfn_reopt,friction_dyn_one-hot,-0.30192113,0.62880415
1,adam_wfn_reopt,friction_dyn_one-hot,0.3323455,0.5411912
1,gaussian_wfn_reopt,friction_dyn_one-hot,0.42560136,0.6630415
1,CGP_wfn_reopt,friction_dyn_one-hot,0.43251544,0.5887038
2,adam_wfn_reopt,friction_dyn_one-hot,-0.01665771,0.4708634
2,gaussian_wfn_reopt,friction_dyn_one-hot,-0.005861163,0.4990127
2,CGP_wfn_reopt,friction_dyn_one-hot,0.08332789,0.5157988
3,adam_wfn_reopt,friction_dyn_one-hot,-0.008333325,0.49910063
3,gaussian_wfn_reopt,friction_dyn_one-hot,0.48024058,0.66110754
3,CGP_wfn_reopt,friction_dyn_one-hot,0.6432326,0.7607183
4,adam_wfn_reopt,friction_dyn_one-hot,0.025102854,0.517086
4,gaussian_wfn_reopt,friction_dyn_one-hot,-0.00528121,-2.3841858e-06
4,CGP_wfn_reopt,friction_dyn_one-hot,-0.030908942,0.38528824
5,adam_wfn_reopt,friction_dyn_one-hot,0.74289876,0.8468456
5,gaussian_wfn_reopt,friction_dyn_one-hot,-0.015491605,0.5039179
5,CGP_wfn_reopt,friction_dyn_one-hot,0.0974229,0.5775281
6,adam_wfn_reopt,friction_dyn_one-hot,0.62121093,0.7050935
6,gaussian_wfn_reopt,friction_dyn_one-hot,0.37907964,0.659266
6,CGP_wfn_reopt,friction_dyn_one-hot,-0.020795107,0.4956125
7,adam_wfn_reopt,friction_dyn_one-hot,0.611788,0.75834405
7,gaussian_wfn_reopt,friction_dyn_one-hot,0.18193,0.12160045
7,CGP_wfn_reopt,friction_dyn_one-hot,0.59548664,0.75097495
8,adam_wfn_reopt,friction_dyn_one-hot,0.080019414,0.51919425
8,gaussian_wfn_reopt,friction_dyn_one-hot,0.4375593,0.59763384
8,CGP_wfn_reopt,friction_dyn_one-hot,0.37702513,0.62727773
9,adam_wfn_reopt,friction_dyn_one-hot,0.7005838,0.8036258
9,gaussian_wfn_reopt,friction_dyn_one-hot,0.17714041,0.58387274
9,CGP_wfn_reopt,friction_dyn_one-hot,0.018538058,0.5170911
10,adam_wfn_reopt,friction_dyn_one-hot,-0.06824672,0.43368256
10,gaussian_wfn_reopt,friction_dyn_one-hot,-0.0023264885,0.518902
10,CGP_wfn_reopt,friction_dyn_one-hot,0.36466646,0.62440556
11,adam_wfn_reopt,friction_dyn_one-hot,0.7315891,0.81191623
11,gaussian_wfn_reopt,friction_dyn_one-hot,0.5841327,0.7566413
11,CGP_wfn_reopt,friction_dyn_one-hot,0.35629946,0.6927248
12,adam_wfn_reopt,friction_dyn_one-hot,0.7099103,0.8431562
12,gaussian_wfn_reopt,friction_dyn_one-hot,-0.021437526,0.49886554
12,CGP_wfn_reopt,friction_dyn_one-hot,0.4057929,0.6266252
13,adam_wfn_reopt,friction_dyn_one-hot,0.7673004,0.83578074
13,gaussian_wfn_reopt,friction_dyn_one-hot,0.0152439475,0.3657685
13,CGP_wfn_reopt,friction_dyn_one-hot,0.65433735,0.7837541
14,adam_wfn_reopt,friction_dyn_one-hot,0.78041124,0.8345926
14,gaussian_wfn_reopt,friction_dyn_one-hot,0.040655315,0.50894845
14,CGP_wfn_reopt,friction_dyn_one-hot,0.06427407,0.528042
15,adam_wfn_reopt,friction_dyn_one-hot,0.57972467,0.74500024
15,gaussian_wfn_reopt,friction_dyn_one-hot,0.007746756,0.49251324
15,CGP_wfn_reopt,friction_dyn_one-hot,-0.05264449,0.43245274
16,adam_wfn_reopt,friction_dyn_one-hot,0.70534015,0.77866334
16,gaussian_wfn_reopt,friction_dyn_one-hot,0.43215245,0.5960364
16,CGP_wfn_reopt,friction_dyn_one-hot,0.21688837,0.4085381
17,adam_wfn_reopt,friction_dyn_one-hot,-0.05358553,0.39619088
17,gaussian_wfn_reopt,friction_dyn_one-hot,-0.019286156,0.37805164
17,CGP_wfn_reopt,friction_dyn_one-hot,0.6840695,0.74805343
18,adam_wfn_reopt,friction_dyn_one-hot,0.028146267,0.5161356
18,gaussian_wfn_reopt,friction_dyn_one-hot,0.43111742,0.6454543
18,CGP_wfn_reopt,friction_dyn_one-hot,0.11091781,0.5884241
19,adam_wfn_reopt,friction_dyn_one-hot,0.686934,0.82395446
19,gaussian_wfn_reopt,friction_dyn_one-hot,0.07219076,0.5200213
19,CGP_wfn_reopt,friction_dyn_one-hot,0.55517423,0.73993754
20,adam_wfn_reopt,friction_dyn_one-hot,0.699242,0.7828716
20,gaussian_wfn_reopt,friction_dyn_one-hot,0.047293246,0.5222013
20,CGP_wfn_reopt,friction_dyn_one-hot,0.47841173,0.7390657
21,adam_wfn_reopt,friction_dyn_one-hot,0.428905,0.66319233
21,gaussian_wfn_reopt,friction_dyn_one-hot,-0.065132976,0.49168622
21,CGP_wfn_reopt,friction_dyn_one-hot,0.04254186,0.5161406
22,adam_wfn_reopt,friction_dyn_one-hot,0.6330814,0.7934761
22,gaussian_wfn_reopt,friction_dyn_one-hot,0.044344664,0.4990003
22,CGP_wfn_reopt,friction_dyn_one-hot,0.7360958,0.7637898
23,adam_wfn_reopt,friction_dyn_one-hot,0.5675421,0.76468444
23,gaussian_wfn_reopt,friction_dyn_one-hot,-0.05086577,0.4342295
23,CGP_wfn_reopt,friction_dyn_one-hot,0.60791886,0.75049317
24,adam_wfn_reopt,friction_dyn_one-hot,0.5829532,0.78487617
24,gaussian_wfn_reopt,friction_dyn_one-hot,0.08392429,0.5198826
24,CGP_wfn_reopt,friction_dyn_one-hot,0.09319264,0.064135015
25,adam_wfn_reopt,friction_dyn_one-hot,0.73735905,0.8529607
25,gaussian_wfn_reopt,friction_dyn_one-hot,-0.005494714,0.0
25,CGP_wfn_reopt,friction_dyn_one-hot,0.5861874,0.8042994
26,adam_wfn_reopt,friction_dyn_one-hot,-0.047358513,0.47027934
26,gaussian_wfn_reopt,friction_dyn_one-hot,0.0018402338,0.50616795
26,CGP_wfn_reopt,friction_dyn_one-hot,0.6586798,0.7697464
27,adam_wfn_reopt,friction_dyn_one-hot,0.7146125,0.8454618
27,gaussian_wfn_reopt,friction_dyn_one-hot,-0.06260586,0.4387102
27,CGP_wfn_reopt,friction_dyn_one-hot,0.71633124,0.78691
28,adam_wfn_reopt,friction_dyn_one-hot,-0.0061570406,0.5058558
28,gaussian_wfn_reopt,friction_dyn_one-hot,-0.02655375,0.4946624
28,CGP_wfn_reopt,friction_dyn_one-hot,0.7757009,0.83897644
29,adam_wfn_reopt,friction_dyn_one-hot,-0.012944579,0.50540006
29,gaussian_wfn_reopt,friction_dyn_one-hot,-0.0057058334,-8.34465e-07
29,CGP_wfn_reopt,friction_dyn_one-hot,0.64682984,0.75756085
0,adam_wfn_reopt,friction_stat_one-hot,0.60979545,0.7446281
0,gaussian_wfn_reopt,friction_stat_one-hot,-0.063741565,0.5259974
0,CGP_wfn_reopt,friction_stat_one-hot,0.049141645,0.5858544
1,adam_wfn_reopt,friction_stat_one-hot,-0.02117908,0.5344123
1,gaussian_wfn_reopt,friction_stat_one-hot,-0.014107466,0.52820796
1,CGP_wfn_reopt,friction_stat_one-hot,0.31503195,0.43300653
2,adam_wfn_reopt,friction_stat_one-hot,0.6368045,0.7177036
2,gaussian_wfn_reopt,friction_stat_one-hot,0.326905,0.46916723
2,CGP_wfn_reopt,friction_stat_one-hot,-0.058484316,0.51053643
3,adam_wfn_reopt,friction_stat_one-hot,0.53561795,0.71882945
3,gaussian_wfn_reopt,friction_stat_one-hot,0.33884186,0.47815162
3,CGP_wfn_reopt,friction_stat_one-hot,0.17090398,0.55570185
4,adam_wfn_reopt,friction_stat_one-hot,-0.031747222,0.51971024
4,gaussian_wfn_reopt,friction_stat_one-hot,0.12784022,0.6076037
4,CGP_wfn_reopt,friction_stat_one-hot,0.14019924,0.08290535
5,adam_wfn_reopt,friction_stat_one-hot,0.5867275,0.7338536
5,gaussian_wfn_reopt,friction_stat_one-hot,-0.0029591322,-1.1920929e-07
5,CGP_wfn_reopt,friction_stat_one-hot,0.01780492,0.5062512
6,adam_wfn_reopt,friction_stat_one-hot,-0.09093964,0.5030466
6,gaussian_wfn_reopt,friction_stat_one-hot,0.0070779324,0.5208106
6,CGP_wfn_reopt,friction_stat_one-hot,-0.042794228,0.4557361
7,adam_wfn_reopt,friction_stat_one-hot,0.6916123,0.77030826
7,gaussian_wfn_reopt,friction_stat_one-hot,0.08942342,0.5047865
7,CGP_wfn_reopt,friction_stat_one-hot,-0.16148603,0.471574
8,adam_wfn_reopt,friction_stat_one-hot,0.4009509,0.67107403
8,gaussian_wfn_reopt,friction_stat_one-hot,0.12164265,0.49546045
8,CGP_wfn_reopt,friction_stat_one-hot,-0.0207901,0.52721953
9,adam_wfn_reopt,friction_stat_one-hot,0.5708636,0.75335026
9,gaussian_wfn_reopt,friction_stat_one-hot,0.030878365,0.5206975
9,CGP_wfn_reopt,friction_stat_one-hot,0.17825109,0.6306783
10,adam_wfn_reopt,friction_stat_one-hot,0.67749834,0.7827974
10,gaussian_wfn_reopt,friction_stat_one-hot,-0.02936089,0.5255157
10,CGP_wfn_reopt,friction_stat_one-hot,-0.08691251,0.5117779
11,adam_wfn_reopt,friction_stat_one-hot,-0.063862085,0.5262394
11,gaussian_wfn_reopt,friction_stat_one-hot,0.6199331,0.7473078
11,CGP_wfn_reopt,friction_stat_one-hot,0.043379366,0.59448403
12,adam_wfn_reopt,friction_stat_one-hot,0.6891693,0.78427947
12,gaussian_wfn_reopt,friction_stat_one-hot,0.06772214,0.5930921
12,CGP_wfn_reopt,friction_stat_one-hot,0.038136184,0.5858158
13,adam_wfn_reopt,friction_stat_one-hot,0.2637754,0.56426704
13,gaussian_wfn_reopt,friction_stat_one-hot,-0.08872986,0.5011147
13,CGP_wfn_reopt,friction_stat_one-hot,0.100809515,0.6337736
14,adam_wfn_reopt,friction_stat_one-hot,0.7327142,0.772747
14,gaussian_wfn_reopt,friction_stat_one-hot,0.08667737,0.6061748
14,CGP_wfn_reopt,friction_stat_one-hot,-0.05481732,0.4287091
15,adam_wfn_reopt,friction_stat_one-hot,0.1726942,0.6271629
15,gaussian_wfn_reopt,friction_stat_one-hot,-0.0066109896,0.51477
15,CGP_wfn_reopt,friction_stat_one-hot,0.107699096,0.5905026
16,adam_wfn_reopt,friction_stat_one-hot,0.5049083,0.68006504
16,gaussian_wfn_reopt,friction_stat_one-hot,0.009400666,0.5544952
16,CGP_wfn_reopt,friction_stat_one-hot,0.0050638914,0.52245116
17,adam_wfn_reopt,friction_stat_one-hot,0.615576,0.7576189
17,gaussian_wfn_reopt,friction_stat_one-hot,0.03809756,0.5581548
17,CGP_wfn_reopt,friction_stat_one-hot,-0.13650322,0.4785363
18,adam_wfn_reopt,friction_stat_one-hot,0.036135674,0.52028847
18,gaussian_wfn_reopt,friction_stat_one-hot,-0.031544447,0.5475094
18,CGP_wfn_reopt,friction_stat_one-hot,0.046165645,0.56402934
19,adam_wfn_reopt,friction_stat_one-hot,0.5029026,0.6835444
19,gaussian_wfn_reopt,friction_stat_one-hot,0.0013943911,0.52779293
19,CGP_wfn_reopt,friction_stat_one-hot,0.010229945,0.5273813
20,adam_wfn_reopt,friction_stat_one-hot,0.0071929097,0.52396846
20,gaussian_wfn_reopt,friction_stat_one-hot,0.032419026,0.54304475
20,CGP_wfn_reopt,friction_stat_one-hot,0.15245354,0.6324084
21,adam_wfn_reopt,friction_stat_one-hot,0.5906433,0.73069525
21,gaussian_wfn_reopt,friction_stat_one-hot,-0.08896291,0.52485764
21,CGP_wfn_reopt,friction_stat_one-hot,0.10764146,0.5697098
22,adam_wfn_reopt,friction_stat_one-hot,-0.118392706,0.43699902
22,gaussian_wfn_reopt,friction_stat_one-hot,0.3167646,0.4336517
22,CGP_wfn_reopt,friction_stat_one-hot,0.16728061,0.6000737
23,adam_wfn_reopt,friction_stat_one-hot,0.48078036,0.6968739
23,gaussian_wfn_reopt,friction_stat_one-hot,-0.07231963,0.51062185
23,CGP_wfn_reopt,friction_stat_one-hot,0.12797618,0.4413005
24,adam_wfn_reopt,friction_stat_one-hot,0.09892017,0.6170332
24,gaussian_wfn_reopt,friction_stat_one-hot,-0.01187098,0.53379035
24,CGP_wfn_reopt,friction_stat_one-hot,0.31789672,0.43865693
25,adam_wfn_reopt,friction_stat_one-hot,0.6497569,0.7556112
25,gaussian_wfn_reopt,friction_stat_one-hot,-0.078038454,0.524721
25,CGP_wfn_reopt,friction_stat_one-hot,0.07886565,0.6094681
26,adam_wfn_reopt,friction_stat_one-hot,0.6218968,0.7594093
26,gaussian_wfn_reopt,friction_stat_one-hot,-0.06800866,0.51270556
26,CGP_wfn_reopt,friction_stat_one-hot,0.14551413,0.65290385
27,adam_wfn_reopt,friction_stat_one-hot,0.4991101,0.6974306
27,gaussian_wfn_reopt,friction_stat_one-hot,0.5419804,0.5999294
27,CGP_wfn_reopt,friction_stat_one-hot,0.035401583,0.5615262
28,adam_wfn_reopt,friction_stat_one-hot,0.08356714,0.5857068
28,gaussian_wfn_reopt,friction_stat_one-hot,0.10855913,0.18289971
28,CGP_wfn_reopt,friction_stat_one-hot,-0.019245148,0.55480987
29,adam_wfn_reopt,friction_stat_one-hot,0.030727625,0.52020395
29,gaussian_wfn_reopt,friction_stat_one-hot,-0.04497981,0.44481504
29,CGP_wfn_reopt,friction_stat_one-hot,0.65234125,0.6690924
0,adam_wfn_reopt,nasa_battery_1_10min,0.48520076,0.92257535
0,gaussian_wfn_reopt,nasa_battery_1_10min,0.9389997,0.9876224
0,CGP_wfn_reopt,nasa_battery_1_10min,0.89874655,0.986002
1,adam_wfn_reopt,nasa_battery_1_10min,0.8844539,0.928398
1,gaussian_wfn_reopt,nasa_battery_1_10min,0.83722895,0.8474404
1,CGP_wfn_reopt,nasa_battery_1_10min,0.97087014,0.987267
2,adam_wfn_reopt,nasa_battery_1_10min,0.8425286,0.93445575
2,gaussian_wfn_reopt,nasa_battery_1_10min,0.3510242,0.9268853
2,CGP_wfn_reopt,nasa_battery_1_10min,0.87467396,0.95595205
3,adam_wfn_reopt,nasa_battery_1_10min,0.97024167,0.8196818
3,gaussian_wfn_reopt,nasa_battery_1_10min,0.48170018,0.6051192
3,CGP_wfn_reopt,nasa_battery_1_10min,0.94249266,0.9796678
4,adam_wfn_reopt,nasa_battery_1_10min,0.9672747,0.97446007
4,gaussian_wfn_reopt,nasa_battery_1_10min,0.9652817,0.80667394
4,CGP_wfn_reopt,nasa_battery_1_10min,0.95783633,0.97970223
5,adam_wfn_reopt,nasa_battery_1_10min,0.9284959,0.98393154
5,gaussian_wfn_reopt,nasa_battery_1_10min,0.87082344,0.9747187
5,CGP_wfn_reopt,nasa_battery_1_10min,0.98080975,0.9844825
6,adam_wfn_reopt,nasa_battery_1_10min,0.55482674,0.9103634
6,gaussian_wfn_reopt,nasa_battery_1_10min,0.96321213,0.9799132
6,CGP_wfn_reopt,nasa_battery_1_10min,0.92466915,0.98780376
7,adam_wfn_reopt,nasa_battery_1_10min,0.6734978,0.96747184
7,gaussian_wfn_reopt,nasa_battery_1_10min,0.8259067,0.91897774
7,CGP_wfn_reopt,nasa_battery_1_10min,0.89110136,0.9814273
8,adam_wfn_reopt,nasa_battery_1_10min,0.7186969,0.9154502
8,gaussian_wfn_reopt,nasa_battery_1_10min,0.21861702,0.9084822
8,CGP_wfn_reopt,nasa_battery_1_10min,0.8952219,0.9806079
9,adam_wfn_reopt,nasa_battery_1_10min,0.6323673,0.9340197
9,gaussian_wfn_reopt,nasa_battery_1_10min,0.90612364,0.8653879
9,CGP_wfn_reopt,nasa_battery_1_10min,0.8718363,0.9850213
10,adam_wfn_reopt,nasa_battery_1_10min,0.16023868,0.9042605
10,gaussian_wfn_reopt,nasa_battery_1_10min,-0.76198566,0.34208435
10,CGP_wfn_reopt,nasa_battery_1_10min,0.8072978,0.9759044
11,adam_wfn_reopt,nasa_battery_1_10min,0.93378973,0.9501278
11,gaussian_wfn_reopt,nasa_battery_1_10min,0.9132389,0.8721393
11,CGP_wfn_reopt,nasa_battery_1_10min,0.9714286,0.9874325
12,adam_wfn_reopt,nasa_battery_1_10min,0.9068417,0.9868401
12,gaussian_wfn_reopt,nasa_battery_1_10min,0.9117302,0.9042492
12,CGP_wfn_reopt,nasa_battery_1_10min,0.9704811,0.98653305
13,adam_wfn_reopt,nasa_battery_1_10min,-0.59093165,0.90809447
13,gaussian_wfn_reopt,nasa_battery_1_10min,0.6982703,0.85906327
13,CGP_wfn_reopt,nasa_battery_1_10min,0.88807577,0.9816318
14,adam_wfn_reopt,nasa_battery_1_10min,0.8130558,0.9502743
14,gaussian_wfn_reopt,nasa_battery_1_10min,0.86042565,0.88647276
14,CGP_wfn_reopt,nasa_battery_1_10min,0.044047236,0.91345745
15,adam_wfn_reopt,nasa_battery_1_10min,0.70111024,0.9789407
15,gaussian_wfn_reopt,nasa_battery_1_10min,0.40859497,0.22635299
15,CGP_wfn_reopt,nasa_battery_1_10min,0.96745336,0.98867804
16,adam_wfn_reopt,nasa_battery_1_10min,0.74557495,0.9594316
16,gaussian_wfn_reopt,nasa_battery_1_10min,0.92866236,0.96599627
16,CGP_wfn_reopt,nasa_battery_1_10min,0.5769124,0.96491647
17,adam_wfn_reopt,nasa_battery_1_10min,0.8172302,0.96380997
17,gaussian_wfn_reopt,nasa_battery_1_10min,0.8461164,0.9314474
17,CGP_wfn_reopt,nasa_battery_1_10min,0.80226505,0.95554185
18,adam_wfn_reopt,nasa_battery_1_10min,0.8883824,0.9599065
18,gaussian_wfn_reopt,nasa_battery_1_10min,0.6563518,0.9328432
18,CGP_wfn_reopt,nasa_battery_1_10min,0.98234236,0.9874046
19,adam_wfn_reopt,nasa_battery_1_10min,0.23860902,0.9234075
19,gaussian_wfn_reopt,nasa_battery_1_10min,0.9290037,0.9656298
19,CGP_wfn_reopt,nasa_battery_1_10min,0.84018767,0.98411435
20,adam_wfn_reopt,nasa_battery_1_10min,0.71397686,0.7042925
20,gaussian_wfn_reopt,nasa_battery_1_10min,0.056107998,0.910931
20,CGP_wfn_reopt,nasa_battery_1_10min,0.8151015,0.9739251
21,adam_wfn_reopt,nasa_battery_1_10min,0.67883664,0.97145134
21,gaussian_wfn_reopt,nasa_battery_1_10min,0.9033698,0.87713027
21,CGP_wfn_reopt,nasa_battery_1_10min,0.78020155,0.9032707
22,adam_wfn_reopt,nasa_battery_1_10min,0.8731106,0.94979095
22,gaussian_wfn_reopt,nasa_battery_1_10min,0.9919319,0.9818076
22,CGP_wfn_reopt,nasa_battery_1_10min,0.59097886,0.97660774
23,adam_wfn_reopt,nasa_battery_1_10min,0.92487967,0.96437377
23,gaussian_wfn_reopt,nasa_battery_1_10min,0.8995841,0.95865786
23,CGP_wfn_reopt,nasa_battery_1_10min,0.9488891,0.9831973
24,adam_wfn_reopt,nasa_battery_1_10min,0.64479566,0.9351105
24,gaussian_wfn_reopt,nasa_battery_1_10min,0.97282976,0.9823145
24,CGP_wfn_reopt,nasa_battery_1_10min,0.88354826,0.9636739
25,adam_wfn_reopt,nasa_battery_1_10min,-0.21939266,0.29050744
25,gaussian_wfn_reopt,nasa_battery_1_10min,0.85864925,0.8644693
25,CGP_wfn_reopt,nasa_battery_1_10min,0.9456811,0.9802187
26,adam_wfn_reopt,nasa_battery_1_10min,0.9314218,0.954417
26,gaussian_wfn_reopt,nasa_battery_1_10min,0.88531774,0.89121187
26,CGP_wfn_reopt,nasa_battery_1_10min,0.85495687,0.9845983
27,adam_wfn_reopt,nasa_battery_1_10min,0.8894077,0.9580252
27,gaussian_wfn_reopt,nasa_battery_1_10min,0.925088,0.95401514
27,CGP_wfn_reopt,nasa_battery_1_10min,0.8945998,0.97946435
28,adam_wfn_reopt,nasa_battery_1_10min,0.87429327,0.8905306
28,gaussian_wfn_reopt,nasa_battery_1_10min,0.42922837,0.6875346
28,CGP_wfn_reopt,nasa_battery_1_10min,0.9302356,0.98451227
29,adam_wfn_reopt,nasa_battery_1_10min,0.4417907,0.9391359
29,gaussian_wfn_reopt,nasa_battery_1_10min,0.72588354,0.9615917
29,CGP_wfn_reopt,nasa_battery_1_10min,0.9688317,0.9891602
0,adam_wfn_reopt,nasa_battery_2_20min,0.86358845,0.87244296
0,gaussian_wfn_reopt,nasa_battery_2_20min,0.79710364,0.7975719
0,CGP_wfn_reopt,nasa_battery_2_20min,0.9624995,0.97320986
1,adam_wfn_reopt,nasa_battery_2_20min,0.82846093,0.7833731
1,gaussian_wfn_reopt,nasa_battery_2_20min,0.8971497,0.88137025
1,CGP_wfn_reopt,nasa_battery_2_20min,0.9844338,0.9629833
2,adam_wfn_reopt,nasa_battery_2_20min,0.86849785,0.8138442
2,gaussian_wfn_reopt,nasa_battery_2_20min,0.84814024,0.79642946
2,CGP_wfn_reopt,nasa_battery_2_20min,0.9568283,0.9630355
3,adam_wfn_reopt,nasa_battery_2_20min,0.96077746,0.943427
3,gaussian_wfn_reopt,nasa_battery_2_20min,-0.14955664,-7.331371e-05
3,CGP_wfn_reopt,nasa_battery_2_20min,0.92997295,0.9630853
4,adam_wfn_reopt,nasa_battery_2_20min,0.92558104,0.9487798
4,gaussian_wfn_reopt,nasa_battery_2_20min,0.8306091,0.78438747
4,CGP_wfn_reopt,nasa_battery_2_20min,0.91254383,0.9126564
5,adam_wfn_reopt,nasa_battery_2_20min,0.82231957,0.844356
5,gaussian_wfn_reopt,nasa_battery_2_20min,0.88888174,0.8223058
5,CGP_wfn_reopt,nasa_battery_2_20min,0.9797301,0.97800314
6,adam_wfn_reopt,nasa_battery_2_20min,0.8503477,0.8002164
6,gaussian_wfn_reopt,nasa_battery_2_20min,0.9013536,0.7706089
6,CGP_wfn_reopt,nasa_battery_2_20min,0.96663463,0.9706731
7,adam_wfn_reopt,nasa_battery_2_20min,0.516403,0.55174994
7,gaussian_wfn_reopt,nasa_battery_2_20min,0.87426287,0.881196
7,CGP_wfn_reopt,nasa_battery_2_20min,0.9808581,0.98450434
8,adam_wfn_reopt,nasa_battery_2_20min,0.8611354,0.80443656
8,gaussian_wfn_reopt,nasa_battery_2_20min,0.90224457,0.8926715
8,CGP_wfn_reopt,nasa_battery_2_20min,0.97608334,0.9806637
9,adam_wfn_reopt,nasa_battery_2_20min,0.65136874,0.6914072
9,gaussian_wfn_reopt,nasa_battery_2_20min,-0.14027143,-1.9192696e-05
9,CGP_wfn_reopt,nasa_battery_2_20min,0.9724878,0.96339935
10,adam_wfn_reopt,nasa_battery_2_20min,0.92878604,0.8914126
10,gaussian_wfn_reopt,nasa_battery_2_20min,0.86291504,0.853012
10,CGP_wfn_reopt,nasa_battery_2_20min,0.96905345,0.9546393
11,adam_wfn_reopt,nasa_battery_2_20min,0.8644121,0.81010157
11,gaussian_wfn_reopt,nasa_battery_2_20min,0.78994614,0.8269762
11,CGP_wfn_reopt,nasa_battery_2_20min,0.9520206,0.93312156
12,adam_wfn_reopt,nasa_battery_2_20min,0.26399755,0.35342175
12,gaussian_wfn_reopt,nasa_battery_2_20min,-0.1288563,-0.00043570995
12,CGP_wfn_reopt,nasa_battery_2_20min,0.9098327,0.86203134
13,adam_wfn_reopt,nasa_battery_2_20min,0.9782579,0.95883876
13,gaussian_wfn_reopt,nasa_battery_2_20min,0.9236348,0.9175075
13,CGP_wfn_reopt,nasa_battery_2_20min,0.96645486,0.9522941
14,adam_wfn_reopt,nasa_battery_2_20min,0.98236096,0.9568317
14,gaussian_wfn_reopt,nasa_battery_2_20min,0.814995,0.7730919
14,CGP_wfn_reopt,nasa_battery_2_20min,0.9324101,0.9036566
15,adam_wfn_reopt,nasa_battery_2_20min,0.9762057,0.97669715
15,gaussian_wfn_reopt,nasa_battery_2_20min,0.7146728,0.67255324
15,CGP_wfn_reopt,nasa_battery_2_20min,0.9648939,0.958195
16,adam_wfn_reopt,nasa_battery_2_20min,0.9677643,0.9526426
16,gaussian_wfn_reopt,nasa_battery_2_20min,0.791967,0.75414586
16,CGP_wfn_reopt,nasa_battery_2_20min,0.959915,0.93848336
17,adam_wfn_reopt,nasa_battery_2_20min,0.95080906,0.9373708
17,gaussian_wfn_reopt,nasa_battery_2_20min,0.9159799,0.9017403
17,CGP_wfn_reopt,nasa_battery_2_20min,0.9427671,0.9070655
18,adam_wfn_reopt,nasa_battery_2_20min,-0.029407263,0.21859181
18,gaussian_wfn_reopt,nasa_battery_2_20min,0.81638795,0.77364266
18,CGP_wfn_reopt,nasa_battery_2_20min,0.9676163,0.9593118
19,adam_wfn_reopt,nasa_battery_2_20min,0.96073455,0.9333124
19,gaussian_wfn_reopt,nasa_battery_2_20min,0.9289232,0.9222428
19,CGP_wfn_reopt,nasa_battery_2_20min,0.8623252,0.8608677
20,adam_wfn_reopt,nasa_battery_2_20min,0.9669809,0.9910299
20,gaussian_wfn_reopt,nasa_battery_2_20min,0.77258635,0.74436975
20,CGP_wfn_reopt,nasa_battery_2_20min,0.8643431,0.8336247
21,adam_wfn_reopt,nasa_battery_2_20min,0.7620552,0.7386658
21,gaussian_wfn_reopt,nasa_battery_2_20min,0.73589826,0.716999
21,CGP_wfn_reopt,nasa_battery_2_20min,0.79817307,0.7580909
22,adam_wfn_reopt,nasa_battery_2_20min,0.81676054,0.774125
22,gaussian_wfn_reopt,nasa_battery_2_20min,0.8791731,0.8649503
22,CGP_wfn_reopt,nasa_battery_2_20min,0.9583556,0.9486573
23,adam_wfn_reopt,nasa_battery_2_20min,0.7070074,0.68638074
23,gaussian_wfn_reopt,nasa_battery_2_20min,0.78676003,0.7515123
23,CGP_wfn_reopt,nasa_battery_2_20min,0.9315422,0.9264834
24,adam_wfn_reopt,nasa_battery_2_20min,0.9735934,0.98297495
24,gaussian_wfn_reopt,nasa_battery_2_20min,0.9736662,0.9828605
24,CGP_wfn_reopt,nasa_battery_2_20min,0.97190547,0.9403329
25,adam_wfn_reopt,nasa_battery_2_20min,0.93487823,0.9092773
25,gaussian_wfn_reopt,nasa_battery_2_20min,0.94020057,0.932457
25,CGP_wfn_reopt,nasa_battery_2_20min,0.9431014,0.94289714
26,adam_wfn_reopt,nasa_battery_2_20min,0.91461027,0.9484615
26,gaussian_wfn_reopt,nasa_battery_2_20min,0.79737467,0.7584244
26,CGP_wfn_reopt,nasa_battery_2_20min,0.97832125,0.9584304
27,adam_wfn_reopt,nasa_battery_2_20min,0.7378514,0.66728544
27,gaussian_wfn_reopt,nasa_battery_2_20min,0.9282749,0.9025394
27,CGP_wfn_reopt,nasa_battery_2_20min,0.9519791,0.9409892
28,adam_wfn_reopt,nasa_battery_2_20min,0.91539794,0.89241964
28,gaussian_wfn_reopt,nasa_battery_2_20min,0.816105,0.7735935
28,CGP_wfn_reopt,nasa_battery_2_20min,0.9144464,0.89902323
29,adam_wfn_reopt,nasa_battery_2_20min,-0.042298555,0.072867274
29,gaussian_wfn_reopt,nasa_battery_2_20min,0.8164049,0.77393866
29,CGP_wfn_reopt,nasa_battery_2_20min,0.86410236,0.8013141
0,adam_wfn_reopt,nikuradse_1,0.8521142,0.9643006
0,gaussian_wfn_reopt,nikuradse_1,0.85180676,0.9643003
0,CGP_wfn_reopt,nikuradse_1,0.6369526,0.96749705
1,adam_wfn_reopt,nikuradse_1,0.87527364,0.9685208
1,gaussian_wfn_reopt,nikuradse_1,0.84990805,0.96409804
1,CGP_wfn_reopt,nikuradse_1,0.85503834,0.9644581
2,adam_wfn_reopt,nikuradse_1,0.82292074,0.96480453
2,gaussian_wfn_reopt,nikuradse_1,0.85416096,0.96424145
2,CGP_wfn_reopt,nikuradse_1,0.8523922,0.96435004
3,adam_wfn_reopt,nikuradse_1,0.83825517,0.96468824
3,gaussian_wfn_reopt,nikuradse_1,-0.80433774,0.9532415
3,CGP_wfn_reopt,nikuradse_1,0.8068,0.9645011
4,adam_wfn_reopt,nikuradse_1,-0.07414746,0.9643312
4,gaussian_wfn_reopt,nikuradse_1,0.85272485,0.96437377
4,CGP_wfn_reopt,nikuradse_1,-3.354075,0.9695878
5,adam_wfn_reopt,nikuradse_1,0.04391104,0.4982561
5,gaussian_wfn_reopt,nikuradse_1,0.86538386,0.9656728
5,CGP_wfn_reopt,nikuradse_1,0.8584131,0.96494734
6,adam_wfn_reopt,nikuradse_1,-0.32665038,0.9589895
6,gaussian_wfn_reopt,nikuradse_1,0.86053085,0.9655629
6,CGP_wfn_reopt,nikuradse_1,0.7796572,0.96134037
7,adam_wfn_reopt,nikuradse_1,0.8531488,0.96288854
7,gaussian_wfn_reopt,nikuradse_1,0.8565466,0.9641493
7,CGP_wfn_reopt,nikuradse_1,0.8720354,0.96286213
8,adam_wfn_reopt,nikuradse_1,0.85757405,0.96402407
8,gaussian_wfn_reopt,nikuradse_1,0.74041927,0.93000895
8,CGP_wfn_reopt,nikuradse_1,0.8327135,0.9662968
9,adam_wfn_reopt,nikuradse_1,0.82356936,0.96457547
9,gaussian_wfn_reopt,nikuradse_1,0.73346263,0.96430486
9,CGP_wfn_reopt,nikuradse_1,-0.21703756,0.99088115
10,adam_wfn_reopt,nikuradse_1,0.8517399,0.9636414
10,gaussian_wfn_reopt,nikuradse_1,0.8565228,0.9662278
10,CGP_wfn_reopt,nikuradse_1,0.5455687,0.97248834
11,adam_wfn_reopt,nikuradse_1,0.7604207,0.92326736
11,gaussian_wfn_reopt,nikuradse_1,0.816595,0.9643698
11,CGP_wfn_reopt,nikuradse_1,0.8733618,0.9715401
12,adam_wfn_reopt,nikuradse_1,0.82436585,0.93192166
12,gaussian_wfn_reopt,nikuradse_1,0.83428955,0.96471345
12,CGP_wfn_reopt,nikuradse_1,0.7659353,0.9645248
13,adam_wfn_reopt,nikuradse_1,0.80115485,0.96505356
13,gaussian_wfn_reopt,nikuradse_1,0.86320424,0.968472
13,CGP_wfn_reopt,nikuradse_1,0.83477205,0.9624008
14,adam_wfn_reopt,nikuradse_1,0.85844696,0.9644955
14,gaussian_wfn_reopt,nikuradse_1,0.8626996,0.9662852
14,CGP_wfn_reopt,nikuradse_1,0.8254074,0.96481824
15,adam_wfn_reopt,nikuradse_1,0.85656977,0.9640787
15,gaussian_wfn_reopt,nikuradse_1,0.8384568,0.9574208
15,CGP_wfn_reopt,nikuradse_1,0.7416347,0.9865407
16,adam_wfn_reopt,nikuradse_1,0.827392,0.9648773
16,gaussian_wfn_reopt,nikuradse_1,0.85764575,0.9657857
16,CGP_wfn_reopt,nikuradse_1,0.89594555,0.9751805
17,adam_wfn_reopt,nikuradse_1,0.79629964,0.96477985
17,gaussian_wfn_reopt,nikuradse_1,0.85567665,0.9641241
17,CGP_wfn_reopt,nikuradse_1,0.8421264,0.96457165
18,adam_wfn_reopt,nikuradse_1,0.5550865,0.96256846
18,gaussian_wfn_reopt,nikuradse_1,0.84825516,0.9630108
18,CGP_wfn_reopt,nikuradse_1,0.8395389,0.96721566
19,adam_wfn_reopt,nikuradse_1,0.73074687,0.9631781
19,gaussian_wfn_reopt,nikuradse_1,0.3089201,0.9646342
19,CGP_wfn_reopt,nikuradse_1,0.4529596,0.9607403
20,adam_wfn_reopt,nikuradse_1,0.86252683,0.9801829
20,gaussian_wfn_reopt,nikuradse_1,0.85171366,0.9643238
20,CGP_wfn_reopt,nikuradse_1,0.73547804,0.9696565
21,adam_wfn_reopt,nikuradse_1,0.88422346,0.964358
21,gaussian_wfn_reopt,nikuradse_1,0.81384754,0.9654257
21,CGP_wfn_reopt,nikuradse_1,-55.797306,0.9663343
22,adam_wfn_reopt,nikuradse_1,0.8591271,0.9682088
22,gaussian_wfn_reopt,nikuradse_1,0.84543854,0.9552466
22,CGP_wfn_reopt,nikuradse_1,-49.967667,0.98052126
23,adam_wfn_reopt,nikuradse_1,0.8444524,0.9659553
23,gaussian_wfn_reopt,nikuradse_1,0.7157325,0.9684972
23,CGP_wfn_reopt,nikuradse_1,0.7604406,0.9611783
24,adam_wfn_reopt,nikuradse_1,-0.03974378,0.9780399
24,gaussian_wfn_reopt,nikuradse_1,0.8518205,0.96429956
24,CGP_wfn_reopt,nikuradse_1,0.8300241,0.96453214
25,adam_wfn_reopt,nikuradse_1,0.83389837,0.9648942
25,gaussian_wfn_reopt,nikuradse_1,0.87061125,0.96457195
25,CGP_wfn_reopt,nikuradse_1,-0.06548166,0.9578862
26,adam_wfn_reopt,nikuradse_1,0.5862893,0.7846273
26,gaussian_wfn_reopt,nikuradse_1,-1.6462772,0.9671039
26,CGP_wfn_reopt,nikuradse_1,0.6906591,0.9739743
27,adam_wfn_reopt,nikuradse_1,0.8307016,0.9503618
27,gaussian_wfn_reopt,nikuradse_1,0.8554886,0.9650568
27,CGP_wfn_reopt,nikuradse_1,0.63989204,0.96703386
28,adam_wfn_reopt,nikuradse_1,0.8317349,0.963707
28,gaussian_wfn_reopt,nikuradse_1,0.85908335,0.9626489
28,CGP_wfn_reopt,nikuradse_1,0.8306993,0.9704467
29,adam_wfn_reopt,nikuradse_1,0.8038232,0.94832444
29,gaussian_wfn_reopt,nikuradse_1,-4.830207,0.95740396
29,CGP_wfn_reopt,nikuradse_1,0.86191314,0.9663797
0,adam_wfn_reopt,nikuradse_2,0.26995534,0.16618931
0,gaussian_wfn_reopt,nikuradse_2,0.09583074,0.108214915
0,CGP_wfn_reopt,nikuradse_2,0.9425832,0.96439457
1,adam_wfn_reopt,nikuradse_2,0.52950656,0.5005888
1,gaussian_wfn_reopt,nikuradse_2,0.9675696,0.9509053
1,CGP_wfn_reopt,nikuradse_2,0.9540027,0.9425657
2,adam_wfn_reopt,nikuradse_2,0.9452245,0.92703265
2,gaussian_wfn_reopt,nikuradse_2,0.9167599,0.8871948
2,CGP_wfn_reopt,nikuradse_2,0.8773557,0.86108255
3,adam_wfn_reopt,nikuradse_2,0.47947365,0.5142252
3,gaussian_wfn_reopt,nikuradse_2,0.60993254,0.6328951
3,CGP_wfn_reopt,nikuradse_2,0.83607316,0.83311355
4,adam_wfn_reopt,nikuradse_2,0.94381547,0.9295221
4,gaussian_wfn_reopt,nikuradse_2,0.71584344,0.67516863
4,CGP_wfn_reopt,nikuradse_2,0.91287994,0.89367825
5,adam_wfn_reopt,nikuradse_2,0.67910576,0.5725416
5,gaussian_wfn_reopt,nikuradse_2,0.3602569,0.35685825
5,CGP_wfn_reopt,nikuradse_2,0.92399335,0.9151272
6,adam_wfn_reopt,nikuradse_2,0.73833704,0.75539523
6,gaussian_wfn_reopt,nikuradse_2,0.7877952,0.7804672
6,CGP_wfn_reopt,nikuradse_2,0.83461374,0.85967475
7,adam_wfn_reopt,nikuradse_2,0.25246507,0.25440872
7,gaussian_wfn_reopt,nikuradse_2,0.395768,0.42996264
7,CGP_wfn_reopt,nikuradse_2,0.9718697,0.94982135
8,adam_wfn_reopt,nikuradse_2,0.69871926,0.7272093
8,gaussian_wfn_reopt,nikuradse_2,0.68660176,0.65106
8,CGP_wfn_reopt,nikuradse_2,0.93366015,0.9117757
9,adam_wfn_reopt,nikuradse_2,0.54200256,0.6040053
9,gaussian_wfn_reopt,nikuradse_2,0.61481583,0.6420375
9,CGP_wfn_reopt,nikuradse_2,0.9070919,0.88035274
10,adam_wfn_reopt,nikuradse_2,0.60981786,0.6266353
10,gaussian_wfn_reopt,nikuradse_2,0.9021715,0.8675237
10,CGP_wfn_reopt,nikuradse_2,0.97247666,0.96510446
11,adam_wfn_reopt,nikuradse_2,0.59245956,0.63003254
11,gaussian_wfn_reopt,nikuradse_2,-2.6164696,0.8196978
11,CGP_wfn_reopt,nikuradse_2,0.95854217,0.9361477
12,adam_wfn_reopt,nikuradse_2,0.221394,0.17849922
12,gaussian_wfn_reopt,nikuradse_2,0.64207494,0.5528263
12,CGP_wfn_reopt,nikuradse_2,0.91771924,0.8680926
13,adam_wfn_reopt,nikuradse_2,0.98199123,0.9677366
13,gaussian_wfn_reopt,nikuradse_2,0.78453577,0.7694355
13,CGP_wfn_reopt,nikuradse_2,0.93355685,0.91537476
14,adam_wfn_reopt,nikuradse_2,0.544697,0.5808977
14,gaussian_wfn_reopt,nikuradse_2,-0.0042785406,-3.5762787e-07
14,CGP_wfn_reopt,nikuradse_2,0.861198,0.9205147
15,adam_wfn_reopt,nikuradse_2,0.30512756,0.29074734
15,gaussian_wfn_reopt,nikuradse_2,0.96690935,0.95839816
15,CGP_wfn_reopt,nikuradse_2,0.84240836,0.8496533
16,adam_wfn_reopt,nikuradse_2,0.72042245,0.6345085
16,gaussian_wfn_reopt,nikuradse_2,0.7329999,0.7338805
16,CGP_wfn_reopt,nikuradse_2,0.90597236,0.90387344
17,adam_wfn_reopt,nikuradse_2,0.44902778,0.54322124
17,gaussian_wfn_reopt,nikuradse_2,0.85610497,0.8468783
17,CGP_wfn_reopt,nikuradse_2,0.96853614,0.95213336
18,adam_wfn_reopt,nikuradse_2,0.5757892,0.61780775
18,gaussian_wfn_reopt,nikuradse_2,0.849548,0.8067459
18,CGP_wfn_reopt,nikuradse_2,0.7645659,0.8424276
19,adam_wfn_reopt,nikuradse_2,0.6984978,0.7112268
19,gaussian_wfn_reopt,nikuradse_2,0.91930187,0.9074693
19,CGP_wfn_reopt,nikuradse_2,0.90657246,0.89600134
20,adam_wfn_reopt,nikuradse_2,0.65324044,0.66483265
20,gaussian_wfn_reopt,nikuradse_2,0.50045335,0.5925466
20,CGP_wfn_reopt,nikuradse_2,0.97949344,0.97117895
21,adam_wfn_reopt,nikuradse_2,0.68523955,0.7075877
21,gaussian_wfn_reopt,nikuradse_2,0.5388745,0.5608748
21,CGP_wfn_reopt,nikuradse_2,0.95518076,0.9530387
22,adam_wfn_reopt,nikuradse_2,0.20246989,0.099653006
22,gaussian_wfn_reopt,nikuradse_2,0.2652874,0.2100817
22,CGP_wfn_reopt,nikuradse_2,0.9446218,0.93593425
23,adam_wfn_reopt,nikuradse_2,0.38436985,0.3343045
23,gaussian_wfn_reopt,nikuradse_2,0.6280178,0.67459506
23,CGP_wfn_reopt,nikuradse_2,0.97274286,0.96365684
24,adam_wfn_reopt,nikuradse_2,0.6885587,0.71894306
24,gaussian_wfn_reopt,nikuradse_2,0.67312706,0.6919415
24,CGP_wfn_reopt,nikuradse_2,0.8296375,0.9135399
25,adam_wfn_reopt,nikuradse_2,0.7560541,0.7645095
25,gaussian_wfn_reopt,nikuradse_2,0.15792185,0.1876235
25,CGP_wfn_reopt,nikuradse_2,0.9249775,0.9655112
26,adam_wfn_reopt,nikuradse_2,0.056455076,0.029099405
26,gaussian_wfn_reopt,nikuradse_2,0.34407437,0.29563564
26,CGP_wfn_reopt,nikuradse_2,0.9309497,0.91237193
27,adam_wfn_reopt,nikuradse_2,0.3270653,0.29846478
27,gaussian_wfn_reopt,nikuradse_2,0.3517365,0.27896142
27,CGP_wfn_reopt,nikuradse_2,0.7396847,0.7073635
28,adam_wfn_reopt,nikuradse_2,0.25961214,0.3242138
28,gaussian_wfn_reopt,nikuradse_2,0.8789026,0.86523175
28,CGP_wfn_reopt,nikuradse_2,0.975195,0.9697886
29,adam_wfn_reopt,nikuradse_2,0.2072432,0.17118686
29,gaussian_wfn_reopt,nikuradse_2,0.7436749,0.6925645
29,CGP_wfn_reopt,nikuradse_2,0.93804634,0.94213295
0,adam_wfn_reopt,flow_stress_phip0.1,0.93456465,0.9323853
0,gaussian_wfn_reopt,flow_stress_phip0.1,0.9423392,0.9486314
0,CGP_wfn_reopt,flow_stress_phip0.1,0.7886385,0.76339763
1,adam_wfn_reopt,flow_stress_phip0.1,0.9620282,0.96658635
1,gaussian_wfn_reopt,flow_stress_phip0.1,0.9750666,0.98220885
1,CGP_wfn_reopt,flow_stress_phip0.1,0.9866014,0.9881858
2,adam_wfn_reopt,flow_stress_phip0.1,0.98970157,0.99310243
2,gaussian_wfn_reopt,flow_stress_phip0.1,-0.0064326525,-1.1920929e-07
2,CGP_wfn_reopt,flow_stress_phip0.1,0.9759469,0.9761594
3,adam_wfn_reopt,flow_stress_phip0.1,0.9846404,0.98440075
3,gaussian_wfn_reopt,flow_stress_phip0.1,0.9075433,0.91264606
3,CGP_wfn_reopt,flow_stress_phip0.1,0.9918377,0.9933019
4,adam_wfn_reopt,flow_stress_phip0.1,0.9523944,0.9597389
4,gaussian_wfn_reopt,flow_stress_phip0.1,0.96365744,0.96621734
4,CGP_wfn_reopt,flow_stress_phip0.1,0.980613,0.98570156
5,adam_wfn_reopt,flow_stress_phip0.1,0.978833,0.9804633
5,gaussian_wfn_reopt,flow_stress_phip0.1,0.7189928,0.71761894
5,CGP_wfn_reopt,flow_stress_phip0.1,0.94989663,0.95593524
6,adam_wfn_reopt,flow_stress_phip0.1,0.9633913,0.96547806
6,gaussian_wfn_reopt,flow_stress_phip0.1,0.4168169,0.3548668
6,CGP_wfn_reopt,flow_stress_phip0.1,0.9954637,0.9961455
7,adam_wfn_reopt,flow_stress_phip0.1,0.99524933,0.99644697
7,gaussian_wfn_reopt,flow_stress_phip0.1,0.80183715,0.8870009
7,CGP_wfn_reopt,flow_stress_phip0.1,0.9479195,0.9551794
8,adam_wfn_reopt,flow_stress_phip0.1,0.9879515,0.9885066
8,gaussian_wfn_reopt,flow_stress_phip0.1,0.92814994,0.9343423
8,CGP_wfn_reopt,flow_stress_phip0.1,0.80748314,0.9501326
9,adam_wfn_reopt,flow_stress_phip0.1,0.9909965,0.99369204
9,gaussian_wfn_reopt,flow_stress_phip0.1,0.6822176,0.6245408
9,CGP_wfn_reopt,flow_stress_phip0.1,0.9252589,0.928788
10,adam_wfn_reopt,flow_stress_phip0.1,-153.97646,0.99256086
10,gaussian_wfn_reopt,flow_stress_phip0.1,0.92865235,0.9343608
10,CGP_wfn_reopt,flow_stress_phip0.1,0.9721208,0.9744624
11,adam_wfn_reopt,flow_stress_phip0.1,0.9718822,0.980149
11,gaussian_wfn_reopt,flow_stress_phip0.1,0.9737342,0.97502005
11,CGP_wfn_reopt,flow_stress_phip0.1,0.96046406,0.95742995
12,adam_wfn_reopt,flow_stress_phip0.1,0.9207772,0.9424463
12,gaussian_wfn_reopt,flow_stress_phip0.1,0.91036814,0.9129437
12,CGP_wfn_reopt,flow_stress_phip0.1,0.9922333,0.9920029
13,adam_wfn_reopt,flow_stress_phip0.1,0.9702739,0.97453886
13,gaussian_wfn_reopt,flow_stress_phip0.1,0.9300825,0.95289737
13,CGP_wfn_reopt,flow_stress_phip0.1,0.98886776,0.98807037
14,adam_wfn_reopt,flow_stress_phip0.1,0.94786775,0.9551611
14,gaussian_wfn_reopt,flow_stress_phip0.1,0.9434935,0.9525072
14,CGP_wfn_reopt,flow_stress_phip0.1,0.87873936,0.8745595
15,adam_wfn_reopt,flow_stress_phip0.1,0.9543583,0.9608679
15,gaussian_wfn_reopt,flow_stress_phip0.1,0.9136803,0.9152846
15,CGP_wfn_reopt,flow_stress_phip0.1,0.975748,0.97907096
16,adam_wfn_reopt,flow_stress_phip0.1,0.8051929,0.9751291
16,gaussian_wfn_reopt,flow_stress_phip0.1,0.9026036,0.9257624
16,CGP_wfn_reopt,flow_stress_phip0.1,0.99154246,0.99303913
17,adam_wfn_reopt,flow_stress_phip0.1,0.8155974,0.98271483
17,gaussian_wfn_reopt,flow_stress_phip0.1,0.94810474,0.9549248
17,CGP_wfn_reopt,flow_stress_phip0.1,0.98508966,0.9850387
18,adam_wfn_reopt,flow_stress_phip0.1,-64.40263,0.90357447
18,gaussian_wfn_reopt,flow_stress_phip0.1,-0.0070540905,-1.1444092e-05
18,CGP_wfn_reopt,flow_stress_phip0.1,0.85070336,0.850347
19,adam_wfn_reopt,flow_stress_phip0.1,0.9175543,0.9473577
19,gaussian_wfn_reopt,flow_stress_phip0.1,0.9587331,0.9559966
19,CGP_wfn_reopt,flow_stress_phip0.1,0.98310035,0.9884056
20,adam_wfn_reopt,flow_stress_phip0.1,-1.4984932,0.9713621
20,gaussian_wfn_reopt,flow_stress_phip0.1,0.94466406,0.958862
20,CGP_wfn_reopt,flow_stress_phip0.1,0.3877917,0.4108104
21,adam_wfn_reopt,flow_stress_phip0.1,0.95750487,0.96605885
21,gaussian_wfn_reopt,flow_stress_phip0.1,0.96138245,0.96983075
21,CGP_wfn_reopt,flow_stress_phip0.1,0.9952842,0.99685675
22,adam_wfn_reopt,flow_stress_phip0.1,0.034724772,0.12656778
22,gaussian_wfn_reopt,flow_stress_phip0.1,0.6543691,0.6940093
22,CGP_wfn_reopt,flow_stress_phip0.1,0.9351054,0.9611395
23,adam_wfn_reopt,flow_stress_phip0.1,0.99339724,0.9947309
23,gaussian_wfn_reopt,flow_stress_phip0.1,0.97691125,0.98387355
23,CGP_wfn_reopt,flow_stress_phip0.1,0.97834015,0.9829542
24,adam_wfn_reopt,flow_stress_phip0.1,0.13521552,0.9294819
24,gaussian_wfn_reopt,flow_stress_phip0.1,0.6127078,0.7351732
24,CGP_wfn_reopt,flow_stress_phip0.1,0.96710587,0.975796
25,adam_wfn_reopt,flow_stress_phip0.1,0.8402982,0.9796252
25,gaussian_wfn_reopt,flow_stress_phip0.1,0.95040107,0.95809066
25,CGP_wfn_reopt,flow_stress_phip0.1,0.9311937,0.9875968
26,adam_wfn_reopt,flow_stress_phip0.1,0.8707509,0.86680233
26,gaussian_wfn_reopt,flow_stress_phip0.1,0.934934,0.9456947
26,CGP_wfn_reopt,flow_stress_phip0.1,0.99075276,0.99299765
27,adam_wfn_reopt,flow_stress_phip0.1,0.96423197,0.97466946
27,gaussian_wfn_reopt,flow_stress_phip0.1,0.910471,0.9125994
27,CGP_wfn_reopt,flow_stress_phip0.1,0.9657036,0.9741452
28,adam_wfn_reopt,flow_stress_phip0.1,-118.85251,0.97412795
28,gaussian_wfn_reopt,flow_stress_phip0.1,0.82921875,0.86173475
28,CGP_wfn_reopt,flow_stress_phip0.1,0.99208987,0.9924939
29,adam_wfn_reopt,flow_stress_phip0.1,0.9831601,0.98372585
29,gaussian_wfn_reopt,flow_stress_phip0.1,0.022854507,0.02200365
29,CGP_wfn_reopt,flow_stress_phip0.1,0.93488693,0.9493686
0,adam_win_bin_reopt,chemical_1_tower,0.83934414,0.8394576
0,gaussian_win_bin_reopt,chemical_1_tower,0.4870414,0.4725297
0,CGP_win_bin_reopt,chemical_1_tower,0.6223147,0.60854757
1,adam_win_bin_reopt,chemical_1_tower,0.6757963,0.66721034
1,gaussian_win_bin_reopt,chemical_1_tower,0.8017585,0.79254436
1,CGP_win_bin_reopt,chemical_1_tower,0.6215681,0.61587334
2,adam_win_bin_reopt,chemical_1_tower,0.81325245,0.80797565
2,gaussian_win_bin_reopt,chemical_1_tower,0.4982707,0.47041374
2,CGP_win_bin_reopt,chemical_1_tower,0.65374804,0.6496367
3,adam_win_bin_reopt,chemical_1_tower,0.81160706,0.8140521
3,gaussian_win_bin_reopt,chemical_1_tower,0.5978677,0.6234298
3,CGP_win_bin_reopt,chemical_1_tower,0.61725605,0.5889118
4,adam_win_bin_reopt,chemical_1_tower,0.77454567,0.7503582
4,gaussian_win_bin_reopt,chemical_1_tower,0.5661007,0.56578547
4,CGP_win_bin_reopt,chemical_1_tower,0.6562128,0.61997926
5,adam_win_bin_reopt,chemical_1_tower,0.7766505,0.78119385
5,gaussian_win_bin_reopt,chemical_1_tower,0.6465225,0.61346936
5,CGP_win_bin_reopt,chemical_1_tower,0.6085326,0.5864674
6,adam_win_bin_reopt,chemical_1_tower,0.6579771,0.6214687
6,gaussian_win_bin_reopt,chemical_1_tower,0.5221919,0.5177265
6,CGP_win_bin_reopt,chemical_1_tower,0.6290872,0.59100676
7,adam_win_bin_reopt,chemical_1_tower,0.57366633,0.5652646
7,gaussian_win_bin_reopt,chemical_1_tower,0.5242369,0.5392581
7,CGP_win_bin_reopt,chemical_1_tower,0.67425454,0.65722084
8,adam_win_bin_reopt,chemical_1_tower,0.822842,0.83577895
8,gaussian_win_bin_reopt,chemical_1_tower,0.532742,0.5148468
8,CGP_win_bin_reopt,chemical_1_tower,0.6890453,0.67176604
9,adam_win_bin_reopt,chemical_1_tower,0.64804757,0.64354116
9,gaussian_win_bin_reopt,chemical_1_tower,0.64933324,0.6180727
9,CGP_win_bin_reopt,chemical_1_tower,0.7480235,0.72077775
10,adam_win_bin_reopt,chemical_1_tower,0.754751,0.77683055
10,gaussian_win_bin_reopt,chemical_1_tower,0.58019954,0.5859679
10,CGP_win_bin_reopt,chemical_1_tower,0.62818736,0.5978744
11,adam_win_bin_reopt,chemical_1_tower,0.74701023,0.73365664
11,gaussian_win_bin_reopt,chemical_1_tower,0.7335315,0.6938764
11,CGP_win_bin_reopt,chemical_1_tower,0.6729517,0.6418488
12,adam_win_bin_reopt,chemical_1_tower,0.5583402,0.56346214
12,gaussian_win_bin_reopt,chemical_1_tower,0.6663544,0.6506039
12,CGP_win_bin_reopt,chemical_1_tower,0.60223585,0.58089995
13,adam_win_bin_reopt,chemical_1_tower,0.850264,0.84985495
13,gaussian_win_bin_reopt,chemical_1_tower,0.44221663,0.4260949
13,CGP_win_bin_reopt,chemical_1_tower,0.60816884,0.5909467
14,adam_win_bin_reopt,chemical_1_tower,0.82784224,0.8447615
14,gaussian_win_bin_reopt,chemical_1_tower,0.6926853,0.6364496
14,CGP_win_bin_reopt,chemical_1_tower,0.62160444,0.6092252
15,adam_win_bin_reopt,chemical_1_tower,0.8106581,0.8115085
15,gaussian_win_bin_reopt,chemical_1_tower,0.54998696,0.5450388
15,CGP_win_bin_reopt,chemical_1_tower,0.5727881,0.5493314
16,adam_win_bin_reopt,chemical_1_tower,0.6770649,0.6985271
16,gaussian_win_bin_reopt,chemical_1_tower,0.5071618,0.46214944
16,CGP_win_bin_reopt,chemical_1_tower,0.6370116,0.65547085
17,adam_win_bin_reopt,chemical_1_tower,0.6056462,0.61738145
17,gaussian_win_bin_reopt,chemical_1_tower,0.6071509,0.59650326
17,CGP_win_bin_reopt,chemical_1_tower,0.595834,0.5881258
18,adam_win_bin_reopt,chemical_1_tower,0.7712711,0.7633998
18,gaussian_win_bin_reopt,chemical_1_tower,0.6495033,0.6046839
18,CGP_win_bin_reopt,chemical_1_tower,0.64798903,0.6367295
19,adam_win_bin_reopt,chemical_1_tower,0.6183112,0.607561
19,gaussian_win_bin_reopt,chemical_1_tower,0.5356853,0.50372577
19,CGP_win_bin_reopt,chemical_1_tower,0.5736978,0.545434
20,adam_win_bin_reopt,chemical_1_tower,0.659997,0.61273825
20,gaussian_win_bin_reopt,chemical_1_tower,0.5256376,0.48492104
20,CGP_win_bin_reopt,chemical_1_tower,0.6900704,0.6723635
21,adam_win_bin_reopt,chemical_1_tower,0.7005154,0.7066432
21,gaussian_win_bin_reopt,chemical_1_tower,0.5331222,0.51742893
21,CGP_win_bin_reopt,chemical_1_tower,0.6378081,0.6415782
22,adam_win_bin_reopt,chemical_1_tower,0.74689734,0.7187787
22,gaussian_win_bin_reopt,chemical_1_tower,0.5436702,0.49721688
22,CGP_win_bin_reopt,chemical_1_tower,0.7015481,0.6740973
23,adam_win_bin_reopt,chemical_1_tower,0.5205952,0.5271026
23,gaussian_win_bin_reopt,chemical_1_tower,0.725583,0.70243955
23,CGP_win_bin_reopt,chemical_1_tower,0.6337388,0.6448821
24,adam_win_bin_reopt,chemical_1_tower,0.48297513,0.49847615
24,gaussian_win_bin_reopt,chemical_1_tower,0.53957665,0.49658877
24,CGP_win_bin_reopt,chemical_1_tower,0.67098486,0.6164944
25,adam_win_bin_reopt,chemical_1_tower,0.6715801,0.6637149
25,gaussian_win_bin_reopt,chemical_1_tower,0.5283147,0.49740458
25,CGP_win_bin_reopt,chemical_1_tower,0.632779,0.61523557
26,adam_win_bin_reopt,chemical_1_tower,0.55893534,0.53789485
26,gaussian_win_bin_reopt,chemical_1_tower,0.59458065,0.55280113
26,CGP_win_bin_reopt,chemical_1_tower,0.60967183,0.58323056
27,adam_win_bin_reopt,chemical_1_tower,0.7988817,0.7844675
27,gaussian_win_bin_reopt,chemical_1_tower,0.6070685,0.60084844
27,CGP_win_bin_reopt,chemical_1_tower,0.61265653,0.59562606
28,adam_win_bin_reopt,chemical_1_tower,0.75202507,0.7522905
28,gaussian_win_bin_reopt,chemical_1_tower,0.61253774,0.574559
28,CGP_win_bin_reopt,chemical_1_tower,0.6142937,0.6014222
29,adam_win_bin_reopt,chemical_1_tower,0.779059,0.7511604
29,gaussian_win_bin_reopt,chemical_1_tower,0.4851513,0.45270902
29,CGP_win_bin_reopt,chemical_1_tower,0.67188305,0.65478957
0,adam_win_bin_reopt,chemical_2_competition,0.21611989,0.29216146
0,gaussian_win_bin_reopt,chemical_2_competition,0.28096867,0.3327468
0,CGP_win_bin_reopt,chemical_2_competition,0.0060279965,0.052396953
1,adam_win_bin_reopt,chemical_2_competition,0.3141619,0.6374872
1,gaussian_win_bin_reopt,chemical_2_competition,0.10250634,0.17587811
1,CGP_win_bin_reopt,chemical_2_competition,0.011904538,0.0522362
2,adam_win_bin_reopt,chemical_2_competition,0.4816997,0.6420431
2,gaussian_win_bin_reopt,chemical_2_competition,0.041273355,0.078035355
2,CGP_win_bin_reopt,chemical_2_competition,0.14827985,0.31995678
3,adam_win_bin_reopt,chemical_2_competition,0.26489645,0.21780044
3,gaussian_win_bin_reopt,chemical_2_competition,-0.04291427,0.31369972
3,CGP_win_bin_reopt,chemical_2_competition,0.04333353,0.11873585
4,adam_win_bin_reopt,chemical_2_competition,0.018361688,0.42331737
4,gaussian_win_bin_reopt,chemical_2_competition,0.0076144338,0.06734562
4,CGP_win_bin_reopt,chemical_2_competition,0.030957162,0.34404236
5,adam_win_bin_reopt,chemical_2_competition,0.4153297,0.5173874
5,gaussian_win_bin_reopt,chemical_2_competition,-0.004647374,0.05856967
5,CGP_win_bin_reopt,chemical_2_competition,0.006381452,0.052596748
6,adam_win_bin_reopt,chemical_2_competition,0.022378683,0.4233994
6,gaussian_win_bin_reopt,chemical_2_competition,0.00519228,0.07203555
6,CGP_win_bin_reopt,chemical_2_competition,0.020760775,0.055801272
7,adam_win_bin_reopt,chemical_2_competition,0.49938983,0.34739202
7,gaussian_win_bin_reopt,chemical_2_competition,0.035984278,0.07870418
7,CGP_win_bin_reopt,chemical_2_competition,0.1132164,0.10440904
8,adam_win_bin_reopt,chemical_2_competition,-0.05347371,0.3393395
8,gaussian_win_bin_reopt,chemical_2_competition,0.02338785,0.12291229
8,CGP_win_bin_reopt,chemical_2_competition,0.013632238,0.051819086
9,adam_win_bin_reopt,chemical_2_competition,-0.7956883,0.5868741
9,gaussian_win_bin_reopt,chemical_2_competition,0.22191042,0.16631961
9,CGP_win_bin_reopt,chemical_2_competition,-0.09827316,0.036165476
10,adam_win_bin_reopt,chemical_2_competition,-0.037133574,0.44279683
10,gaussian_win_bin_reopt,chemical_2_competition,0.0062580705,0.12340927
10,CGP_win_bin_reopt,chemical_2_competition,-0.033562183,0.14135772
11,adam_win_bin_reopt,chemical_2_competition,-0.012611866,0.14849651
11,gaussian_win_bin_reopt,chemical_2_competition,0.038543165,0.078642905
11,CGP_win_bin_reopt,chemical_2_competition,0.06517607,0.093399525
12,adam_win_bin_reopt,chemical_2_competition,-0.05311048,0.57639885
12,gaussian_win_bin_reopt,chemical_2_competition,-0.059485555,0.19970077
12,CGP_win_bin_reopt,chemical_2_competition,0.20166957,0.14767766
13,adam_win_bin_reopt,chemical_2_competition,0.45353556,0.5181624
13,gaussian_win_bin_reopt,chemical_2_competition,0.0038616657,0.04899025
13,CGP_win_bin_reopt,chemical_2_competition,0.008405149,0.05262655
14,adam_win_bin_reopt,chemical_2_competition,0.19772172,0.16525179
14,gaussian_win_bin_reopt,chemical_2_competition,0.016100764,0.08168048
14,CGP_win_bin_reopt,chemical_2_competition,0.10995108,0.11395419
15,adam_win_bin_reopt,chemical_2_competition,0.03362578,0.31270587
15,gaussian_win_bin_reopt,chemical_2_competition,0.38850158,0.23948324
15,CGP_win_bin_reopt,chemical_2_competition,0.0688774,0.14106262
16,adam_win_bin_reopt,chemical_2_competition,0.13114834,0.4742316
16,gaussian_win_bin_reopt,chemical_2_competition,0.00886631,0.39970005
16,CGP_win_bin_reopt,chemical_2_competition,0.027101278,0.055443406
17,adam_win_bin_reopt,chemical_2_competition,0.593941,0.5562968
17,gaussian_win_bin_reopt,chemical_2_competition,0.042583287,0.47305518
17,CGP_win_bin_reopt,chemical_2_competition,0.049396038,0.097361684
18,adam_win_bin_reopt,chemical_2_competition,-0.01181972,0.28139377
18,gaussian_win_bin_reopt,chemical_2_competition,-0.0097875595,0.05739367
18,CGP_win_bin_reopt,chemical_2_competition,-0.11440158,0.45167488
19,adam_win_bin_reopt,chemical_2_competition,-0.051793575,0.52444303
19,gaussian_win_bin_reopt,chemical_2_competition,-0.06858683,0.29163826
19,CGP_win_bin_reopt,chemical_2_competition,0.0061423182,0.052479684
20,adam_win_bin_reopt,chemical_2_competition,0.14276361,0.5904224
20,gaussian_win_bin_reopt,chemical_2_competition,0.04906559,0.0795055
20,CGP_win_bin_reopt,chemical_2_competition,0.07044107,0.136451
21,adam_win_bin_reopt,chemical_2_competition,0.025161505,0.42322713
21,gaussian_win_bin_reopt,chemical_2_competition,0.1329751,0.16380167
21,CGP_win_bin_reopt,chemical_2_competition,-0.09324467,0.036216497
22,adam_win_bin_reopt,chemical_2_competition,0.495457,0.4349422
22,gaussian_win_bin_reopt,chemical_2_competition,-0.12221694,0.10611993
22,CGP_win_bin_reopt,chemical_2_competition,0.19970775,0.20698619
23,adam_win_bin_reopt,chemical_2_competition,-0.07922006,0.59816825
23,gaussian_win_bin_reopt,chemical_2_competition,0.5264056,0.4165697
23,CGP_win_bin_reopt,chemical_2_competition,0.15140653,0.2017901
24,adam_win_bin_reopt,chemical_2_competition,-0.0143015385,0.17485541
24,gaussian_win_bin_reopt,chemical_2_competition,-0.009993911,0.024597645
24,CGP_win_bin_reopt,chemical_2_competition,-0.015863895,0.20274168
25,adam_win_bin_reopt,chemical_2_competition,0.02644056,0.39544058
25,gaussian_win_bin_reopt,chemical_2_competition,0.4608205,0.40317076
25,CGP_win_bin_reopt,chemical_2_competition,0.14879555,0.16342932
26,adam_win_bin_reopt,chemical_2_competition,0.55300474,0.6486244
26,gaussian_win_bin_reopt,chemical_2_competition,0.03727287,0.07872254
26,CGP_win_bin_reopt,chemical_2_competition,0.033661783,0.18986267
27,adam_win_bin_reopt,chemical_2_competition,0.01769203,0.5323942
27,gaussian_win_bin_reopt,chemical_2_competition,0.050239205,0.07939619
27,CGP_win_bin_reopt,chemical_2_competition,0.030265093,0.09063214
28,adam_win_bin_reopt,chemical_2_competition,0.44734722,0.62105644
28,gaussian_win_bin_reopt,chemical_2_competition,-0.021249533,0.13676387
28,CGP_win_bin_reopt,chemical_2_competition,0.012125492,0.09935731
29,adam_win_bin_reopt,chemical_2_competition,0.4947266,0.66384256
29,gaussian_win_bin_reopt,chemical_2_competition,0.01939565,0.123199165
29,CGP_win_bin_reopt,chemical_2_competition,0.2006849,0.1475848
0,adam_win_bin_reopt,friction_dyn_one-hot,0.803289,0.8745896
0,gaussian_win_bin_reopt,friction_dyn_one-hot,0.587455,0.72256756
0,CGP_win_bin_reopt,friction_dyn_one-hot,-0.29289246,0.64931494
1,adam_win_bin_reopt,friction_dyn_one-hot,0.7387253,0.8117508
1,gaussian_win_bin_reopt,friction_dyn_one-hot,0.028823793,0.5228449
1,CGP_win_bin_reopt,friction_dyn_one-hot,0.4430502,0.59905386
2,adam_win_bin_reopt,friction_dyn_one-hot,-0.36922598,0.3926844
2,gaussian_win_bin_reopt,friction_dyn_one-hot,0.24757868,0.56154555
2,CGP_win_bin_reopt,friction_dyn_one-hot,0.055931747,0.5213093
3,adam_win_bin_reopt,friction_dyn_one-hot,0.5201111,0.71508604
3,gaussian_win_bin_reopt,friction_dyn_one-hot,0.46776843,0.72441703
3,CGP_win_bin_reopt,friction_dyn_one-hot,0.6289534,0.7651255
4,adam_win_bin_reopt,friction_dyn_one-hot,0.6879739,0.8137194
4,gaussian_win_bin_reopt,friction_dyn_one-hot,-0.00864768,0.49550658
4,CGP_win_bin_reopt,friction_dyn_one-hot,-0.023174763,0.37675697
5,adam_win_bin_reopt,friction_dyn_one-hot,-0.01115942,0.49621642
5,gaussian_win_bin_reopt,friction_dyn_one-hot,-0.017192125,0.49793172
5,CGP_win_bin_reopt,friction_dyn_one-hot,0.12788641,0.58966404
6,adam_win_bin_reopt,friction_dyn_one-hot,0.7737867,0.85621315
6,gaussian_win_bin_reopt,friction_dyn_one-hot,0.17280358,0.5502411
6,CGP_win_bin_reopt,friction_dyn_one-hot,-0.021631598,0.49557197
7,adam_win_bin_reopt,friction_dyn_one-hot,-0.016334295,0.50239474
7,gaussian_win_bin_reopt,friction_dyn_one-hot,0.15292543,0.5290808
7,CGP_win_bin_reopt,friction_dyn_one-hot,0.59451985,0.75166994
8,adam_win_bin_reopt,friction_dyn_one-hot,0.6490431,0.7877325
8,gaussian_win_bin_reopt,friction_dyn_one-hot,-0.03049481,0.42262524
8,CGP_win_bin_reopt,friction_dyn_one-hot,0.42597705,0.6391264
9,adam_win_bin_reopt,friction_dyn_one-hot,0.8339392,0.88589853
9,gaussian_win_bin_reopt,friction_dyn_one-hot,-0.066646814,0.4770013
9,CGP_win_bin_reopt,friction_dyn_one-hot,0.020482898,0.517207
10,adam_win_bin_reopt,friction_dyn_one-hot,0.7075981,0.81130296
10,gaussian_win_bin_reopt,friction_dyn_one-hot,-0.05803144,0.4218334
10,CGP_win_bin_reopt,friction_dyn_one-hot,0.2962728,0.6356698
11,adam_win_bin_reopt,friction_dyn_one-hot,0.028505027,0.51946926
11,gaussian_win_bin_reopt,friction_dyn_one-hot,0.46421587,0.66880304
11,CGP_win_bin_reopt,friction_dyn_one-hot,0.60917705,0.76546216
12,adam_win_bin_reopt,friction_dyn_one-hot,-0.013815522,0.48422587
12,gaussian_win_bin_reopt,friction_dyn_one-hot,-0.047461987,0.4143533
12,CGP_win_bin_reopt,friction_dyn_one-hot,0.41531008,0.62886834
13,adam_win_bin_reopt,friction_dyn_one-hot,0.092626095,0.51664376
13,gaussian_win_bin_reopt,friction_dyn_one-hot,-0.0051552057,-5.2452087e-06
13,CGP_win_bin_reopt,friction_dyn_one-hot,0.64038956,0.79179573
14,adam_win_bin_reopt,friction_dyn_one-hot,0.48665023,0.7026589
14,gaussian_win_bin_reopt,friction_dyn_one-hot,0.0045711994,0.5144583
14,CGP_win_bin_reopt,friction_dyn_one-hot,0.07292789,0.5300264
15,adam_win_bin_reopt,friction_dyn_one-hot,0.010497808,0.50951165
15,gaussian_win_bin_reopt,friction_dyn_one-hot,0.15895754,0.39056808
15,CGP_win_bin_reopt,friction_dyn_one-hot,-0.032630444,0.43139446
16,adam_win_bin_reopt,friction_dyn_one-hot,0.6451852,0.8407109
16,gaussian_win_bin_reopt,friction_dyn_one-hot,-0.13742173,0.38223833
16,CGP_win_bin_reopt,friction_dyn_one-hot,0.22192204,0.4108917
17,adam_win_bin_reopt,friction_dyn_one-hot,0.39215505,0.6083443
17,gaussian_win_bin_reopt,friction_dyn_one-hot,-0.0010813475,0.5057483
17,CGP_win_bin_reopt,friction_dyn_one-hot,0.6912761,0.7584195
18,adam_win_bin_reopt,friction_dyn_one-hot,-0.026126742,0.44914788
18,gaussian_win_bin_reopt,friction_dyn_one-hot,0.086936176,0.5194263
18,CGP_win_bin_reopt,friction_dyn_one-hot,0.1833064,0.6257051
19,adam_win_bin_reopt,friction_dyn_one-hot,0.755268,0.8515018
19,gaussian_win_bin_reopt,friction_dyn_one-hot,0.17949182,0.57707036
19,CGP_win_bin_reopt,friction_dyn_one-hot,0.5717416,0.7601086
20,adam_win_bin_reopt,friction_dyn_one-hot,0.7124719,0.8240429
20,gaussian_win_bin_reopt,friction_dyn_one-hot,0.15705496,0.5225534
20,CGP_win_bin_reopt,friction_dyn_one-hot,0.4994704,0.7509129
21,adam_win_bin_reopt,friction_dyn_one-hot,0.7578164,0.83486176
21,gaussian_win_bin_reopt,friction_dyn_one-hot,-0.005170107,-4.7683716e-06
21,CGP_win_bin_reopt,friction_dyn_one-hot,0.015908241,0.52159023
22,adam_win_bin_reopt,friction_dyn_one-hot,0.77531826,0.8726566
22,gaussian_win_bin_reopt,friction_dyn_one-hot,-0.16780436,0.39276445
22,CGP_win_bin_reopt,friction_dyn_one-hot,0.7429848,0.77061045
23,adam_win_bin_reopt,friction_dyn_one-hot,-0.07046795,0.42048246
23,gaussian_win_bin_reopt,friction_dyn_one-hot,0.03157991,0.50907195
23,CGP_win_bin_reopt,friction_dyn_one-hot,0.6070496,0.7503108
24,adam_win_bin_reopt,friction_dyn_one-hot,0.052042365,0.5202734
24,gaussian_win_bin_reopt,friction_dyn_one-hot,-0.009549856,0.39872295
24,CGP_win_bin_reopt,friction_dyn_one-hot,0.19179708,0.11735308
25,adam_win_bin_reopt,friction_dyn_one-hot,-0.071798444,0.3924309
25,gaussian_win_bin_reopt,friction_dyn_one-hot,0.18512481,0.11946297
25,CGP_win_bin_reopt,friction_dyn_one-hot,0.59659374,0.81002337
26,adam_win_bin_reopt,friction_dyn_one-hot,0.5096735,0.6923508
26,gaussian_win_bin_reopt,friction_dyn_one-hot,0.48000145,0.67958844
26,CGP_win_bin_reopt,friction_dyn_one-hot,0.6856845,0.7865548
27,adam_win_bin_reopt,friction_dyn_one-hot,0.7198212,0.8220412
27,gaussian_win_bin_reopt,friction_dyn_one-hot,0.6387763,0.7959196
27,CGP_win_bin_reopt,friction_dyn_one-hot,0.7178588,0.78833246
28,adam_win_bin_reopt,friction_dyn_one-hot,-0.037184358,0.4315297
28,gaussian_win_bin_reopt,friction_dyn_one-hot,-0.012794137,0.49901438
28,CGP_win_bin_reopt,friction_dyn_one-hot,0.7790396,0.8452772
29,adam_win_bin_reopt,friction_dyn_one-hot,0.3737986,0.6071565
29,gaussian_win_bin_reopt,friction_dyn_one-hot,0.042626858,0.51630193
29,CGP_win_bin_reopt,friction_dyn_one-hot,0.659265,0.7604468
0,adam_win_bin_reopt,friction_stat_one-hot,0.116161525,0.5050479
0,gaussian_win_bin_reopt,friction_stat_one-hot,-0.0087246895,0.5249182
0,CGP_win_bin_reopt,friction_stat_one-hot,0.04342246,0.5861626
1,adam_win_bin_reopt,friction_stat_one-hot,0.0014987588,0.52623594
1,gaussian_win_bin_reopt,friction_stat_one-hot,0.23414898,0.5590708
1,CGP_win_bin_reopt,friction_stat_one-hot,0.3135478,0.43283635
2,adam_win_bin_reopt,friction_stat_one-hot,0.54607415,0.7196139
2,gaussian_win_bin_reopt,friction_stat_one-hot,0.3231117,0.5349226
2,CGP_win_bin_reopt,friction_stat_one-hot,-0.055729747,0.51038575
3,adam_win_bin_reopt,friction_stat_one-hot,0.14649254,0.64901245
3,gaussian_win_bin_reopt,friction_stat_one-hot,0.015066862,0.5354415
3,CGP_win_bin_reopt,friction_stat_one-hot,0.06518328,0.5911243
4,adam_win_bin_reopt,friction_stat_one-hot,-0.077317,0.513004
4,gaussian_win_bin_reopt,friction_stat_one-hot,-0.061102152,0.5047121
4,CGP_win_bin_reopt,friction_stat_one-hot,0.14131391,0.08336067
5,adam_win_bin_reopt,friction_stat_one-hot,0.35703778,0.53903025
5,gaussian_win_bin_reopt,friction_stat_one-hot,-0.024902701,0.52521235
5,CGP_win_bin_reopt,friction_stat_one-hot,-0.052769184,0.51455176
6,adam_win_bin_reopt,friction_stat_one-hot,0.5743152,0.50731117
6,gaussian_win_bin_reopt,friction_stat_one-hot,0.15362829,0.08884841
6,CGP_win_bin_reopt,friction_stat_one-hot,-0.088517666,0.5236763
7,adam_win_bin_reopt,friction_stat_one-hot,0.74078786,0.7621955
7,gaussian_win_bin_reopt,friction_stat_one-hot,-0.024156809,0.51993996
7,CGP_win_bin_reopt,friction_stat_one-hot,-0.16319847,0.48276383
8,adam_win_bin_reopt,friction_stat_one-hot,0.71974015,0.7951598
8,gaussian_win_bin_reopt,friction_stat_one-hot,0.043009162,0.5199146
8,CGP_win_bin_reopt,friction_stat_one-hot,-0.03849399,0.5295165
9,adam_win_bin_reopt,friction_stat_one-hot,0.053563774,0.039022505
9,gaussian_win_bin_reopt,friction_stat_one-hot,0.13940138,0.07751584
9,CGP_win_bin_reopt,friction_stat_one-hot,0.18092239,0.6318672
10,adam_win_bin_reopt,friction_stat_one-hot,0.77561915,0.81309676
10,gaussian_win_bin_reopt,friction_stat_one-hot,-0.109264374,0.46550125
10,CGP_win_bin_reopt,friction_stat_one-hot,-0.08916271,0.51158994
11,adam_win_bin_reopt,friction_stat_one-hot,0.7274816,0.787174
11,gaussian_win_bin_reopt,friction_stat_one-hot,0.16509366,0.30175668
11,CGP_win_bin_reopt,friction_stat_one-hot,0.053539872,0.5996338
12,adam_win_bin_reopt,friction_stat_one-hot,0.35655105,0.46912968
12,gaussian_win_bin_reopt,friction_stat_one-hot,-0.07880902,0.4914022
12,CGP_win_bin_reopt,friction_stat_one-hot,0.14895374,0.62306106
13,adam_win_bin_reopt,friction_stat_one-hot,0.81923693,0.78003156
13,gaussian_win_bin_reopt,friction_stat_one-hot,-0.020604491,0.50447905
13,CGP_win_bin_reopt,friction_stat_one-hot,0.10938513,0.6360671
14,adam_win_bin_reopt,friction_stat_one-hot,0.13565737,0.6376064
14,gaussian_win_bin_reopt,friction_stat_one-hot,0.21604395,0.6065633
14,CGP_win_bin_reopt,friction_stat_one-hot,-0.13508916,0.45606154
15,adam_win_bin_reopt,friction_stat_one-hot,-0.06993961,0.5124626
15,gaussian_win_bin_reopt,friction_stat_one-hot,-0.062331557,0.51361215
15,CGP_win_bin_reopt,friction_stat_one-hot,0.10250008,0.5918242
16,adam_win_bin_reopt,friction_stat_one-hot,0.5819012,0.7119984
16,gaussian_win_bin_reopt,friction_stat_one-hot,0.121329725,0.1877923
16,CGP_win_bin_reopt,friction_stat_one-hot,0.030480087,0.53075767
17,adam_win_bin_reopt,friction_stat_one-hot,-0.013844252,0.52733755
17,gaussian_win_bin_reopt,friction_stat_one-hot,0.32649934,0.4502896
17,CGP_win_bin_reopt,friction_stat_one-hot,-0.1286143,0.4807204
18,adam_win_bin_reopt,friction_stat_one-hot,0.7393093,0.7968215
18,gaussian_win_bin_reopt,friction_stat_one-hot,-0.0028210878,-1.4305115e-06
18,CGP_win_bin_reopt,friction_stat_one-hot,0.052534997,0.5725908
19,adam_win_bin_reopt,friction_stat_one-hot,0.14220428,0.60553074
19,gaussian_win_bin_reopt,friction_stat_one-hot,-0.0024001598,-2.0742416e-05
19,CGP_win_bin_reopt,friction_stat_one-hot,0.0025783777,0.528888
20,adam_win_bin_reopt,friction_stat_one-hot,0.5337276,0.7017857
20,gaussian_win_bin_reopt,friction_stat_one-hot,0.066667974,0.46962446
20,CGP_win_bin_reopt,friction_stat_one-hot,0.13994205,0.6328739
21,adam_win_bin_reopt,friction_stat_one-hot,0.07497722,0.6064136
21,gaussian_win_bin_reopt,friction_stat_one-hot,-0.011508822,0.51778364
21,CGP_win_bin_reopt,friction_stat_one-hot,0.13025492,0.60035133
22,adam_win_bin_reopt,friction_stat_one-hot,-0.16069984,0.49215275
22,gaussian_win_bin_reopt,friction_stat_one-hot,-0.035651922,0.52239156
22,CGP_win_bin_reopt,friction_stat_one-hot,0.16095877,0.6003976
23,adam_win_bin_reopt,friction_stat_one-hot,0.5099132,0.69320226
23,gaussian_win_bin_reopt,friction_stat_one-hot,-0.071251035,0.5103781
23,CGP_win_bin_reopt,friction_stat_one-hot,0.080174804,0.4751191
24,adam_win_bin_reopt,friction_stat_one-hot,0.20115036,0.64349306
24,gaussian_win_bin_reopt,friction_stat_one-hot,-0.06887615,0.50170875
24,CGP_win_bin_reopt,friction_stat_one-hot,-0.11543417,0.44488013
25,adam_win_bin_reopt,friction_stat_one-hot,0.7044498,0.7921394
25,gaussian_win_bin_reopt,friction_stat_one-hot,0.077530265,0.029037058
25,CGP_win_bin_reopt,friction_stat_one-hot,0.0794664,0.6095388
26,adam_win_bin_reopt,friction_stat_one-hot,0.0710035,0.59090316
26,gaussian_win_bin_reopt,friction_stat_one-hot,-0.015277386,0.53878
26,CGP_win_bin_reopt,friction_stat_one-hot,0.14987564,0.6555248
27,adam_win_bin_reopt,friction_stat_one-hot,0.6162832,0.7271949
27,gaussian_win_bin_reopt,friction_stat_one-hot,0.3316421,0.47560537
27,CGP_win_bin_reopt,friction_stat_one-hot,0.020721376,0.5717076
28,adam_win_bin_reopt,friction_stat_one-hot,0.013387859,0.52510756
28,gaussian_win_bin_reopt,friction_stat_one-hot,0.14756233,0.08762163
28,CGP_win_bin_reopt,friction_stat_one-hot,-0.020354867,0.55510706
29,adam_win_bin_reopt,friction_stat_one-hot,0.1123839,0.6019166
29,gaussian_win_bin_reopt,friction_stat_one-hot,-0.07783556,0.51293975
29,CGP_win_bin_reopt,friction_stat_one-hot,0.6343323,0.6782446
0,adam_win_bin_reopt,nasa_battery_1_10min,0.83708745,0.9607583
0,gaussian_win_bin_reopt,nasa_battery_1_10min,0.857659,0.9427198
0,CGP_win_bin_reopt,nasa_battery_1_10min,0.89726317,0.98651236
1,adam_win_bin_reopt,nasa_battery_1_10min,0.94682306,0.9865298
1,gaussian_win_bin_reopt,nasa_battery_1_10min,0.828957,0.81123614
1,CGP_win_bin_reopt,nasa_battery_1_10min,0.9629489,0.9876901
2,adam_win_bin_reopt,nasa_battery_1_10min,0.7165737,0.8542907
2,gaussian_win_bin_reopt,nasa_battery_1_10min,0.8224117,0.8938548
2,CGP_win_bin_reopt,nasa_battery_1_10min,0.88395786,0.95898247
3,adam_win_bin_reopt,nasa_battery_1_10min,0.32043612,0.9419404
3,gaussian_win_bin_reopt,nasa_battery_1_10min,0.741044,0.9136267
3,CGP_win_bin_reopt,nasa_battery_1_10min,0.9426005,0.97964084
4,adam_win_bin_reopt,nasa_battery_1_10min,0.85323155,0.96237767
4,gaussian_win_bin_reopt,nasa_battery_1_10min,0.92983925,0.965447
4,CGP_win_bin_reopt,nasa_battery_1_10min,0.96524906,0.9849122
5,adam_win_bin_reopt,nasa_battery_1_10min,0.87762725,0.9857826
5,gaussian_win_bin_reopt,nasa_battery_1_10min,0.4168082,0.86539084
5,CGP_win_bin_reopt,nasa_battery_1_10min,0.991426,0.98896354
6,adam_win_bin_reopt,nasa_battery_1_10min,0.92919517,0.9849846
6,gaussian_win_bin_reopt,nasa_battery_1_10min,0.7401117,0.9137773
6,CGP_win_bin_reopt,nasa_battery_1_10min,0.92186856,0.98845387
7,adam_win_bin_reopt,nasa_battery_1_10min,0.8605467,0.98090935
7,gaussian_win_bin_reopt,nasa_battery_1_10min,0.8672633,0.94257134
7,CGP_win_bin_reopt,nasa_battery_1_10min,0.90809125,0.98145086
8,adam_win_bin_reopt,nasa_battery_1_10min,0.8489004,0.9506454
8,gaussian_win_bin_reopt,nasa_battery_1_10min,0.7439202,0.9132926
8,CGP_win_bin_reopt,nasa_battery_1_10min,0.89271075,0.9805897
9,adam_win_bin_reopt,nasa_battery_1_10min,0.9571421,0.92581445
9,gaussian_win_bin_reopt,nasa_battery_1_10min,0.27685505,0.95837456
9,CGP_win_bin_reopt,nasa_battery_1_10min,0.86963236,0.9853667
10,adam_win_bin_reopt,nasa_battery_1_10min,0.63976526,0.9664553
10,gaussian_win_bin_reopt,nasa_battery_1_10min,0.92510146,0.89343756
10,CGP_win_bin_reopt,nasa_battery_1_10min,0.7987663,0.97606987
11,adam_win_bin_reopt,nasa_battery_1_10min,0.5247741,0.929105
11,gaussian_win_bin_reopt,nasa_battery_1_10min,0.77896893,0.9479146
11,CGP_win_bin_reopt,nasa_battery_1_10min,0.9710098,0.98745376
12,adam_win_bin_reopt,nasa_battery_1_10min,0.16110557,0.92835
12,gaussian_win_bin_reopt,nasa_battery_1_10min,0.8530788,0.9548749
12,CGP_win_bin_reopt,nasa_battery_1_10min,0.9763026,0.9909443
13,adam_win_bin_reopt,nasa_battery_1_10min,0.92823243,0.98870564
13,gaussian_win_bin_reopt,nasa_battery_1_10min,0.1700216,0.90985805
13,CGP_win_bin_reopt,nasa_battery_1_10min,0.889329,0.9816026
14,adam_win_bin_reopt,nasa_battery_1_10min,0.60807705,0.5251113
14,gaussian_win_bin_reopt,nasa_battery_1_10min,0.88416606,0.82869184
14,CGP_win_bin_reopt,nasa_battery_1_10min,0.42161584,0.9168388
15,adam_win_bin_reopt,nasa_battery_1_10min,0.93834543,0.9726182
15,gaussian_win_bin_reopt,nasa_battery_1_10min,0.84686965,0.9721459
15,CGP_win_bin_reopt,nasa_battery_1_10min,0.965929,0.9894729
16,adam_win_bin_reopt,nasa_battery_1_10min,0.9169886,0.9875459
16,gaussian_win_bin_reopt,nasa_battery_1_10min,0.92087156,0.9616158
16,CGP_win_bin_reopt,nasa_battery_1_10min,0.671826,0.96858037
17,adam_win_bin_reopt,nasa_battery_1_10min,0.8170716,0.96245563
17,gaussian_win_bin_reopt,nasa_battery_1_10min,0.9028287,0.8845604
17,CGP_win_bin_reopt,nasa_battery_1_10min,0.7661426,0.9601652
18,adam_win_bin_reopt,nasa_battery_1_10min,0.9018254,0.87521595
18,gaussian_win_bin_reopt,nasa_battery_1_10min,0.78610027,0.9557134
18,CGP_win_bin_reopt,nasa_battery_1_10min,0.97677135,0.9880521
19,adam_win_bin_reopt,nasa_battery_1_10min,0.96924525,0.86148345
19,gaussian_win_bin_reopt,nasa_battery_1_10min,0.86817145,0.8999248
19,CGP_win_bin_reopt,nasa_battery_1_10min,0.787388,0.98451567
20,adam_win_bin_reopt,nasa_battery_1_10min,-1.7105086,0.7948688
20,gaussian_win_bin_reopt,nasa_battery_1_10min,0.94379777,0.91726625
20,CGP_win_bin_reopt,nasa_battery_1_10min,0.92808336,0.98620015
21,adam_win_bin_reopt,nasa_battery_1_10min,0.39001644,0.9074042
21,gaussian_win_bin_reopt,nasa_battery_1_10min,-0.5078409,0.4997635
21,CGP_win_bin_reopt,nasa_battery_1_10min,0.7751521,0.90547025
22,adam_win_bin_reopt,nasa_battery_1_10min,0.9207282,0.9449672
22,gaussian_win_bin_reopt,nasa_battery_1_10min,0.88435614,0.9660602
22,CGP_win_bin_reopt,nasa_battery_1_10min,0.657075,0.98210377
23,adam_win_bin_reopt,nasa_battery_1_10min,0.7076999,0.98346734
23,gaussian_win_bin_reopt,nasa_battery_1_10min,0.71940345,0.9519742
23,CGP_win_bin_reopt,nasa_battery_1_10min,0.96093595,0.9847429
24,adam_win_bin_reopt,nasa_battery_1_10min,0.7697059,0.9144789
24,gaussian_win_bin_reopt,nasa_battery_1_10min,0.64762247,0.9456099
24,CGP_win_bin_reopt,nasa_battery_1_10min,0.88270897,0.96357214
25,adam_win_bin_reopt,nasa_battery_1_10min,0.8836801,0.9882687
25,gaussian_win_bin_reopt,nasa_battery_1_10min,0.8207735,0.9026609
25,CGP_win_bin_reopt,nasa_battery_1_10min,0.9639642,0.98190665
26,adam_win_bin_reopt,nasa_battery_1_10min,0.90721786,0.96401507
26,gaussian_win_bin_reopt,nasa_battery_1_10min,0.8775563,0.96208584
26,CGP_win_bin_reopt,nasa_battery_1_10min,0.9077272,0.98709893
27,adam_win_bin_reopt,nasa_battery_1_10min,0.6961845,0.91181296
27,gaussian_win_bin_reopt,nasa_battery_1_10min,0.7618971,0.95615816
27,CGP_win_bin_reopt,nasa_battery_1_10min,0.8984361,0.9794287
28,adam_win_bin_reopt,nasa_battery_1_10min,0.8708913,0.9678015
28,gaussian_win_bin_reopt,nasa_battery_1_10min,0.7788141,0.95371354
28,CGP_win_bin_reopt,nasa_battery_1_10min,0.9332092,0.98491895
29,adam_win_bin_reopt,nasa_battery_1_10min,0.830571,0.92419267
29,gaussian_win_bin_reopt,nasa_battery_1_10min,0.7496134,0.96344686
29,CGP_win_bin_reopt,nasa_battery_1_10min,0.97172993,0.98998976
0,adam_win_bin_reopt,nasa_battery_2_20min,0.9830066,0.97293925
0,gaussian_win_bin_reopt,nasa_battery_2_20min,0.87666297,0.81573427
0,CGP_win_bin_reopt,nasa_battery_2_20min,0.9611896,0.97346765
1,adam_win_bin_reopt,nasa_battery_2_20min,0.9680018,0.95078856
1,gaussian_win_bin_reopt,nasa_battery_2_20min,-0.033860803,0.5874343
1,CGP_win_bin_reopt,nasa_battery_2_20min,0.9864643,0.9691587
2,adam_win_bin_reopt,nasa_battery_2_20min,0.97880346,0.98795706
2,gaussian_win_bin_reopt,nasa_battery_2_20min,0.9595907,0.9533957
2,CGP_win_bin_reopt,nasa_battery_2_20min,0.9569765,0.9631102
3,adam_win_bin_reopt,nasa_battery_2_20min,0.5425607,0.49322855
3,gaussian_win_bin_reopt,nasa_battery_2_20min,0.5453811,0.49318206
3,CGP_win_bin_reopt,nasa_battery_2_20min,0.92911756,0.9625794
4,adam_win_bin_reopt,nasa_battery_2_20min,0.57617986,0.6687118
4,gaussian_win_bin_reopt,nasa_battery_2_20min,0.8851134,0.8515668
4,CGP_win_bin_reopt,nasa_battery_2_20min,0.9201927,0.9165728
5,adam_win_bin_reopt,nasa_battery_2_20min,0.77058226,0.73747635
5,gaussian_win_bin_reopt,nasa_battery_2_20min,0.82848763,0.7833597
5,CGP_win_bin_reopt,nasa_battery_2_20min,0.9794416,0.9786148
6,adam_win_bin_reopt,nasa_battery_2_20min,0.9672067,0.9630617
6,gaussian_win_bin_reopt,nasa_battery_2_20min,0.93629825,0.87725097
6,CGP_win_bin_reopt,nasa_battery_2_20min,0.9711778,0.9752844
7,adam_win_bin_reopt,nasa_battery_2_20min,0.978651,0.9701537
7,gaussian_win_bin_reopt,nasa_battery_2_20min,0.8286398,0.77986175
7,CGP_win_bin_reopt,nasa_battery_2_20min,0.9810435,0.9846197
8,adam_win_bin_reopt,nasa_battery_2_20min,0.98014015,0.97531897
8,gaussian_win_bin_reopt,nasa_battery_2_20min,0.9389216,0.9330725
8,CGP_win_bin_reopt,nasa_battery_2_20min,0.9754194,0.98119295
9,adam_win_bin_reopt,nasa_battery_2_20min,0.9723669,0.9623185
9,gaussian_win_bin_reopt,nasa_battery_2_20min,0.86215395,0.807061
9,CGP_win_bin_reopt,nasa_battery_2_20min,0.97117,0.9662707
10,adam_win_bin_reopt,nasa_battery_2_20min,0.8029697,0.8150217
10,gaussian_win_bin_reopt,nasa_battery_2_20min,0.81676555,0.7738495
10,CGP_win_bin_reopt,nasa_battery_2_20min,0.9731158,0.9594468
11,adam_win_bin_reopt,nasa_battery_2_20min,0.97186476,0.9802721
11,gaussian_win_bin_reopt,nasa_battery_2_20min,0.88416505,0.82476836
11,CGP_win_bin_reopt,nasa_battery_2_20min,0.9264478,0.93085426
12,adam_win_bin_reopt,nasa_battery_2_20min,0.9360686,0.93949234
12,gaussian_win_bin_reopt,nasa_battery_2_20min,0.8645141,0.8656961
12,CGP_win_bin_reopt,nasa_battery_2_20min,0.9080658,0.8613387
13,adam_win_bin_reopt,nasa_battery_2_20min,0.8293703,0.78286886
13,gaussian_win_bin_reopt,nasa_battery_2_20min,0.7854617,0.7642067
13,CGP_win_bin_reopt,nasa_battery_2_20min,0.9632783,0.95219994
14,adam_win_bin_reopt,nasa_battery_2_20min,0.974114,0.960956
14,gaussian_win_bin_reopt,nasa_battery_2_20min,0.8748327,0.82793915
14,CGP_win_bin_reopt,nasa_battery_2_20min,0.9321799,0.90399694
15,adam_win_bin_reopt,nasa_battery_2_20min,0.95268863,0.9888553
15,gaussian_win_bin_reopt,nasa_battery_2_20min,0.9607903,0.9263744
15,CGP_win_bin_reopt,nasa_battery_2_20min,0.97072774,0.9705405
16,adam_win_bin_reopt,nasa_battery_2_20min,0.88992405,0.87766373
16,gaussian_win_bin_reopt,nasa_battery_2_20min,0.8888576,0.8570522
16,CGP_win_bin_reopt,nasa_battery_2_20min,0.9617505,0.944103
17,adam_win_bin_reopt,nasa_battery_2_20min,0.9647622,0.9864582
17,gaussian_win_bin_reopt,nasa_battery_2_20min,0.8960163,0.87381315
17,CGP_win_bin_reopt,nasa_battery_2_20min,0.94086146,0.9072728
18,adam_win_bin_reopt,nasa_battery_2_20min,0.97714496,0.981765
18,gaussian_win_bin_reopt,nasa_battery_2_20min,0.94062006,0.924578
18,CGP_win_bin_reopt,nasa_battery_2_20min,0.97040105,0.9639709
19,adam_win_bin_reopt,nasa_battery_2_20min,0.839759,0.82136655
19,gaussian_win_bin_reopt,nasa_battery_2_20min,0.9067719,0.8938828
19,CGP_win_bin_reopt,nasa_battery_2_20min,0.8638172,0.86940825
20,adam_win_bin_reopt,nasa_battery_2_20min,0.93188834,0.887363
20,gaussian_win_bin_reopt,nasa_battery_2_20min,0.75456804,0.7537244
20,CGP_win_bin_reopt,nasa_battery_2_20min,0.85703266,0.83748394
21,adam_win_bin_reopt,nasa_battery_2_20min,0.823731,0.7753482
21,gaussian_win_bin_reopt,nasa_battery_2_20min,0.84952664,0.8622463
21,CGP_win_bin_reopt,nasa_battery_2_20min,0.8023329,0.7636167
22,adam_win_bin_reopt,nasa_battery_2_20min,0.7393436,0.72021645
22,gaussian_win_bin_reopt,nasa_battery_2_20min,0.6483964,0.8156431
22,CGP_win_bin_reopt,nasa_battery_2_20min,0.96610063,0.96276635
23,adam_win_bin_reopt,nasa_battery_2_20min,0.9757868,0.97969633
23,gaussian_win_bin_reopt,nasa_battery_2_20min,0.94945854,0.9504406
23,CGP_win_bin_reopt,nasa_battery_2_20min,0.94336927,0.9314802
24,adam_win_bin_reopt,nasa_battery_2_20min,0.9736931,0.94978917
24,gaussian_win_bin_reopt,nasa_battery_2_20min,0.88852346,0.8264762
24,CGP_win_bin_reopt,nasa_battery_2_20min,0.97134125,0.94373506
25,adam_win_bin_reopt,nasa_battery_2_20min,0.9879726,0.9756571
25,gaussian_win_bin_reopt,nasa_battery_2_20min,0.9751668,0.9617275
25,CGP_win_bin_reopt,nasa_battery_2_20min,0.94117296,0.9446515
26,adam_win_bin_reopt,nasa_battery_2_20min,0.81946784,0.8235069
26,gaussian_win_bin_reopt,nasa_battery_2_20min,0.81681204,0.77410793
26,CGP_win_bin_reopt,nasa_battery_2_20min,0.9778926,0.95871097
27,adam_win_bin_reopt,nasa_battery_2_20min,0.97976553,0.98032624
27,gaussian_win_bin_reopt,nasa_battery_2_20min,0.8757112,0.8751532
27,CGP_win_bin_reopt,nasa_battery_2_20min,0.9473213,0.9418368
28,adam_win_bin_reopt,nasa_battery_2_20min,0.9521184,0.9556664
28,gaussian_win_bin_reopt,nasa_battery_2_20min,0.92899567,0.8854681
28,CGP_win_bin_reopt,nasa_battery_2_20min,0.9170934,0.8994046
29,adam_win_bin_reopt,nasa_battery_2_20min,0.96834683,0.971155
29,gaussian_win_bin_reopt,nasa_battery_2_20min,0.91290927,0.8960321
29,CGP_win_bin_reopt,nasa_battery_2_20min,0.85478294,0.8212527
0,adam_win_bin_reopt,nikuradse_1,0.3049633,0.9868985
0,gaussian_win_bin_reopt,nikuradse_1,0.8515077,0.9642914
0,CGP_win_bin_reopt,nikuradse_1,0.62623906,0.9674909
1,adam_win_bin_reopt,nikuradse_1,-0.027651906,0.980169
1,gaussian_win_bin_reopt,nikuradse_1,0.8411879,0.9646654
1,CGP_win_bin_reopt,nikuradse_1,0.8556651,0.9645601
2,adam_win_bin_reopt,nikuradse_1,0.8779781,0.97854877
2,gaussian_win_bin_reopt,nikuradse_1,0.8510613,0.9648447
2,CGP_win_bin_reopt,nikuradse_1,0.8492693,0.96419233
3,adam_win_bin_reopt,nikuradse_1,0.8574409,0.96304923
3,gaussian_win_bin_reopt,nikuradse_1,0.848915,0.96417016
3,CGP_win_bin_reopt,nikuradse_1,0.8029712,0.96451366
4,adam_win_bin_reopt,nikuradse_1,0.8571994,0.96318686
4,gaussian_win_bin_reopt,nikuradse_1,0.8091073,0.9643524
4,CGP_win_bin_reopt,nikuradse_1,-2.334897,0.9768535
5,adam_win_bin_reopt,nikuradse_1,0.7213682,0.9614879
5,gaussian_win_bin_reopt,nikuradse_1,0.7441007,0.954574
5,CGP_win_bin_reopt,nikuradse_1,0.85869646,0.9651488
6,adam_win_bin_reopt,nikuradse_1,0.8523758,0.96430373
6,gaussian_win_bin_reopt,nikuradse_1,0.51460844,0.95719904
6,CGP_win_bin_reopt,nikuradse_1,0.77830017,0.9611691
7,adam_win_bin_reopt,nikuradse_1,0.8493869,0.9650169
7,gaussian_win_bin_reopt,nikuradse_1,0.7093111,0.9629865
7,CGP_win_bin_reopt,nikuradse_1,0.87122315,0.9617534
8,adam_win_bin_reopt,nikuradse_1,0.8328091,0.93702507
8,gaussian_win_bin_reopt,nikuradse_1,0.79356486,0.9636259
8,CGP_win_bin_reopt,nikuradse_1,0.8353313,0.96654373
9,adam_win_bin_reopt,nikuradse_1,0.8508434,0.96411246
9,gaussian_win_bin_reopt,nikuradse_1,0.85161316,0.9642882
9,CGP_win_bin_reopt,nikuradse_1,-0.26644623,0.9906355
10,adam_win_bin_reopt,nikuradse_1,0.84958833,0.96573895
10,gaussian_win_bin_reopt,nikuradse_1,0.85916984,0.9629541
10,CGP_win_bin_reopt,nikuradse_1,0.55449754,0.9724166
11,adam_win_bin_reopt,nikuradse_1,0.88099015,0.98069656
11,gaussian_win_bin_reopt,nikuradse_1,0.850505,0.9643624
11,CGP_win_bin_reopt,nikuradse_1,0.87752306,0.97019464
12,adam_win_bin_reopt,nikuradse_1,-1.0693827,0.957005
12,gaussian_win_bin_reopt,nikuradse_1,0.85169613,0.9642584
12,CGP_win_bin_reopt,nikuradse_1,0.78620166,0.9656094
13,adam_win_bin_reopt,nikuradse_1,0.84935266,0.9641926
13,gaussian_win_bin_reopt,nikuradse_1,0.8635645,0.9652045
13,CGP_win_bin_reopt,nikuradse_1,0.84824294,0.9632849
14,adam_win_bin_reopt,nikuradse_1,0.63224345,0.9640918
14,gaussian_win_bin_reopt,nikuradse_1,0.85730755,0.9653867
14,CGP_win_bin_reopt,nikuradse_1,0.82664895,0.96482337
15,adam_win_bin_reopt,nikuradse_1,0.92828023,0.97959495
15,gaussian_win_bin_reopt,nikuradse_1,0.85045373,0.9647966
15,CGP_win_bin_reopt,nikuradse_1,0.7076661,0.9871746
16,adam_win_bin_reopt,nikuradse_1,0.85865504,0.96079826
16,gaussian_win_bin_reopt,nikuradse_1,0.8484834,0.9644957
16,CGP_win_bin_reopt,nikuradse_1,0.8972317,0.9752034
17,adam_win_bin_reopt,nikuradse_1,0.8460114,0.9638705
17,gaussian_win_bin_reopt,nikuradse_1,0.86710966,0.969291
17,CGP_win_bin_reopt,nikuradse_1,0.8412497,0.9645411
18,adam_win_bin_reopt,nikuradse_1,0.84878975,0.96476424
18,gaussian_win_bin_reopt,nikuradse_1,0.84996253,0.96422166
18,CGP_win_bin_reopt,nikuradse_1,0.8461805,0.9677325
19,adam_win_bin_reopt,nikuradse_1,0.0023775697,0.9807019
19,gaussian_win_bin_reopt,nikuradse_1,0.77250147,0.9668574
19,CGP_win_bin_reopt,nikuradse_1,0.5807477,0.9596065
20,adam_win_bin_reopt,nikuradse_1,0.8476867,0.96552384
20,gaussian_win_bin_reopt,nikuradse_1,0.84959745,0.96466815
20,CGP_win_bin_reopt,nikuradse_1,0.7348826,0.96965873
21,adam_win_bin_reopt,nikuradse_1,-0.9116864,0.9729768
21,gaussian_win_bin_reopt,nikuradse_1,0.84842175,0.96411675
21,CGP_win_bin_reopt,nikuradse_1,-76.03698,0.96585786
22,adam_win_bin_reopt,nikuradse_1,0.8483317,0.9640591
22,gaussian_win_bin_reopt,nikuradse_1,0.0946784,0.9534656
22,CGP_win_bin_reopt,nikuradse_1,-45.978,0.98406225
23,adam_win_bin_reopt,nikuradse_1,0.8541012,0.96409345
23,gaussian_win_bin_reopt,nikuradse_1,0.85400444,0.9640778
23,CGP_win_bin_reopt,nikuradse_1,0.78979295,0.96456534
24,adam_win_bin_reopt,nikuradse_1,-0.307482,0.9678429
24,gaussian_win_bin_reopt,nikuradse_1,0.8532142,0.96399015
24,CGP_win_bin_reopt,nikuradse_1,0.80895936,0.9635394
25,adam_win_bin_reopt,nikuradse_1,0.8974357,0.97924954
25,gaussian_win_bin_reopt,nikuradse_1,0.85387164,0.9645155
25,CGP_win_bin_reopt,nikuradse_1,-0.05560994,0.95818824
26,adam_win_bin_reopt,nikuradse_1,0.89106846,0.97222257
26,gaussian_win_bin_reopt,nikuradse_1,0.35651922,0.95893705
26,CGP_win_bin_reopt,nikuradse_1,0.70335096,0.9742356
27,adam_win_bin_reopt,nikuradse_1,-2.4502473,0.9678482
27,gaussian_win_bin_reopt,nikuradse_1,0.84953773,0.9555782
27,CGP_win_bin_reopt,nikuradse_1,0.6312027,0.9670721
28,adam_win_bin_reopt,nikuradse_1,0.8527082,0.9677189
28,gaussian_win_bin_reopt,nikuradse_1,0.8679404,0.9653392
28,CGP_win_bin_reopt,nikuradse_1,0.83655524,0.9710256
29,adam_win_bin_reopt,nikuradse_1,0.84099543,0.9622242
29,gaussian_win_bin_reopt,nikuradse_1,0.82559466,0.96476734
29,CGP_win_bin_reopt,nikuradse_1,0.8640384,0.9665299
0,adam_win_bin_reopt,nikuradse_2,0.7473346,0.7342284
0,gaussian_win_bin_reopt,nikuradse_2,0.7969467,0.73859656
0,CGP_win_bin_reopt,nikuradse_2,0.9401449,0.965369
1,adam_win_bin_reopt,nikuradse_2,0.27976,0.26576054
1,gaussian_win_bin_reopt,nikuradse_2,0.6892437,0.7177279
1,CGP_win_bin_reopt,nikuradse_2,0.962777,0.95677537
2,adam_win_bin_reopt,nikuradse_2,0.6343372,0.5534474
2,gaussian_win_bin_reopt,nikuradse_2,0.9165936,0.88436455
2,CGP_win_bin_reopt,nikuradse_2,0.8767761,0.8613133
3,adam_win_bin_reopt,nikuradse_2,0.02562356,0.04551053
3,gaussian_win_bin_reopt,nikuradse_2,0.49739093,0.5272404
3,CGP_win_bin_reopt,nikuradse_2,0.8364337,0.83286285
4,adam_win_bin_reopt,nikuradse_2,0.7152955,0.6535957
4,gaussian_win_bin_reopt,nikuradse_2,0.85469437,0.87382174
4,CGP_win_bin_reopt,nikuradse_2,0.927025,0.9105555
5,adam_win_bin_reopt,nikuradse_2,0.88666844,0.89512604
5,gaussian_win_bin_reopt,nikuradse_2,0.56388223,0.6505088
5,CGP_win_bin_reopt,nikuradse_2,0.9711077,0.9667682
6,adam_win_bin_reopt,nikuradse_2,0.6934575,0.61297286
6,gaussian_win_bin_reopt,nikuradse_2,0.7224702,0.71546394
6,CGP_win_bin_reopt,nikuradse_2,0.9189821,0.889797
7,adam_win_bin_reopt,nikuradse_2,0.9392057,0.9216441
7,gaussian_win_bin_reopt,nikuradse_2,0.94202805,0.91878945
7,CGP_win_bin_reopt,nikuradse_2,0.9742051,0.9543747
8,adam_win_bin_reopt,nikuradse_2,0.62972486,0.58228433
8,gaussian_win_bin_reopt,nikuradse_2,0.40901893,0.3230415
8,CGP_win_bin_reopt,nikuradse_2,0.9451777,0.9305211
9,adam_win_bin_reopt,nikuradse_2,0.27709794,0.24339175
9,gaussian_win_bin_reopt,nikuradse_2,0.5407069,0.6772692
9,CGP_win_bin_reopt,nikuradse_2,0.9184624,0.8918186
10,adam_win_bin_reopt,nikuradse_2,0.95208347,0.94846654
10,gaussian_win_bin_reopt,nikuradse_2,0.8586677,0.8182977
10,CGP_win_bin_reopt,nikuradse_2,0.979076,0.9700857
11,adam_win_bin_reopt,nikuradse_2,0.6185379,0.6556858
11,gaussian_win_bin_reopt,nikuradse_2,0.43512046,0.4437641
11,CGP_win_bin_reopt,nikuradse_2,0.9815914,0.97319627
12,adam_win_bin_reopt,nikuradse_2,0.32618284,0.2893352
12,gaussian_win_bin_reopt,nikuradse_2,0.6973785,0.71604824
12,CGP_win_bin_reopt,nikuradse_2,0.85920686,0.91873294
13,adam_win_bin_reopt,nikuradse_2,0.9043893,0.85836035
13,gaussian_win_bin_reopt,nikuradse_2,0.7214107,0.5806264
13,CGP_win_bin_reopt,nikuradse_2,0.943662,0.93074507
14,adam_win_bin_reopt,nikuradse_2,0.86220574,0.821797
14,gaussian_win_bin_reopt,nikuradse_2,0.9482583,0.9362818
14,CGP_win_bin_reopt,nikuradse_2,0.8334463,0.924399
15,adam_win_bin_reopt,nikuradse_2,0.6314645,0.62638116
15,gaussian_win_bin_reopt,nikuradse_2,0.3800438,0.38449132
15,CGP_win_bin_reopt,nikuradse_2,0.8372131,0.8459545
16,adam_win_bin_reopt,nikuradse_2,0.060008943,0.08684546
16,gaussian_win_bin_reopt,nikuradse_2,0.5115004,0.52429104
16,CGP_win_bin_reopt,nikuradse_2,0.9396846,0.9332371
17,adam_win_bin_reopt,nikuradse_2,0.30663353,0.28194273
17,gaussian_win_bin_reopt,nikuradse_2,0.6866709,0.65472645
17,CGP_win_bin_reopt,nikuradse_2,0.96863246,0.9517728
18,adam_win_bin_reopt,nikuradse_2,0.94934005,0.92382413
18,gaussian_win_bin_reopt,nikuradse_2,0.24502522,0.26764816
18,CGP_win_bin_reopt,nikuradse_2,0.7636318,0.84287626
19,adam_win_bin_reopt,nikuradse_2,0.60480857,0.521364
19,gaussian_win_bin_reopt,nikuradse_2,0.586812,0.7251812
19,CGP_win_bin_reopt,nikuradse_2,0.9237921,0.90735996
20,adam_win_bin_reopt,nikuradse_2,0.818227,0.7932712
20,gaussian_win_bin_reopt,nikuradse_2,0.27003574,0.23866469
20,CGP_win_bin_reopt,nikuradse_2,0.9800861,0.973771
21,adam_win_bin_reopt,nikuradse_2,0.70212114,0.6791274
21,gaussian_win_bin_reopt,nikuradse_2,0.70175725,0.62218857
21,CGP_win_bin_reopt,nikuradse_2,0.960278,0.9562052
22,adam_win_bin_reopt,nikuradse_2,0.17190546,0.16399473
22,gaussian_win_bin_reopt,nikuradse_2,0.8610286,0.81960535
22,CGP_win_bin_reopt,nikuradse_2,0.9567882,0.9576193
23,adam_win_bin_reopt,nikuradse_2,0.05672884,0.028918564
23,gaussian_win_bin_reopt,nikuradse_2,0.83068556,0.80288523
23,CGP_win_bin_reopt,nikuradse_2,0.9488207,0.9652718
24,adam_win_bin_reopt,nikuradse_2,0.48630863,0.36370742
24,gaussian_win_bin_reopt,nikuradse_2,0.7569853,0.67637765
24,CGP_win_bin_reopt,nikuradse_2,0.92689073,0.9308372
25,adam_win_bin_reopt,nikuradse_2,0.5968821,0.57164514
25,gaussian_win_bin_reopt,nikuradse_2,0.91639805,0.92322814
25,CGP_win_bin_reopt,nikuradse_2,0.8794048,0.97083354
26,adam_win_bin_reopt,nikuradse_2,0.48618215,0.5290539
26,gaussian_win_bin_reopt,nikuradse_2,0.628429,0.6495206
26,CGP_win_bin_reopt,nikuradse_2,0.940287,0.93524325
27,adam_win_bin_reopt,nikuradse_2,0.31640965,0.31656533
27,gaussian_win_bin_reopt,nikuradse_2,0.95167345,0.94812113
27,CGP_win_bin_reopt,nikuradse_2,0.9140247,0.88509107
28,adam_win_bin_reopt,nikuradse_2,0.5997879,0.6569104
28,gaussian_win_bin_reopt,nikuradse_2,0.54718536,0.5237037
28,CGP_win_bin_reopt,nikuradse_2,0.9818336,0.975034
29,adam_win_bin_reopt,nikuradse_2,0.81643057,0.75939286
29,gaussian_win_bin_reopt,nikuradse_2,0.8529404,0.8101354
29,CGP_win_bin_reopt,nikuradse_2,0.95700085,0.9531717
0,adam_win_bin_reopt,flow_stress_phip0.1,0.98696995,0.9893266
0,gaussian_win_bin_reopt,flow_stress_phip0.1,0.9793859,0.98133117
0,CGP_win_bin_reopt,flow_stress_phip0.1,0.6728865,0.6038394
1,adam_win_bin_reopt,flow_stress_phip0.1,0.97112846,0.9788348
1,gaussian_win_bin_reopt,flow_stress_phip0.1,0.9330099,0.9415194
1,CGP_win_bin_reopt,flow_stress_phip0.1,0.98637235,0.98863536
2,adam_win_bin_reopt,flow_stress_phip0.1,0.023231506,0.024609447
2,gaussian_win_bin_reopt,flow_stress_phip0.1,0.9433632,0.9505912
2,CGP_win_bin_reopt,flow_stress_phip0.1,0.9783708,0.9815286
3,adam_win_bin_reopt,flow_stress_phip0.1,0.87635994,0.88387114
3,gaussian_win_bin_reopt,flow_stress_phip0.1,0.9004768,0.916566
3,CGP_win_bin_reopt,flow_stress_phip0.1,0.9924634,0.99444455
4,adam_win_bin_reopt,flow_stress_phip0.1,0.86772615,0.8807991
4,gaussian_win_bin_reopt,flow_stress_phip0.1,0.90799826,0.91270864
4,CGP_win_bin_reopt,flow_stress_phip0.1,0.9805622,0.9855827
5,adam_win_bin_reopt,flow_stress_phip0.1,0.9898594,0.9933404
5,gaussian_win_bin_reopt,flow_stress_phip0.1,0.9111112,0.9129572
5,CGP_win_bin_reopt,flow_stress_phip0.1,0.9573817,0.96044165
6,adam_win_bin_reopt,flow_stress_phip0.1,0.43096805,0.3353833
6,gaussian_win_bin_reopt,flow_stress_phip0.1,0.6409799,0.60479045
6,CGP_win_bin_reopt,flow_stress_phip0.1,0.9954829,0.99653614
7,adam_win_bin_reopt,flow_stress_phip0.1,0.9532946,0.9597877
7,gaussian_win_bin_reopt,flow_stress_phip0.1,0.023344815,0.024313629
7,CGP_win_bin_reopt,flow_stress_phip0.1,0.94798285,0.95515585
8,adam_win_bin_reopt,flow_stress_phip0.1,-23.806396,0.964258
8,gaussian_win_bin_reopt,flow_stress_phip0.1,-932064.44,0.5672326
8,CGP_win_bin_reopt,flow_stress_phip0.1,0.8085702,0.95050085
9,adam_win_bin_reopt,flow_stress_phip0.1,0.9888845,0.99090755
9,gaussian_win_bin_reopt,flow_stress_phip0.1,0.6440737,0.7909889
9,CGP_win_bin_reopt,flow_stress_phip0.1,0.93376076,0.94862515
10,adam_win_bin_reopt,flow_stress_phip0.1,0.9586978,0.97023726
10,gaussian_win_bin_reopt,flow_stress_phip0.1,0.9481591,0.9545649
10,CGP_win_bin_reopt,flow_stress_phip0.1,0.9710261,0.9738524
11,adam_win_bin_reopt,flow_stress_phip0.1,0.8492098,0.9620509
11,gaussian_win_bin_reopt,flow_stress_phip0.1,0.90233016,0.91656
11,CGP_win_bin_reopt,flow_stress_phip0.1,0.9609012,0.95794046
12,adam_win_bin_reopt,flow_stress_phip0.1,0.9580666,0.9694629
12,gaussian_win_bin_reopt,flow_stress_phip0.1,0.9436229,0.9505456
12,CGP_win_bin_reopt,flow_stress_phip0.1,0.9924982,0.9936887
13,adam_win_bin_reopt,flow_stress_phip0.1,0.99519485,0.9966301
13,gaussian_win_bin_reopt,flow_stress_phip0.1,0.15076715,0.3064071
13,CGP_win_bin_reopt,flow_stress_phip0.1,0.98878205,0.987648
14,adam_win_bin_reopt,flow_stress_phip0.1,0.97338784,0.9792461
14,gaussian_win_bin_reopt,flow_stress_phip0.1,0.9360604,0.94179434
14,CGP_win_bin_reopt,flow_stress_phip0.1,0.63518935,0.60538495
15,adam_win_bin_reopt,flow_stress_phip0.1,0.93248546,0.93822974
15,gaussian_win_bin_reopt,flow_stress_phip0.1,0.8820369,0.9012517
15,CGP_win_bin_reopt,flow_stress_phip0.1,0.97741675,0.97975284
16,adam_win_bin_reopt,flow_stress_phip0.1,0.9885738,0.9920653
16,gaussian_win_bin_reopt,flow_stress_phip0.1,-20.125643,0.947884
16,CGP_win_bin_reopt,flow_stress_phip0.1,0.9909083,0.9932865
17,adam_win_bin_reopt,flow_stress_phip0.1,0.9727822,0.9780572
17,gaussian_win_bin_reopt,flow_stress_phip0.1,0.9338983,0.937463
17,CGP_win_bin_reopt,flow_stress_phip0.1,0.98492867,0.9846411
18,adam_win_bin_reopt,flow_stress_phip0.1,0.9981949,0.9982747
18,gaussian_win_bin_reopt,flow_stress_phip0.1,-3.4946065,0.8899752
18,CGP_win_bin_reopt,flow_stress_phip0.1,0.83802193,0.83468366
19,adam_win_bin_reopt,flow_stress_phip0.1,0.9964054,0.9972009
19,gaussian_win_bin_reopt,flow_stress_phip0.1,0.9610281,0.96035814
19,CGP_win_bin_reopt,flow_stress_phip0.1,0.9853775,0.9904066
20,adam_win_bin_reopt,flow_stress_phip0.1,0.9784392,0.98331887
20,gaussian_win_bin_reopt,flow_stress_phip0.1,0.9480901,0.9603596
20,CGP_win_bin_reopt,flow_stress_phip0.1,0.34745598,0.36302352
21,adam_win_bin_reopt,flow_stress_phip0.1,0.98180944,0.9858166
21,gaussian_win_bin_reopt,flow_stress_phip0.1,0.63389826,0.6021183
21,CGP_win_bin_reopt,flow_stress_phip0.1,0.99562633,0.9968813
22,adam_win_bin_reopt,flow_stress_phip0.1,0.9912958,0.9916408
22,gaussian_win_bin_reopt,flow_stress_phip0.1,0.94081134,0.95212924
22,CGP_win_bin_reopt,flow_stress_phip0.1,0.962152,0.975455
23,adam_win_bin_reopt,flow_stress_phip0.1,0.9772014,0.9755866
23,gaussian_win_bin_reopt,flow_stress_phip0.1,0.6208577,0.582439
23,CGP_win_bin_reopt,flow_stress_phip0.1,0.98294574,0.98601574
24,adam_win_bin_reopt,flow_stress_phip0.1,0.98137456,0.9917947
24,gaussian_win_bin_reopt,flow_stress_phip0.1,0.9400784,0.9479932
24,CGP_win_bin_reopt,flow_stress_phip0.1,0.9680635,0.97637755
25,adam_win_bin_reopt,flow_stress_phip0.1,0.9602887,0.9697471
25,gaussian_win_bin_reopt,flow_stress_phip0.1,0.66912615,0.629877
25,CGP_win_bin_reopt,flow_stress_phip0.1,0.9455472,0.9881794
26,adam_win_bin_reopt,flow_stress_phip0.1,0.99805456,0.99859464
26,gaussian_win_bin_reopt,flow_stress_phip0.1,0.95836926,0.9666902
26,CGP_win_bin_reopt,flow_stress_phip0.1,0.99059033,0.9924763
27,adam_win_bin_reopt,flow_stress_phip0.1,0.943061,0.9539745
27,gaussian_win_bin_reopt,flow_stress_phip0.1,-179591460.0,0.62744784
27,CGP_win_bin_reopt,flow_stress_phip0.1,0.9659051,0.9746191
28,adam_win_bin_reopt,flow_stress_phip0.1,0.9977625,0.99849445
28,gaussian_win_bin_reopt,flow_stress_phip0.1,0.9332331,0.9342658
28,CGP_win_bin_reopt,flow_stress_phip0.1,0.9913317,0.9918133
29,adam_win_bin_reopt,flow_stress_phip0.1,0.997587,0.99763626
29,gaussian_win_bin_reopt,flow_stress_phip0.1,0.10692322,0.14862287
29,CGP_win_bin_reopt,flow_stress_phip0.1,0.94694924,0.95491356
0,adam_wfn_bin_reopt,chemical_1_tower,0.67464256,0.6495069
0,gaussian_wfn_bin_reopt,chemical_1_tower,0.44224364,0.42614663
0,CGP_wfn_bin_reopt,chemical_1_tower,0.62121403,0.6072078
1,adam_wfn_bin_reopt,chemical_1_tower,0.7222566,0.72257435
1,gaussian_wfn_bin_reopt,chemical_1_tower,0.5324737,0.53167325
1,CGP_wfn_bin_reopt,chemical_1_tower,0.60761833,0.59832174
2,adam_wfn_bin_reopt,chemical_1_tower,0.82385266,0.8173521
2,gaussian_wfn_bin_reopt,chemical_1_tower,0.37096936,0.3519503
2,CGP_wfn_bin_reopt,chemical_1_tower,0.6292797,0.6275817
3,adam_wfn_bin_reopt,chemical_1_tower,0.44225794,0.4262179
3,gaussian_wfn_bin_reopt,chemical_1_tower,0.5080403,0.46326232
3,CGP_wfn_bin_reopt,chemical_1_tower,0.60242486,0.5781394
4,adam_wfn_bin_reopt,chemical_1_tower,0.69732594,0.6613831
4,gaussian_wfn_bin_reopt,chemical_1_tower,0.54624575,0.49851614
4,CGP_wfn_bin_reopt,chemical_1_tower,0.6483153,0.6174294
5,adam_wfn_bin_reopt,chemical_1_tower,0.7512348,0.7770162
5,gaussian_wfn_bin_reopt,chemical_1_tower,0.4576046,0.44311917
5,CGP_wfn_bin_reopt,chemical_1_tower,0.59982723,0.5781003
6,adam_wfn_bin_reopt,chemical_1_tower,0.69874465,0.67700934
6,gaussian_wfn_bin_reopt,chemical_1_tower,0.5876539,0.5481217
6,CGP_wfn_bin_reopt,chemical_1_tower,0.6058022,0.5629449
7,adam_wfn_bin_reopt,chemical_1_tower,0.7531533,0.7381364
7,gaussian_wfn_bin_reopt,chemical_1_tower,0.5266776,0.5137925
7,CGP_wfn_bin_reopt,chemical_1_tower,0.6704118,0.65243447
8,adam_wfn_bin_reopt,chemical_1_tower,0.8257203,0.8239588
8,gaussian_wfn_bin_reopt,chemical_1_tower,0.61895263,0.6261269
8,CGP_wfn_bin_reopt,chemical_1_tower,0.623675,0.6133433
9,adam_wfn_bin_reopt,chemical_1_tower,0.8152442,0.78803754
9,gaussian_wfn_bin_reopt,chemical_1_tower,0.5290477,0.54859924
9,CGP_wfn_bin_reopt,chemical_1_tower,0.7450327,0.71941024
10,adam_wfn_bin_reopt,chemical_1_tower,0.7408936,0.73691094
10,gaussian_wfn_bin_reopt,chemical_1_tower,0.564199,0.5199188
10,CGP_wfn_bin_reopt,chemical_1_tower,0.6067316,0.5850603
11,adam_wfn_bin_reopt,chemical_1_tower,0.80443007,0.79215884
11,gaussian_wfn_bin_reopt,chemical_1_tower,0.45229673,0.41709393
11,CGP_wfn_bin_reopt,chemical_1_tower,0.6509602,0.6112354
12,adam_wfn_bin_reopt,chemical_1_tower,0.7840338,0.7641802
12,gaussian_wfn_bin_reopt,chemical_1_tower,0.5666858,0.54181457
12,CGP_wfn_bin_reopt,chemical_1_tower,0.5923927,0.5732105
13,adam_wfn_bin_reopt,chemical_1_tower,0.5429251,0.5169746
13,gaussian_wfn_bin_reopt,chemical_1_tower,0.53903407,0.51654994
13,CGP_wfn_bin_reopt,chemical_1_tower,0.60787255,0.5903356
14,adam_wfn_bin_reopt,chemical_1_tower,0.47324324,0.4857123
14,gaussian_wfn_bin_reopt,chemical_1_tower,0.66660106,0.6275555
14,CGP_wfn_bin_reopt,chemical_1_tower,0.60686445,0.59713805
15,adam_wfn_bin_reopt,chemical_1_tower,0.6455857,0.6352759
15,gaussian_wfn_bin_reopt,chemical_1_tower,0.36557734,0.38453072
15,CGP_wfn_bin_reopt,chemical_1_tower,0.57079697,0.54493916
16,adam_wfn_bin_reopt,chemical_1_tower,0.58302456,0.61818665
16,gaussian_wfn_bin_reopt,chemical_1_tower,0.3656252,0.38453454
16,CGP_wfn_bin_reopt,chemical_1_tower,0.6334602,0.6501479
17,adam_wfn_bin_reopt,chemical_1_tower,0.86801285,0.86654115
17,gaussian_wfn_bin_reopt,chemical_1_tower,0.44299704,0.42602104
17,CGP_wfn_bin_reopt,chemical_1_tower,0.5947746,0.58603346
18,adam_wfn_bin_reopt,chemical_1_tower,0.8298273,0.8231849
18,gaussian_wfn_bin_reopt,chemical_1_tower,0.6771457,0.6324556
18,CGP_wfn_bin_reopt,chemical_1_tower,0.63833153,0.6285944
19,adam_wfn_bin_reopt,chemical_1_tower,0.7893405,0.79207957
19,gaussian_wfn_bin_reopt,chemical_1_tower,0.59533656,0.5650519
19,CGP_wfn_bin_reopt,chemical_1_tower,0.57063377,0.53992736
20,adam_wfn_bin_reopt,chemical_1_tower,0.52109,0.4809125
20,gaussian_wfn_bin_reopt,chemical_1_tower,0.63596535,0.62178934
20,CGP_wfn_bin_reopt,chemical_1_tower,0.69995093,0.67233837
21,adam_wfn_bin_reopt,chemical_1_tower,0.78994846,0.76678824
21,gaussian_wfn_bin_reopt,chemical_1_tower,0.55355245,0.5278165
21,CGP_wfn_bin_reopt,chemical_1_tower,0.5961168,0.59434503
22,adam_wfn_bin_reopt,chemical_1_tower,0.5801364,0.5773407
22,gaussian_wfn_bin_reopt,chemical_1_tower,0.52788544,0.48286754
22,CGP_wfn_bin_reopt,chemical_1_tower,0.69602776,0.66861475
23,adam_wfn_bin_reopt,chemical_1_tower,0.7673071,0.7667928
23,gaussian_wfn_bin_reopt,chemical_1_tower,0.46299702,0.47108543
23,CGP_wfn_bin_reopt,chemical_1_tower,0.6244545,0.62874395
24,adam_wfn_bin_reopt,chemical_1_tower,0.7961739,0.8004748
24,gaussian_wfn_bin_reopt,chemical_1_tower,0.4871689,0.4510097
24,CGP_wfn_bin_reopt,chemical_1_tower,0.62135565,0.5745616
25,adam_wfn_bin_reopt,chemical_1_tower,0.8014986,0.7917169
25,gaussian_wfn_bin_reopt,chemical_1_tower,0.5226897,0.48191553
25,CGP_wfn_bin_reopt,chemical_1_tower,0.61532927,0.59854865
26,adam_wfn_bin_reopt,chemical_1_tower,0.65052146,0.62286633
26,gaussian_wfn_bin_reopt,chemical_1_tower,0.59350157,0.55144423
26,CGP_wfn_bin_reopt,chemical_1_tower,0.5985273,0.57048494
27,adam_wfn_bin_reopt,chemical_1_tower,0.6053208,0.6427891
27,gaussian_wfn_bin_reopt,chemical_1_tower,0.73443127,0.7095999
27,CGP_wfn_bin_reopt,chemical_1_tower,0.61067957,0.59259725
28,adam_wfn_bin_reopt,chemical_1_tower,0.4424169,0.42621893
28,gaussian_wfn_bin_reopt,chemical_1_tower,0.619024,0.5806338
28,CGP_wfn_bin_reopt,chemical_1_tower,0.59904885,0.5887176
29,adam_wfn_bin_reopt,chemical_1_tower,0.5629383,0.54687047
29,gaussian_wfn_bin_reopt,chemical_1_tower,0.37121826,0.35194278
29,CGP_wfn_bin_reopt,chemical_1_tower,0.67229825,0.651867
0,adam_wfn_bin_reopt,chemical_2_competition,-0.002739787,0.10075599
0,gaussian_wfn_bin_reopt,chemical_2_competition,-0.0040308237,0.0700227
0,CGP_wfn_bin_reopt,chemical_2_competition,0.004855275,0.052310765
1,adam_wfn_bin_reopt,chemical_2_competition,0.4735,0.43562734
1,gaussian_wfn_bin_reopt,chemical_2_competition,0.13496262,0.19612443
1,CGP_wfn_bin_reopt,chemical_2_competition,0.013632238,0.051819086
2,adam_wfn_bin_reopt,chemical_2_competition,0.139463,0.3540023
2,gaussian_wfn_bin_reopt,chemical_2_competition,0.026355028,0.056928635
2,CGP_wfn_bin_reopt,chemical_2_competition,0.14414096,0.31780952
3,adam_wfn_bin_reopt,chemical_2_competition,0.07739073,0.30053288
3,gaussian_wfn_bin_reopt,chemical_2_competition,-0.032845736,0.14087957
3,CGP_wfn_bin_reopt,chemical_2_competition,0.044079006,0.118869364
4,adam_wfn_bin_reopt,chemical_2_competition,0.4765681,0.58677536
4,gaussian_wfn_bin_reopt,chemical_2_competition,-0.012859464,0.13057393
4,CGP_wfn_bin_reopt,chemical_2_competition,0.040890396,0.34417135
5,adam_wfn_bin_reopt,chemical_2_competition,0.2629363,0.5757295
5,gaussian_wfn_bin_reopt,chemical_2_competition,0.009649575,0.4008904
5,CGP_wfn_bin_reopt,chemical_2_competition,0.0076913238,0.052376628
6,adam_wfn_bin_reopt,chemical_2_competition,0.04452163,0.35536522
6,gaussian_wfn_bin_reopt,chemical_2_competition,0.024030983,0.05712861
6,CGP_wfn_bin_reopt,chemical_2_competition,0.025031269,0.055639684
7,adam_wfn_bin_reopt,chemical_2_competition,0.07629633,0.30054528
7,gaussian_wfn_bin_reopt,chemical_2_competition,0.14162242,0.14585227
7,CGP_wfn_bin_reopt,chemical_2_competition,0.11803812,0.106475174
8,adam_wfn_bin_reopt,chemical_2_competition,0.053198934,0.44671673
8,gaussian_wfn_bin_reopt,chemical_2_competition,0.02019924,0.06349176
8,CGP_wfn_bin_reopt,chemical_2_competition,0.013632238,0.051819086
9,adam_wfn_bin_reopt,chemical_2_competition,0.2558815,0.501912
9,gaussian_wfn_bin_reopt,chemical_2_competition,0.17305052,0.2337755
9,CGP_wfn_bin_reopt,chemical_2_competition,-0.09827316,0.036165535
10,adam_wfn_bin_reopt,chemical_2_competition,0.09691471,0.48926628
10,gaussian_wfn_bin_reopt,chemical_2_competition,0.012636185,0.08456892
10,CGP_wfn_bin_reopt,chemical_2_competition,0.0030374527,0.12122315
11,adam_wfn_bin_reopt,chemical_2_competition,0.41534257,0.22995669
11,gaussian_wfn_bin_reopt,chemical_2_competition,0.00211066,0.06848693
11,CGP_wfn_bin_reopt,chemical_2_competition,0.065487504,0.09392387
12,adam_wfn_bin_reopt,chemical_2_competition,-0.054477572,0.46483243
12,gaussian_wfn_bin_reopt,chemical_2_competition,0.03762591,0.07441336
12,CGP_wfn_bin_reopt,chemical_2_competition,0.1635946,0.1310463
13,adam_wfn_bin_reopt,chemical_2_competition,-0.03908229,0.573057
13,gaussian_wfn_bin_reopt,chemical_2_competition,0.017986417,0.24533105
13,CGP_wfn_bin_reopt,chemical_2_competition,0.00832963,0.052613676
14,adam_wfn_bin_reopt,chemical_2_competition,0.064142406,0.44881082
14,gaussian_wfn_bin_reopt,chemical_2_competition,0.05234623,0.102415085
14,CGP_wfn_bin_reopt,chemical_2_competition,0.08621085,0.10461265
15,adam_wfn_bin_reopt,chemical_2_competition,0.025179923,0.26368046
15,gaussian_wfn_bin_reopt,chemical_2_competition,-0.030796528,0.089580774
15,CGP_wfn_bin_reopt,chemical_2_competition,0.07623738,0.13120675
16,adam_wfn_bin_reopt,chemical_2_competition,0.14224195,0.27713412
16,gaussian_wfn_bin_reopt,chemical_2_competition,0.46798462,0.40824288
16,CGP_wfn_bin_reopt,chemical_2_competition,0.02924645,0.05467999
17,adam_wfn_bin_reopt,chemical_2_competition,-0.016041994,0.10270226
17,gaussian_wfn_bin_reopt,chemical_2_competition,0.0005182624,0.10899323
17,CGP_wfn_bin_reopt,chemical_2_competition,0.049396038,0.097361684
18,adam_wfn_bin_reopt,chemical_2_competition,0.48620445,0.45350128
18,gaussian_wfn_bin_reopt,chemical_2_competition,-0.09007871,0.035373807
18,CGP_wfn_bin_reopt,chemical_2_competition,-0.11479509,0.45166904
19,adam_wfn_bin_reopt,chemical_2_competition,0.3012265,0.25691247
19,gaussian_wfn_bin_reopt,chemical_2_competition,-0.014027715,0.3062805
19,CGP_wfn_bin_reopt,chemical_2_competition,0.0073842406,0.054087162
20,adam_wfn_bin_reopt,chemical_2_competition,0.27185214,0.56392974
20,gaussian_wfn_bin_reopt,chemical_2_competition,0.02256459,0.05711347
20,CGP_wfn_bin_reopt,chemical_2_competition,0.07006568,0.13651556
21,adam_wfn_bin_reopt,chemical_2_competition,0.07389146,0.5489445
21,gaussian_wfn_bin_reopt,chemical_2_competition,-0.08956385,0.03536856
21,CGP_wfn_bin_reopt,chemical_2_competition,-0.09358621,0.036291122
22,adam_wfn_bin_reopt,chemical_2_competition,0.013495028,0.36979967
22,gaussian_wfn_bin_reopt,chemical_2_competition,-0.006657243,0.05871564
22,CGP_wfn_bin_reopt,chemical_2_competition,0.21322525,0.20425975
23,adam_wfn_bin_reopt,chemical_2_competition,0.07196164,0.35706568
23,gaussian_wfn_bin_reopt,chemical_2_competition,0.034706354,0.1054402
23,CGP_wfn_bin_reopt,chemical_2_competition,0.12671775,0.18578446
24,adam_wfn_bin_reopt,chemical_2_competition,0.19222778,0.5606762
24,gaussian_wfn_bin_reopt,chemical_2_competition,0.0069603324,0.062306166
24,CGP_wfn_bin_reopt,chemical_2_competition,0.0013917685,0.20035857
25,adam_wfn_bin_reopt,chemical_2_competition,-0.011474013,0.60267
25,gaussian_wfn_bin_reopt,chemical_2_competition,0.02488041,0.057090223
25,CGP_wfn_bin_reopt,chemical_2_competition,0.14528412,0.16012388
26,adam_wfn_bin_reopt,chemical_2_competition,0.45465052,0.50122184
26,gaussian_wfn_bin_reopt,chemical_2_competition,0.13694006,0.16665584
26,CGP_wfn_bin_reopt,chemical_2_competition,0.04404682,0.18724531
27,adam_wfn_bin_reopt,chemical_2_competition,0.2959221,0.4682507
27,gaussian_wfn_bin_reopt,chemical_2_competition,0.01922381,0.05676526
27,CGP_wfn_bin_reopt,chemical_2_competition,0.019477665,0.07192272
28,adam_wfn_bin_reopt,chemical_2_competition,0.027739704,0.44148272
28,gaussian_wfn_bin_reopt,chemical_2_competition,0.14161998,0.14302695
28,CGP_wfn_bin_reopt,chemical_2_competition,0.012352705,0.09920037
29,adam_wfn_bin_reopt,chemical_2_competition,0.42544365,0.54298156
29,gaussian_wfn_bin_reopt,chemical_2_competition,0.043528676,0.10250741
29,CGP_wfn_bin_reopt,chemical_2_competition,0.1564048,0.12741446
0,adam_wfn_bin_reopt,friction_dyn_one-hot,0.7552291,0.85593045
0,gaussian_wfn_bin_reopt,friction_dyn_one-hot,0.3663094,0.5621673
0,CGP_wfn_bin_reopt,friction_dyn_one-hot,-0.30192113,0.62880415
1,adam_wfn_bin_reopt,friction_dyn_one-hot,0.3323455,0.5411912
1,gaussian_wfn_bin_reopt,friction_dyn_one-hot,0.42560136,0.6630415
1,CGP_wfn_bin_reopt,friction_dyn_one-hot,0.43251544,0.5887038
2,adam_wfn_bin_reopt,friction_dyn_one-hot,-0.01665771,0.4708634
2,gaussian_wfn_bin_reopt,friction_dyn_one-hot,-0.005861163,0.4990127
2,CGP_wfn_bin_reopt,friction_dyn_one-hot,0.08332789,0.5157988
3,adam_wfn_bin_reopt,friction_dyn_one-hot,-0.008333325,0.49910063
3,gaussian_wfn_bin_reopt,friction_dyn_one-hot,0.48024058,0.66110754
3,CGP_wfn_bin_reopt,friction_dyn_one-hot,0.6432326,0.7607183
4,adam_wfn_bin_reopt,friction_dyn_one-hot,0.025102854,0.517086
4,gaussian_wfn_bin_reopt,friction_dyn_one-hot,-0.00528121,-2.3841858e-06
4,CGP_wfn_bin_reopt,friction_dyn_one-hot,-0.030908942,0.38528824
5,adam_wfn_bin_reopt,friction_dyn_one-hot,0.74289876,0.8468456
5,gaussian_wfn_bin_reopt,friction_dyn_one-hot,-0.015491605,0.5039179
5,CGP_wfn_bin_reopt,friction_dyn_one-hot,0.0974229,0.5775281
6,adam_wfn_bin_reopt,friction_dyn_one-hot,0.62121093,0.7050935
6,gaussian_wfn_bin_reopt,friction_dyn_one-hot,0.37907964,0.659266
6,CGP_wfn_bin_reopt,friction_dyn_one-hot,-0.020795107,0.4956125
7,adam_wfn_bin_reopt,friction_dyn_one-hot,0.611788,0.75834405
7,gaussian_wfn_bin_reopt,friction_dyn_one-hot,0.18193,0.12160045
7,CGP_wfn_bin_reopt,friction_dyn_one-hot,0.59548664,0.75097495
8,adam_wfn_bin_reopt,friction_dyn_one-hot,0.080019414,0.51919425
8,gaussian_wfn_bin_reopt,friction_dyn_one-hot,0.4375593,0.59763384
8,CGP_wfn_bin_reopt,friction_dyn_one-hot,0.37702513,0.62727773
9,adam_wfn_bin_reopt,friction_dyn_one-hot,0.7005838,0.8036258
9,gaussian_wfn_bin_reopt,friction_dyn_one-hot,0.17714041,0.58387274
9,CGP_wfn_bin_reopt,friction_dyn_one-hot,0.018538058,0.5170911
10,adam_wfn_bin_reopt,friction_dyn_one-hot,-0.06824672,0.43368256
10,gaussian_wfn_bin_reopt,friction_dyn_one-hot,-0.0023264885,0.518902
10,CGP_wfn_bin_reopt,friction_dyn_one-hot,0.36466646,0.62440556
11,adam_wfn_bin_reopt,friction_dyn_one-hot,0.7315891,0.81191623
11,gaussian_wfn_bin_reopt,friction_dyn_one-hot,0.5841327,0.7566413
11,CGP_wfn_bin_reopt,friction_dyn_one-hot,0.35629946,0.6927248
12,adam_wfn_bin_reopt,friction_dyn_one-hot,0.7099103,0.8431562
12,gaussian_wfn_bin_reopt,friction_dyn_one-hot,-0.021437526,0.49886554
12,CGP_wfn_bin_reopt,friction_dyn_one-hot,0.4057929,0.6266252
13,adam_wfn_bin_reopt,friction_dyn_one-hot,0.7673004,0.83578074
13,gaussian_wfn_bin_reopt,friction_dyn_one-hot,0.0152439475,0.3657685
13,CGP_wfn_bin_reopt,friction_dyn_one-hot,0.65433735,0.7837541
14,adam_wfn_bin_reopt,friction_dyn_one-hot,0.78041124,0.8345926
14,gaussian_wfn_bin_reopt,friction_dyn_one-hot,0.040655315,0.50894845
14,CGP_wfn_bin_reopt,friction_dyn_one-hot,0.06427407,0.528042
15,adam_wfn_bin_reopt,friction_dyn_one-hot,0.57972467,0.74500024
15,gaussian_wfn_bin_reopt,friction_dyn_one-hot,0.007746756,0.49251324
15,CGP_wfn_bin_reopt,friction_dyn_one-hot,-0.05264449,0.43245274
16,adam_wfn_bin_reopt,friction_dyn_one-hot,0.70534015,0.77866334
16,gaussian_wfn_bin_reopt,friction_dyn_one-hot,0.43215245,0.5960364
16,CGP_wfn_bin_reopt,friction_dyn_one-hot,0.21688837,0.4085381
17,adam_wfn_bin_reopt,friction_dyn_one-hot,-0.05358553,0.39619088
17,gaussian_wfn_bin_reopt,friction_dyn_one-hot,-0.019286156,0.37805164
17,CGP_wfn_bin_reopt,friction_dyn_one-hot,0.6840695,0.74805343
18,adam_wfn_bin_reopt,friction_dyn_one-hot,0.028146267,0.5161356
18,gaussian_wfn_bin_reopt,friction_dyn_one-hot,0.43111742,0.6454543
18,CGP_wfn_bin_reopt,friction_dyn_one-hot,0.11091781,0.5884241
19,adam_wfn_bin_reopt,friction_dyn_one-hot,0.686934,0.82395446
19,gaussian_wfn_bin_reopt,friction_dyn_one-hot,0.07219076,0.5200213
19,CGP_wfn_bin_reopt,friction_dyn_one-hot,0.55517423,0.73993754
20,adam_wfn_bin_reopt,friction_dyn_one-hot,0.699242,0.7828716
20,gaussian_wfn_bin_reopt,friction_dyn_one-hot,0.047293246,0.5222013
20,CGP_wfn_bin_reopt,friction_dyn_one-hot,0.47841173,0.7390657
21,adam_wfn_bin_reopt,friction_dyn_one-hot,0.428905,0.66319233
21,gaussian_wfn_bin_reopt,friction_dyn_one-hot,-0.065132976,0.49168622
21,CGP_wfn_bin_reopt,friction_dyn_one-hot,0.04254186,0.5161406
22,adam_wfn_bin_reopt,friction_dyn_one-hot,0.6330814,0.7934761
22,gaussian_wfn_bin_reopt,friction_dyn_one-hot,0.044344664,0.4990003
22,CGP_wfn_bin_reopt,friction_dyn_one-hot,0.7360958,0.7637898
23,adam_wfn_bin_reopt,friction_dyn_one-hot,0.5675421,0.76468444
23,gaussian_wfn_bin_reopt,friction_dyn_one-hot,-0.05086577,0.4342295
23,CGP_wfn_bin_reopt,friction_dyn_one-hot,0.60791886,0.75049317
24,adam_wfn_bin_reopt,friction_dyn_one-hot,0.5829532,0.78487617
24,gaussian_wfn_bin_reopt,friction_dyn_one-hot,0.08392429,0.5198826
24,CGP_wfn_bin_reopt,friction_dyn_one-hot,0.09319264,0.064135015
25,adam_wfn_bin_reopt,friction_dyn_one-hot,0.73735905,0.8529607
25,gaussian_wfn_bin_reopt,friction_dyn_one-hot,-0.005494714,0.0
25,CGP_wfn_bin_reopt,friction_dyn_one-hot,0.5861874,0.8042994
26,adam_wfn_bin_reopt,friction_dyn_one-hot,-0.047358513,0.47027934
26,gaussian_wfn_bin_reopt,friction_dyn_one-hot,0.0018402338,0.50616795
26,CGP_wfn_bin_reopt,friction_dyn_one-hot,0.6586798,0.7697464
27,adam_wfn_bin_reopt,friction_dyn_one-hot,0.7146125,0.8454618
27,gaussian_wfn_bin_reopt,friction_dyn_one-hot,-0.06260586,0.4387102
27,CGP_wfn_bin_reopt,friction_dyn_one-hot,0.71633124,0.78691
28,adam_wfn_bin_reopt,friction_dyn_one-hot,-0.0061570406,0.5058558
28,gaussian_wfn_bin_reopt,friction_dyn_one-hot,-0.02655375,0.4946624
28,CGP_wfn_bin_reopt,friction_dyn_one-hot,0.7757009,0.83897644
29,adam_wfn_bin_reopt,friction_dyn_one-hot,-0.012944579,0.50540006
29,gaussian_wfn_bin_reopt,friction_dyn_one-hot,-0.0057058334,-8.34465e-07
29,CGP_wfn_bin_reopt,friction_dyn_one-hot,0.64682984,0.75756085
0,adam_wfn_bin_reopt,friction_stat_one-hot,0.60979545,0.7446281
0,gaussian_wfn_bin_reopt,friction_stat_one-hot,-0.063741565,0.5259974
0,CGP_wfn_bin_reopt,friction_stat_one-hot,0.049141645,0.5858544
1,adam_wfn_bin_reopt,friction_stat_one-hot,-0.02117908,0.5344123
1,gaussian_wfn_bin_reopt,friction_stat_one-hot,-0.014107466,0.52820796
1,CGP_wfn_bin_reopt,friction_stat_one-hot,0.31503195,0.43300653
2,adam_wfn_bin_reopt,friction_stat_one-hot,0.6368045,0.7177036
2,gaussian_wfn_bin_reopt,friction_stat_one-hot,0.326905,0.46916723
2,CGP_wfn_bin_reopt,friction_stat_one-hot,-0.058484316,0.51053643
3,adam_wfn_bin_reopt,friction_stat_one-hot,0.53561795,0.71882945
3,gaussian_wfn_bin_reopt,friction_stat_one-hot,0.33884186,0.47815162
3,CGP_wfn_bin_reopt,friction_stat_one-hot,0.17090398,0.55570185
4,adam_wfn_bin_reopt,friction_stat_one-hot,-0.031747222,0.51971024
4,gaussian_wfn_bin_reopt,friction_stat_one-hot,0.12784022,0.6076037
4,CGP_wfn_bin_reopt,friction_stat_one-hot,0.14019924,0.08290535
5,adam_wfn_bin_reopt,friction_stat_one-hot,0.5867275,0.7338536
5,gaussian_wfn_bin_reopt,friction_stat_one-hot,-0.0029591322,-1.1920929e-07
5,CGP_wfn_bin_reopt,friction_stat_one-hot,0.01780492,0.5062512
6,adam_wfn_bin_reopt,friction_stat_one-hot,-0.09093964,0.5030466
6,gaussian_wfn_bin_reopt,friction_stat_one-hot,0.0070779324,0.5208106
6,CGP_wfn_bin_reopt,friction_stat_one-hot,-0.042794228,0.4557361
7,adam_wfn_bin_reopt,friction_stat_one-hot,0.6916123,0.77030826
7,gaussian_wfn_bin_reopt,friction_stat_one-hot,0.08942342,0.5047865
7,CGP_wfn_bin_reopt,friction_stat_one-hot,-0.16148603,0.471574
8,adam_wfn_bin_reopt,friction_stat_one-hot,0.4009509,0.67107403
8,gaussian_wfn_bin_reopt,friction_stat_one-hot,0.12164265,0.49546045
8,CGP_wfn_bin_reopt,friction_stat_one-hot,-0.0207901,0.52721953
9,adam_wfn_bin_reopt,friction_stat_one-hot,0.5708636,0.75335026
9,gaussian_wfn_bin_reopt,friction_stat_one-hot,0.030878365,0.5206975
9,CGP_wfn_bin_reopt,friction_stat_one-hot,0.17825109,0.6306783
10,adam_wfn_bin_reopt,friction_stat_one-hot,0.67749834,0.7827974
10,gaussian_wfn_bin_reopt,friction_stat_one-hot,-0.02936089,0.5255157
10,CGP_wfn_bin_reopt,friction_stat_one-hot,-0.08691251,0.5117779
11,adam_wfn_bin_reopt,friction_stat_one-hot,-0.063862085,0.5262394
11,gaussian_wfn_bin_reopt,friction_stat_one-hot,0.6199331,0.7473078
11,CGP_wfn_bin_reopt,friction_stat_one-hot,0.043379366,0.59448403
12,adam_wfn_bin_reopt,friction_stat_one-hot,0.6891693,0.78427947
12,gaussian_wfn_bin_reopt,friction_stat_one-hot,0.06772214,0.5930921
12,CGP_wfn_bin_reopt,friction_stat_one-hot,0.038136184,0.5858158
13,adam_wfn_bin_reopt,friction_stat_one-hot,0.2637754,0.56426704
13,gaussian_wfn_bin_reopt,friction_stat_one-hot,-0.08872986,0.5011147
13,CGP_wfn_bin_reopt,friction_stat_one-hot,0.100809515,0.6337736
14,adam_wfn_bin_reopt,friction_stat_one-hot,0.7327142,0.772747
14,gaussian_wfn_bin_reopt,friction_stat_one-hot,0.08667737,0.6061748
14,CGP_wfn_bin_reopt,friction_stat_one-hot,-0.05481732,0.4287091
15,adam_wfn_bin_reopt,friction_stat_one-hot,0.1726942,0.6271629
15,gaussian_wfn_bin_reopt,friction_stat_one-hot,-0.0066109896,0.51477
15,CGP_wfn_bin_reopt,friction_stat_one-hot,0.107699096,0.5905026
16,adam_wfn_bin_reopt,friction_stat_one-hot,0.5049083,0.68006504
16,gaussian_wfn_bin_reopt,friction_stat_one-hot,0.009400666,0.5544952
16,CGP_wfn_bin_reopt,friction_stat_one-hot,0.0050638914,0.52245116
17,adam_wfn_bin_reopt,friction_stat_one-hot,0.615576,0.7576189
17,gaussian_wfn_bin_reopt,friction_stat_one-hot,0.03809756,0.5581548
17,CGP_wfn_bin_reopt,friction_stat_one-hot,-0.13650322,0.4785363
18,adam_wfn_bin_reopt,friction_stat_one-hot,0.036135674,0.52028847
18,gaussian_wfn_bin_reopt,friction_stat_one-hot,-0.031544447,0.5475094
18,CGP_wfn_bin_reopt,friction_stat_one-hot,0.046165645,0.56402934
19,adam_wfn_bin_reopt,friction_stat_one-hot,0.5029026,0.6835444
19,gaussian_wfn_bin_reopt,friction_stat_one-hot,0.0013943911,0.52779293
19,CGP_wfn_bin_reopt,friction_stat_one-hot,0.010229945,0.5273813
20,adam_wfn_bin_reopt,friction_stat_one-hot,0.0071929097,0.52396846
20,gaussian_wfn_bin_reopt,friction_stat_one-hot,0.032419026,0.54304475
20,CGP_wfn_bin_reopt,friction_stat_one-hot,0.15245354,0.6324084
21,adam_wfn_bin_reopt,friction_stat_one-hot,0.5906433,0.73069525
21,gaussian_wfn_bin_reopt,friction_stat_one-hot,-0.08896291,0.52485764
21,CGP_wfn_bin_reopt,friction_stat_one-hot,0.10764146,0.5697098
22,adam_wfn_bin_reopt,friction_stat_one-hot,-0.118392706,0.43699902
22,gaussian_wfn_bin_reopt,friction_stat_one-hot,0.3167646,0.4336517
22,CGP_wfn_bin_reopt,friction_stat_one-hot,0.16728061,0.6000737
23,adam_wfn_bin_reopt,friction_stat_one-hot,0.48078036,0.6968739
23,gaussian_wfn_bin_reopt,friction_stat_one-hot,-0.07231963,0.51062185
23,CGP_wfn_bin_reopt,friction_stat_one-hot,0.12797618,0.4413005
24,adam_wfn_bin_reopt,friction_stat_one-hot,0.09892017,0.6170332
24,gaussian_wfn_bin_reopt,friction_stat_one-hot,-0.01187098,0.53379035
24,CGP_wfn_bin_reopt,friction_stat_one-hot,0.31789672,0.43865693
25,adam_wfn_bin_reopt,friction_stat_one-hot,0.6497569,0.7556112
25,gaussian_wfn_bin_reopt,friction_stat_one-hot,-0.078038454,0.524721
25,CGP_wfn_bin_reopt,friction_stat_one-hot,0.07886565,0.6094681
26,adam_wfn_bin_reopt,friction_stat_one-hot,0.6218968,0.7594093
26,gaussian_wfn_bin_reopt,friction_stat_one-hot,-0.06800866,0.51270556
26,CGP_wfn_bin_reopt,friction_stat_one-hot,0.14551413,0.65290385
27,adam_wfn_bin_reopt,friction_stat_one-hot,0.4991101,0.6974306
27,gaussian_wfn_bin_reopt,friction_stat_one-hot,0.5419804,0.5999294
27,CGP_wfn_bin_reopt,friction_stat_one-hot,0.035401583,0.5615262
28,adam_wfn_bin_reopt,friction_stat_one-hot,0.08356714,0.5857068
28,gaussian_wfn_bin_reopt,friction_stat_one-hot,0.10855913,0.18289971
28,CGP_wfn_bin_reopt,friction_stat_one-hot,-0.019245148,0.55480987
29,adam_wfn_bin_reopt,friction_stat_one-hot,0.030727625,0.52020395
29,gaussian_wfn_bin_reopt,friction_stat_one-hot,-0.04497981,0.44481504
29,CGP_wfn_bin_reopt,friction_stat_one-hot,0.65234125,0.6690924
0,adam_wfn_bin_reopt,nasa_battery_1_10min,0.48520076,0.92257535
0,gaussian_wfn_bin_reopt,nasa_battery_1_10min,0.9389997,0.9876224
0,CGP_wfn_bin_reopt,nasa_battery_1_10min,0.89874655,0.986002
1,adam_wfn_bin_reopt,nasa_battery_1_10min,0.8844539,0.928398
1,gaussian_wfn_bin_reopt,nasa_battery_1_10min,0.83722895,0.8474404
1,CGP_wfn_bin_reopt,nasa_battery_1_10min,0.97087014,0.987267
2,adam_wfn_bin_reopt,nasa_battery_1_10min,0.8425286,0.93445575
2,gaussian_wfn_bin_reopt,nasa_battery_1_10min,0.3510242,0.9268853
2,CGP_wfn_bin_reopt,nasa_battery_1_10min,0.87467396,0.95595205
3,adam_wfn_bin_reopt,nasa_battery_1_10min,0.97024167,0.8196818
3,gaussian_wfn_bin_reopt,nasa_battery_1_10min,0.48170018,0.6051192
3,CGP_wfn_bin_reopt,nasa_battery_1_10min,0.94249266,0.9796678
4,adam_wfn_bin_reopt,nasa_battery_1_10min,0.9672747,0.97446007
4,gaussian_wfn_bin_reopt,nasa_battery_1_10min,0.9652817,0.80667394
4,CGP_wfn_bin_reopt,nasa_battery_1_10min,0.95783633,0.97970223
5,adam_wfn_bin_reopt,nasa_battery_1_10min,0.9284959,0.98393154
5,gaussian_wfn_bin_reopt,nasa_battery_1_10min,0.87082344,0.9747187
5,CGP_wfn_bin_reopt,nasa_battery_1_10min,0.98080975,0.9844825
6,adam_wfn_bin_reopt,nasa_battery_1_10min,0.55482674,0.9103634
6,gaussian_wfn_bin_reopt,nasa_battery_1_10min,0.96321213,0.9799132
6,CGP_wfn_bin_reopt,nasa_battery_1_10min,0.92466915,0.98780376
7,adam_wfn_bin_reopt,nasa_battery_1_10min,0.6734978,0.96747184
7,gaussian_wfn_bin_reopt,nasa_battery_1_10min,0.8259067,0.91897774
7,CGP_wfn_bin_reopt,nasa_battery_1_10min,0.89110136,0.9814273
8,adam_wfn_bin_reopt,nasa_battery_1_10min,0.7186969,0.9154502
8,gaussian_wfn_bin_reopt,nasa_battery_1_10min,0.21861702,0.9084822
8,CGP_wfn_bin_reopt,nasa_battery_1_10min,0.8952219,0.9806079
9,adam_wfn_bin_reopt,nasa_battery_1_10min,0.6323673,0.9340197
9,gaussian_wfn_bin_reopt,nasa_battery_1_10min,0.90612364,0.8653879
9,CGP_wfn_bin_reopt,nasa_battery_1_10min,0.8718363,0.9850213
10,adam_wfn_bin_reopt,nasa_battery_1_10min,0.16023868,0.9042605
10,gaussian_wfn_bin_reopt,nasa_battery_1_10min,-0.76198566,0.34208435
10,CGP_wfn_bin_reopt,nasa_battery_1_10min,0.8072978,0.9759044
11,adam_wfn_bin_reopt,nasa_battery_1_10min,0.93378973,0.9501278
11,gaussian_wfn_bin_reopt,nasa_battery_1_10min,0.9132389,0.8721393
11,CGP_wfn_bin_reopt,nasa_battery_1_10min,0.9714286,0.9874325
12,adam_wfn_bin_reopt,nasa_battery_1_10min,0.9068417,0.9868401
12,gaussian_wfn_bin_reopt,nasa_battery_1_10min,0.9117302,0.9042492
12,CGP_wfn_bin_reopt,nasa_battery_1_10min,0.9704811,0.98653305
13,adam_wfn_bin_reopt,nasa_battery_1_10min,-0.59093165,0.90809447
13,gaussian_wfn_bin_reopt,nasa_battery_1_10min,0.6982703,0.85906327
13,CGP_wfn_bin_reopt,nasa_battery_1_10min,0.88807577,0.9816318
14,adam_wfn_bin_reopt,nasa_battery_1_10min,0.8130558,0.9502743
14,gaussian_wfn_bin_reopt,nasa_battery_1_10min,0.86042565,0.88647276
14,CGP_wfn_bin_reopt,nasa_battery_1_10min,0.044047236,0.91345745
15,adam_wfn_bin_reopt,nasa_battery_1_10min,0.70111024,0.9789407
15,gaussian_wfn_bin_reopt,nasa_battery_1_10min,0.40859497,0.22635299
15,CGP_wfn_bin_reopt,nasa_battery_1_10min,0.96745336,0.98867804
16,adam_wfn_bin_reopt,nasa_battery_1_10min,0.74557495,0.9594316
16,gaussian_wfn_bin_reopt,nasa_battery_1_10min,0.92866236,0.96599627
16,CGP_wfn_bin_reopt,nasa_battery_1_10min,0.5769124,0.96491647
17,adam_wfn_bin_reopt,nasa_battery_1_10min,0.8172302,0.96380997
17,gaussian_wfn_bin_reopt,nasa_battery_1_10min,0.8461164,0.9314474
17,CGP_wfn_bin_reopt,nasa_battery_1_10min,0.80226505,0.95554185
18,adam_wfn_bin_reopt,nasa_battery_1_10min,0.8883824,0.9599065
18,gaussian_wfn_bin_reopt,nasa_battery_1_10min,0.6563518,0.9328432
18,CGP_wfn_bin_reopt,nasa_battery_1_10min,0.98234236,0.9874046
19,adam_wfn_bin_reopt,nasa_battery_1_10min,0.23860902,0.9234075
19,gaussian_wfn_bin_reopt,nasa_battery_1_10min,0.9290037,0.9656298
19,CGP_wfn_bin_reopt,nasa_battery_1_10min,0.84018767,0.98411435
20,adam_wfn_bin_reopt,nasa_battery_1_10min,0.71397686,0.7042925
20,gaussian_wfn_bin_reopt,nasa_battery_1_10min,0.056107998,0.910931
20,CGP_wfn_bin_reopt,nasa_battery_1_10min,0.8151015,0.9739251
21,adam_wfn_bin_reopt,nasa_battery_1_10min,0.67883664,0.97145134
21,gaussian_wfn_bin_reopt,nasa_battery_1_10min,0.9033698,0.87713027
21,CGP_wfn_bin_reopt,nasa_battery_1_10min,0.78020155,0.9032707
22,adam_wfn_bin_reopt,nasa_battery_1_10min,0.8731106,0.94979095
22,gaussian_wfn_bin_reopt,nasa_battery_1_10min,0.9919319,0.9818076
22,CGP_wfn_bin_reopt,nasa_battery_1_10min,0.59097886,0.97660774
23,adam_wfn_bin_reopt,nasa_battery_1_10min,0.92487967,0.96437377
23,gaussian_wfn_bin_reopt,nasa_battery_1_10min,0.8995841,0.95865786
23,CGP_wfn_bin_reopt,nasa_battery_1_10min,0.9488891,0.9831973
24,adam_wfn_bin_reopt,nasa_battery_1_10min,0.64479566,0.9351105
24,gaussian_wfn_bin_reopt,nasa_battery_1_10min,0.97282976,0.9823145
24,CGP_wfn_bin_reopt,nasa_battery_1_10min,0.88354826,0.9636739
25,adam_wfn_bin_reopt,nasa_battery_1_10min,-0.21939266,0.29050744
25,gaussian_wfn_bin_reopt,nasa_battery_1_10min,0.85864925,0.8644693
25,CGP_wfn_bin_reopt,nasa_battery_1_10min,0.9456811,0.9802187
26,adam_wfn_bin_reopt,nasa_battery_1_10min,0.9314218,0.954417
26,gaussian_wfn_bin_reopt,nasa_battery_1_10min,0.88531774,0.89121187
26,CGP_wfn_bin_reopt,nasa_battery_1_10min,0.85495687,0.9845983
27,adam_wfn_bin_reopt,nasa_battery_1_10min,0.8894077,0.9580252
27,gaussian_wfn_bin_reopt,nasa_battery_1_10min,0.925088,0.95401514
27,CGP_wfn_bin_reopt,nasa_battery_1_10min,0.8945998,0.97946435
28,adam_wfn_bin_reopt,nasa_battery_1_10min,0.87429327,0.8905306
28,gaussian_wfn_bin_reopt,nasa_battery_1_10min,0.42922837,0.6875346
28,CGP_wfn_bin_reopt,nasa_battery_1_10min,0.9302356,0.98451227
29,adam_wfn_bin_reopt,nasa_battery_1_10min,0.4417907,0.9391359
29,gaussian_wfn_bin_reopt,nasa_battery_1_10min,0.72588354,0.9615917
29,CGP_wfn_bin_reopt,nasa_battery_1_10min,0.9688317,0.9891602
0,adam_wfn_bin_reopt,nasa_battery_2_20min,0.86358845,0.87244296
0,gaussian_wfn_bin_reopt,nasa_battery_2_20min,0.79710364,0.7975719
0,CGP_wfn_bin_reopt,nasa_battery_2_20min,0.9624995,0.97320986
1,adam_wfn_bin_reopt,nasa_battery_2_20min,0.82846093,0.7833731
1,gaussian_wfn_bin_reopt,nasa_battery_2_20min,0.8971497,0.88137025
1,CGP_wfn_bin_reopt,nasa_battery_2_20min,0.9844338,0.9629833
2,adam_wfn_bin_reopt,nasa_battery_2_20min,0.86849785,0.8138442
2,gaussian_wfn_bin_reopt,nasa_battery_2_20min,0.84814024,0.79642946
2,CGP_wfn_bin_reopt,nasa_battery_2_20min,0.9568283,0.9630355
3,adam_wfn_bin_reopt,nasa_battery_2_20min,0.96077746,0.943427
3,gaussian_wfn_bin_reopt,nasa_battery_2_20min,-0.14955664,-7.331371e-05
3,CGP_wfn_bin_reopt,nasa_battery_2_20min,0.92997295,0.9630853
4,adam_wfn_bin_reopt,nasa_battery_2_20min,0.92558104,0.9487798
4,gaussian_wfn_bin_reopt,nasa_battery_2_20min,0.8306091,0.78438747
4,CGP_wfn_bin_reopt,nasa_battery_2_20min,0.91254383,0.9126564
5,adam_wfn_bin_reopt,nasa_battery_2_20min,0.82231957,0.844356
5,gaussian_wfn_bin_reopt,nasa_battery_2_20min,0.88888174,0.8223058
5,CGP_wfn_bin_reopt,nasa_battery_2_20min,0.9797301,0.97800314
6,adam_wfn_bin_reopt,nasa_battery_2_20min,0.8503477,0.8002164
6,gaussian_wfn_bin_reopt,nasa_battery_2_20min,0.9013536,0.7706089
6,CGP_wfn_bin_reopt,nasa_battery_2_20min,0.96663463,0.9706731
7,adam_wfn_bin_reopt,nasa_battery_2_20min,0.516403,0.55174994
7,gaussian_wfn_bin_reopt,nasa_battery_2_20min,0.87426287,0.881196
7,CGP_wfn_bin_reopt,nasa_battery_2_20min,0.9808581,0.98450434
8,adam_wfn_bin_reopt,nasa_battery_2_20min,0.8611354,0.80443656
8,gaussian_wfn_bin_reopt,nasa_battery_2_20min,0.90224457,0.8926715
8,CGP_wfn_bin_reopt,nasa_battery_2_20min,0.97608334,0.9806637
9,adam_wfn_bin_reopt,nasa_battery_2_20min,0.65136874,0.6914072
9,gaussian_wfn_bin_reopt,nasa_battery_2_20min,-0.14027143,-1.9192696e-05
9,CGP_wfn_bin_reopt,nasa_battery_2_20min,0.9724878,0.96339935
10,adam_wfn_bin_reopt,nasa_battery_2_20min,0.92878604,0.8914126
10,gaussian_wfn_bin_reopt,nasa_battery_2_20min,0.86291504,0.853012
10,CGP_wfn_bin_reopt,nasa_battery_2_20min,0.96905345,0.9546393
11,adam_wfn_bin_reopt,nasa_battery_2_20min,0.8644121,0.81010157
11,gaussian_wfn_bin_reopt,nasa_battery_2_20min,0.78994614,0.8269762
11,CGP_wfn_bin_reopt,nasa_battery_2_20min,0.9520206,0.93312156
12,adam_wfn_bin_reopt,nasa_battery_2_20min,0.26399755,0.35342175
12,gaussian_wfn_bin_reopt,nasa_battery_2_20min,-0.1288563,-0.00043570995
12,CGP_wfn_bin_reopt,nasa_battery_2_20min,0.9098327,0.86203134
13,adam_wfn_bin_reopt,nasa_battery_2_20min,0.9782579,0.95883876
13,gaussian_wfn_bin_reopt,nasa_battery_2_20min,0.9236348,0.9175075
13,CGP_wfn_bin_reopt,nasa_battery_2_20min,0.96645486,0.9522941
14,adam_wfn_bin_reopt,nasa_battery_2_20min,0.98236096,0.9568317
14,gaussian_wfn_bin_reopt,nasa_battery_2_20min,0.814995,0.7730919
14,CGP_wfn_bin_reopt,nasa_battery_2_20min,0.9324101,0.9036566
15,adam_wfn_bin_reopt,nasa_battery_2_20min,0.9762057,0.97669715
15,gaussian_wfn_bin_reopt,nasa_battery_2_20min,0.7146728,0.67255324
15,CGP_wfn_bin_reopt,nasa_battery_2_20min,0.9648939,0.958195
16,adam_wfn_bin_reopt,nasa_battery_2_20min,0.9677643,0.9526426
16,gaussian_wfn_bin_reopt,nasa_battery_2_20min,0.791967,0.75414586
16,CGP_wfn_bin_reopt,nasa_battery_2_20min,0.959915,0.93848336
17,adam_wfn_bin_reopt,nasa_battery_2_20min,0.95080906,0.9373708
17,gaussian_wfn_bin_reopt,nasa_battery_2_20min,0.9159799,0.9017403
17,CGP_wfn_bin_reopt,nasa_battery_2_20min,0.9427671,0.9070655
18,adam_wfn_bin_reopt,nasa_battery_2_20min,-0.029407263,0.21859181
18,gaussian_wfn_bin_reopt,nasa_battery_2_20min,0.81638795,0.77364266
18,CGP_wfn_bin_reopt,nasa_battery_2_20min,0.9676163,0.9593118
19,adam_wfn_bin_reopt,nasa_battery_2_20min,0.96073455,0.9333124
19,gaussian_wfn_bin_reopt,nasa_battery_2_20min,0.9289232,0.9222428
19,CGP_wfn_bin_reopt,nasa_battery_2_20min,0.8623252,0.8608677
20,adam_wfn_bin_reopt,nasa_battery_2_20min,0.9669809,0.9910299
20,gaussian_wfn_bin_reopt,nasa_battery_2_20min,0.77258635,0.74436975
20,CGP_wfn_bin_reopt,nasa_battery_2_20min,0.8643431,0.8336247
21,adam_wfn_bin_reopt,nasa_battery_2_20min,0.7620552,0.7386658
21,gaussian_wfn_bin_reopt,nasa_battery_2_20min,0.73589826,0.716999
21,CGP_wfn_bin_reopt,nasa_battery_2_20min,0.79817307,0.7580909
22,adam_wfn_bin_reopt,nasa_battery_2_20min,0.81676054,0.774125
22,gaussian_wfn_bin_reopt,nasa_battery_2_20min,0.8791731,0.8649503
22,CGP_wfn_bin_reopt,nasa_battery_2_20min,0.9583556,0.9486573
23,adam_wfn_bin_reopt,nasa_battery_2_20min,0.7070074,0.68638074
23,gaussian_wfn_bin_reopt,nasa_battery_2_20min,0.78676003,0.7515123
23,CGP_wfn_bin_reopt,nasa_battery_2_20min,0.9315422,0.9264834
24,adam_wfn_bin_reopt,nasa_battery_2_20min,0.9735934,0.98297495
24,gaussian_wfn_bin_reopt,nasa_battery_2_20min,0.9736662,0.9828605
24,CGP_wfn_bin_reopt,nasa_battery_2_20min,0.97190547,0.9403329
25,adam_wfn_bin_reopt,nasa_battery_2_20min,0.93487823,0.9092773
25,gaussian_wfn_bin_reopt,nasa_battery_2_20min,0.94020057,0.932457
25,CGP_wfn_bin_reopt,nasa_battery_2_20min,0.9431014,0.94289714
26,adam_wfn_bin_reopt,nasa_battery_2_20min,0.91461027,0.9484615
26,gaussian_wfn_bin_reopt,nasa_battery_2_20min,0.79737467,0.7584244
26,CGP_wfn_bin_reopt,nasa_battery_2_20min,0.97832125,0.9584304
27,adam_wfn_bin_reopt,nasa_battery_2_20min,0.7378514,0.66728544
27,gaussian_wfn_bin_reopt,nasa_battery_2_20min,0.9282749,0.9025394
27,CGP_wfn_bin_reopt,nasa_battery_2_20min,0.9519791,0.9409892
28,adam_wfn_bin_reopt,nasa_battery_2_20min,0.91539794,0.89241964
28,gaussian_wfn_bin_reopt,nasa_battery_2_20min,0.816105,0.7735935
28,CGP_wfn_bin_reopt,nasa_battery_2_20min,0.9144464,0.89902323
29,adam_wfn_bin_reopt,nasa_battery_2_20min,-0.042298555,0.072867274
29,gaussian_wfn_bin_reopt,nasa_battery_2_20min,0.8164049,0.77393866
29,CGP_wfn_bin_reopt,nasa_battery_2_20min,0.86410236,0.8013141
0,adam_wfn_bin_reopt,nikuradse_1,0.8521142,0.9643006
0,gaussian_wfn_bin_reopt,nikuradse_1,0.85180676,0.9643003
0,CGP_wfn_bin_reopt,nikuradse_1,0.6369526,0.96749705
1,adam_wfn_bin_reopt,nikuradse_1,0.87527364,0.9685208
1,gaussian_wfn_bin_reopt,nikuradse_1,0.84990805,0.96409804
1,CGP_wfn_bin_reopt,nikuradse_1,0.85503834,0.9644581
2,adam_wfn_bin_reopt,nikuradse_1,0.82292074,0.96480453
2,gaussian_wfn_bin_reopt,nikuradse_1,0.85416096,0.96424145
2,CGP_wfn_bin_reopt,nikuradse_1,0.8523922,0.96435004
3,adam_wfn_bin_reopt,nikuradse_1,0.83825517,0.96468824
3,gaussian_wfn_bin_reopt,nikuradse_1,-0.80433774,0.9532415
3,CGP_wfn_bin_reopt,nikuradse_1,0.8068,0.9645011
4,adam_wfn_bin_reopt,nikuradse_1,-0.07414746,0.9643312
4,gaussian_wfn_bin_reopt,nikuradse_1,0.85272485,0.96437377
4,CGP_wfn_bin_reopt,nikuradse_1,-3.354075,0.9695878
5,adam_wfn_bin_reopt,nikuradse_1,0.04391104,0.4982561
5,gaussian_wfn_bin_reopt,nikuradse_1,0.86538386,0.9656728
5,CGP_wfn_bin_reopt,nikuradse_1,0.8584131,0.96494734
6,adam_wfn_bin_reopt,nikuradse_1,-0.32665038,0.9589895
6,gaussian_wfn_bin_reopt,nikuradse_1,0.86053085,0.9655629
6,CGP_wfn_bin_reopt,nikuradse_1,0.7796572,0.96134037
7,adam_wfn_bin_reopt,nikuradse_1,0.8531488,0.96288854
7,gaussian_wfn_bin_reopt,nikuradse_1,0.8565466,0.9641493
7,CGP_wfn_bin_reopt,nikuradse_1,0.8720354,0.96286213
8,adam_wfn_bin_reopt,nikuradse_1,0.85757405,0.96402407
8,gaussian_wfn_bin_reopt,nikuradse_1,0.74041927,0.93000895
8,CGP_wfn_bin_reopt,nikuradse_1,0.8327135,0.9662968
9,adam_wfn_bin_reopt,nikuradse_1,0.82356936,0.96457547
9,gaussian_wfn_bin_reopt,nikuradse_1,0.73346263,0.96430486
9,CGP_wfn_bin_reopt,nikuradse_1,-0.21703756,0.99088115
10,adam_wfn_bin_reopt,nikuradse_1,0.8517399,0.9636414
10,gaussian_wfn_bin_reopt,nikuradse_1,0.8565228,0.9662278
10,CGP_wfn_bin_reopt,nikuradse_1,0.5455687,0.97248834
11,adam_wfn_bin_reopt,nikuradse_1,0.7604207,0.92326736
11,gaussian_wfn_bin_reopt,nikuradse_1,0.816595,0.9643698
11,CGP_wfn_bin_reopt,nikuradse_1,0.8733618,0.9715401
12,adam_wfn_bin_reopt,nikuradse_1,0.82436585,0.93192166
12,gaussian_wfn_bin_reopt,nikuradse_1,0.83428955,0.96471345
12,CGP_wfn_bin_reopt,nikuradse_1,0.7659353,0.9645248
13,adam_wfn_bin_reopt,nikuradse_1,0.80115485,0.96505356
13,gaussian_wfn_bin_reopt,nikuradse_1,0.86320424,0.968472
13,CGP_wfn_bin_reopt,nikuradse_1,0.83477205,0.9624008
14,adam_wfn_bin_reopt,nikuradse_1,0.85844696,0.9644955
14,gaussian_wfn_bin_reopt,nikuradse_1,0.8626996,0.9662852
14,CGP_wfn_bin_reopt,nikuradse_1,0.8254074,0.96481824
15,adam_wfn_bin_reopt,nikuradse_1,0.85656977,0.9640787
15,gaussian_wfn_bin_reopt,nikuradse_1,0.8384568,0.9574208
15,CGP_wfn_bin_reopt,nikuradse_1,0.7416347,0.9865407
16,adam_wfn_bin_reopt,nikuradse_1,0.827392,0.9648773
16,gaussian_wfn_bin_reopt,nikuradse_1,0.85764575,0.9657857
16,CGP_wfn_bin_reopt,nikuradse_1,0.89594555,0.9751805
17,adam_wfn_bin_reopt,nikuradse_1,0.79629964,0.96477985
17,gaussian_wfn_bin_reopt,nikuradse_1,0.85567665,0.9641241
17,CGP_wfn_bin_reopt,nikuradse_1,0.8421264,0.96457165
18,adam_wfn_bin_reopt,nikuradse_1,0.5550865,0.96256846
18,gaussian_wfn_bin_reopt,nikuradse_1,0.84825516,0.9630108
18,CGP_wfn_bin_reopt,nikuradse_1,0.8395389,0.96721566
19,adam_wfn_bin_reopt,nikuradse_1,0.73074687,0.9631781
19,gaussian_wfn_bin_reopt,nikuradse_1,0.3089201,0.9646342
19,CGP_wfn_bin_reopt,nikuradse_1,0.4529596,0.9607403
20,adam_wfn_bin_reopt,nikuradse_1,0.86252683,0.9801829
20,gaussian_wfn_bin_reopt,nikuradse_1,0.85171366,0.9643238
20,CGP_wfn_bin_reopt,nikuradse_1,0.73547804,0.9696565
21,adam_wfn_bin_reopt,nikuradse_1,0.88422346,0.964358
21,gaussian_wfn_bin_reopt,nikuradse_1,0.81384754,0.9654257
21,CGP_wfn_bin_reopt,nikuradse_1,-55.797306,0.9663343
22,adam_wfn_bin_reopt,nikuradse_1,0.8591271,0.9682088
22,gaussian_wfn_bin_reopt,nikuradse_1,0.84543854,0.9552466
22,CGP_wfn_bin_reopt,nikuradse_1,-49.967667,0.98052126
23,adam_wfn_bin_reopt,nikuradse_1,0.8444524,0.9659553
23,gaussian_wfn_bin_reopt,nikuradse_1,0.7157325,0.9684972
23,CGP_wfn_bin_reopt,nikuradse_1,0.7604406,0.9611783
24,adam_wfn_bin_reopt,nikuradse_1,-0.03974378,0.9780399
24,gaussian_wfn_bin_reopt,nikuradse_1,0.8518205,0.96429956
24,CGP_wfn_bin_reopt,nikuradse_1,0.8300241,0.96453214
25,adam_wfn_bin_reopt,nikuradse_1,0.83389837,0.9648942
25,gaussian_wfn_bin_reopt,nikuradse_1,0.87061125,0.96457195
25,CGP_wfn_bin_reopt,nikuradse_1,-0.06548166,0.9578862
26,adam_wfn_bin_reopt,nikuradse_1,0.5862893,0.7846273
26,gaussian_wfn_bin_reopt,nikuradse_1,-1.6462772,0.9671039
26,CGP_wfn_bin_reopt,nikuradse_1,0.6906591,0.9739743
27,adam_wfn_bin_reopt,nikuradse_1,0.8307016,0.9503618
27,gaussian_wfn_bin_reopt,nikuradse_1,0.8554886,0.9650568
27,CGP_wfn_bin_reopt,nikuradse_1,0.63989204,0.96703386
28,adam_wfn_bin_reopt,nikuradse_1,0.8317349,0.963707
28,gaussian_wfn_bin_reopt,nikuradse_1,0.85908335,0.9626489
28,CGP_wfn_bin_reopt,nikuradse_1,0.8306993,0.9704467
29,adam_wfn_bin_reopt,nikuradse_1,0.8038232,0.94832444
29,gaussian_wfn_bin_reopt,nikuradse_1,-4.830207,0.95740396
29,CGP_wfn_bin_reopt,nikuradse_1,0.86191314,0.9663797
0,adam_wfn_bin_reopt,nikuradse_2,0.26995534,0.16618931
0,gaussian_wfn_bin_reopt,nikuradse_2,0.09583074,0.108214915
0,CGP_wfn_bin_reopt,nikuradse_2,0.9425832,0.96439457
1,adam_wfn_bin_reopt,nikuradse_2,0.52950656,0.5005888
1,gaussian_wfn_bin_reopt,nikuradse_2,0.9675696,0.9509053
1,CGP_wfn_bin_reopt,nikuradse_2,0.9540027,0.9425657
2,adam_wfn_bin_reopt,nikuradse_2,0.9452245,0.92703265
2,gaussian_wfn_bin_reopt,nikuradse_2,0.9167599,0.8871948
2,CGP_wfn_bin_reopt,nikuradse_2,0.8773557,0.86108255
3,adam_wfn_bin_reopt,nikuradse_2,0.47947365,0.5142252
3,gaussian_wfn_bin_reopt,nikuradse_2,0.60993254,0.6328951
3,CGP_wfn_bin_reopt,nikuradse_2,0.83607316,0.83311355
4,adam_wfn_bin_reopt,nikuradse_2,0.94381547,0.9295221
4,gaussian_wfn_bin_reopt,nikuradse_2,0.71584344,0.67516863
4,CGP_wfn_bin_reopt,nikuradse_2,0.91287994,0.89367825
5,adam_wfn_bin_reopt,nikuradse_2,0.67910576,0.5725416
5,gaussian_wfn_bin_reopt,nikuradse_2,0.3602569,0.35685825
5,CGP_wfn_bin_reopt,nikuradse_2,0.92399335,0.9151272
6,adam_wfn_bin_reopt,nikuradse_2,0.73833704,0.75539523
6,gaussian_wfn_bin_reopt,nikuradse_2,0.7877952,0.7804672
6,CGP_wfn_bin_reopt,nikuradse_2,0.83461374,0.85967475
7,adam_wfn_bin_reopt,nikuradse_2,0.25246507,0.25440872
7,gaussian_wfn_bin_reopt,nikuradse_2,0.395768,0.42996264
7,CGP_wfn_bin_reopt,nikuradse_2,0.9718697,0.94982135
8,adam_wfn_bin_reopt,nikuradse_2,0.69871926,0.7272093
8,gaussian_wfn_bin_reopt,nikuradse_2,0.68660176,0.65106
8,CGP_wfn_bin_reopt,nikuradse_2,0.93366015,0.9117757
9,adam_wfn_bin_reopt,nikuradse_2,0.54200256,0.6040053
9,gaussian_wfn_bin_reopt,nikuradse_2,0.61481583,0.6420375
9,CGP_wfn_bin_reopt,nikuradse_2,0.9070919,0.88035274
10,adam_wfn_bin_reopt,nikuradse_2,0.60981786,0.6266353
10,gaussian_wfn_bin_reopt,nikuradse_2,0.9021715,0.8675237
10,CGP_wfn_bin_reopt,nikuradse_2,0.97247666,0.96510446
11,adam_wfn_bin_reopt,nikuradse_2,0.59245956,0.63003254
11,gaussian_wfn_bin_reopt,nikuradse_2,-2.6164696,0.8196978
11,CGP_wfn_bin_reopt,nikuradse_2,0.95854217,0.9361477
12,adam_wfn_bin_reopt,nikuradse_2,0.221394,0.17849922
12,gaussian_wfn_bin_reopt,nikuradse_2,0.64207494,0.5528263
12,CGP_wfn_bin_reopt,nikuradse_2,0.91771924,0.8680926
13,adam_wfn_bin_reopt,nikuradse_2,0.98199123,0.9677366
13,gaussian_wfn_bin_reopt,nikuradse_2,0.78453577,0.7694355
13,CGP_wfn_bin_reopt,nikuradse_2,0.93355685,0.91537476
14,adam_wfn_bin_reopt,nikuradse_2,0.544697,0.5808977
14,gaussian_wfn_bin_reopt,nikuradse_2,-0.0042785406,-3.5762787e-07
14,CGP_wfn_bin_reopt,nikuradse_2,0.861198,0.9205147
15,adam_wfn_bin_reopt,nikuradse_2,0.30512756,0.29074734
15,gaussian_wfn_bin_reopt,nikuradse_2,0.96690935,0.95839816
15,CGP_wfn_bin_reopt,nikuradse_2,0.84240836,0.8496533
16,adam_wfn_bin_reopt,nikuradse_2,0.72042245,0.6345085
16,gaussian_wfn_bin_reopt,nikuradse_2,0.7329999,0.7338805
16,CGP_wfn_bin_reopt,nikuradse_2,0.90597236,0.90387344
17,adam_wfn_bin_reopt,nikuradse_2,0.44902778,0.54322124
17,gaussian_wfn_bin_reopt,nikuradse_2,0.85610497,0.8468783
17,CGP_wfn_bin_reopt,nikuradse_2,0.96853614,0.95213336
18,adam_wfn_bin_reopt,nikuradse_2,0.5757892,0.61780775
18,gaussian_wfn_bin_reopt,nikuradse_2,0.849548,0.8067459
18,CGP_wfn_bin_reopt,nikuradse_2,0.7645659,0.8424276
19,adam_wfn_bin_reopt,nikuradse_2,0.6984978,0.7112268
19,gaussian_wfn_bin_reopt,nikuradse_2,0.91930187,0.9074693
19,CGP_wfn_bin_reopt,nikuradse_2,0.90657246,0.89600134
20,adam_wfn_bin_reopt,nikuradse_2,0.65324044,0.66483265
20,gaussian_wfn_bin_reopt,nikuradse_2,0.50045335,0.5925466
20,CGP_wfn_bin_reopt,nikuradse_2,0.97949344,0.97117895
21,adam_wfn_bin_reopt,nikuradse_2,0.68523955,0.7075877
21,gaussian_wfn_bin_reopt,nikuradse_2,0.5388745,0.5608748
21,CGP_wfn_bin_reopt,nikuradse_2,0.95518076,0.9530387
22,adam_wfn_bin_reopt,nikuradse_2,0.20246989,0.099653006
22,gaussian_wfn_bin_reopt,nikuradse_2,0.2652874,0.2100817
22,CGP_wfn_bin_reopt,nikuradse_2,0.9446218,0.93593425
23,adam_wfn_bin_reopt,nikuradse_2,0.38436985,0.3343045
23,gaussian_wfn_bin_reopt,nikuradse_2,0.6280178,0.67459506
23,CGP_wfn_bin_reopt,nikuradse_2,0.97274286,0.96365684
24,adam_wfn_bin_reopt,nikuradse_2,0.6885587,0.71894306
24,gaussian_wfn_bin_reopt,nikuradse_2,0.67312706,0.6919415
24,CGP_wfn_bin_reopt,nikuradse_2,0.8296375,0.9135399
25,adam_wfn_bin_reopt,nikuradse_2,0.7560541,0.7645095
25,gaussian_wfn_bin_reopt,nikuradse_2,0.15792185,0.1876235
25,CGP_wfn_bin_reopt,nikuradse_2,0.9249775,0.9655112
26,adam_wfn_bin_reopt,nikuradse_2,0.056455076,0.029099405
26,gaussian_wfn_bin_reopt,nikuradse_2,0.34407437,0.29563564
26,CGP_wfn_bin_reopt,nikuradse_2,0.9309497,0.91237193
27,adam_wfn_bin_reopt,nikuradse_2,0.3270653,0.29846478
27,gaussian_wfn_bin_reopt,nikuradse_2,0.3517365,0.27896142
27,CGP_wfn_bin_reopt,nikuradse_2,0.7396847,0.7073635
28,adam_wfn_bin_reopt,nikuradse_2,0.25961214,0.3242138
28,gaussian_wfn_bin_reopt,nikuradse_2,0.8789026,0.86523175
28,CGP_wfn_bin_reopt,nikuradse_2,0.975195,0.9697886
29,adam_wfn_bin_reopt,nikuradse_2,0.2072432,0.17118686
29,gaussian_wfn_bin_reopt,nikuradse_2,0.7436749,0.6925645
29,CGP_wfn_bin_reopt,nikuradse_2,0.93804634,0.94213295
0,adam_wfn_bin_reopt,flow_stress_phip0.1,0.93456465,0.9323853
0,gaussian_wfn_bin_reopt,flow_stress_phip0.1,0.9423392,0.9486314
0,CGP_wfn_bin_reopt,flow_stress_phip0.1,0.7886385,0.76339763
1,adam_wfn_bin_reopt,flow_stress_phip0.1,0.9620282,0.96658635
1,gaussian_wfn_bin_reopt,flow_stress_phip0.1,0.9750666,0.98220885
1,CGP_wfn_bin_reopt,flow_stress_phip0.1,0.9866014,0.9881858
2,adam_wfn_bin_reopt,flow_stress_phip0.1,0.98970157,0.99310243
2,gaussian_wfn_bin_reopt,flow_stress_phip0.1,-0.0064326525,-1.1920929e-07
2,CGP_wfn_bin_reopt,flow_stress_phip0.1,0.9759469,0.9761594
3,adam_wfn_bin_reopt,flow_stress_phip0.1,0.9846404,0.98440075
3,gaussian_wfn_bin_reopt,flow_stress_phip0.1,0.9075433,0.91264606
3,CGP_wfn_bin_reopt,flow_stress_phip0.1,0.9918377,0.9933019
4,adam_wfn_bin_reopt,flow_stress_phip0.1,0.9523944,0.9597389
4,gaussian_wfn_bin_reopt,flow_stress_phip0.1,0.96365744,0.96621734
4,CGP_wfn_bin_reopt,flow_stress_phip0.1,0.980613,0.98570156
5,adam_wfn_bin_reopt,flow_stress_phip0.1,0.978833,0.9804633
5,gaussian_wfn_bin_reopt,flow_stress_phip0.1,0.7189928,0.71761894
5,CGP_wfn_bin_reopt,flow_stress_phip0.1,0.94989663,0.95593524
6,adam_wfn_bin_reopt,flow_stress_phip0.1,0.9633913,0.96547806
6,gaussian_wfn_bin_reopt,flow_stress_phip0.1,0.4168169,0.3548668
6,CGP_wfn_bin_reopt,flow_stress_phip0.1,0.9954637,0.9961455
7,adam_wfn_bin_reopt,flow_stress_phip0.1,0.99524933,0.99644697
7,gaussian_wfn_bin_reopt,flow_stress_phip0.1,0.80183715,0.8870009
7,CGP_wfn_bin_reopt,flow_stress_phip0.1,0.9479195,0.9551794
8,adam_wfn_bin_reopt,flow_stress_phip0.1,0.9879515,0.9885066
8,gaussian_wfn_bin_reopt,flow_stress_phip0.1,0.92814994,0.9343423
8,CGP_wfn_bin_reopt,flow_stress_phip0.1,0.80748314,0.9501326
9,adam_wfn_bin_reopt,flow_stress_phip0.1,0.9909965,0.99369204
9,gaussian_wfn_bin_reopt,flow_stress_phip0.1,0.6822176,0.6245408
9,CGP_wfn_bin_reopt,flow_stress_phip0.1,0.9252589,0.928788
10,adam_wfn_bin_reopt,flow_stress_phip0.1,-153.97646,0.99256086
10,gaussian_wfn_bin_reopt,flow_stress_phip0.1,0.92865235,0.9343608
10,CGP_wfn_bin_reopt,flow_stress_phip0.1,0.9721208,0.9744624
11,adam_wfn_bin_reopt,flow_stress_phip0.1,0.9718822,0.980149
11,gaussian_wfn_bin_reopt,flow_stress_phip0.1,0.9737342,0.97502005
11,CGP_wfn_bin_reopt,flow_stress_phip0.1,0.96046406,0.95742995
12,adam_wfn_bin_reopt,flow_stress_phip0.1,0.9207772,0.9424463
12,gaussian_wfn_bin_reopt,flow_stress_phip0.1,0.91036814,0.9129437
12,CGP_wfn_bin_reopt,flow_stress_phip0.1,0.9922333,0.9920029
13,adam_wfn_bin_reopt,flow_stress_phip0.1,0.9702739,0.97453886
13,gaussian_wfn_bin_reopt,flow_stress_phip0.1,0.9300825,0.95289737
13,CGP_wfn_bin_reopt,flow_stress_phip0.1,0.98886776,0.98807037
14,adam_wfn_bin_reopt,flow_stress_phip0.1,0.94786775,0.9551611
14,gaussian_wfn_bin_reopt,flow_stress_phip0.1,0.9434935,0.9525072
14,CGP_wfn_bin_reopt,flow_stress_phip0.1,0.87873936,0.8745595
15,adam_wfn_bin_reopt,flow_stress_phip0.1,0.9543583,0.9608679
15,gaussian_wfn_bin_reopt,flow_stress_phip0.1,0.9136803,0.9152846
15,CGP_wfn_bin_reopt,flow_stress_phip0.1,0.975748,0.97907096
16,adam_wfn_bin_reopt,flow_stress_phip0.1,0.8051929,0.9751291
16,gaussian_wfn_bin_reopt,flow_stress_phip0.1,0.9026036,0.9257624
16,CGP_wfn_bin_reopt,flow_stress_phip0.1,0.99154246,0.99303913
17,adam_wfn_bin_reopt,flow_stress_phip0.1,0.8155974,0.98271483
17,gaussian_wfn_bin_reopt,flow_stress_phip0.1,0.94810474,0.9549248
17,CGP_wfn_bin_reopt,flow_stress_phip0.1,0.98508966,0.9850387
18,adam_wfn_bin_reopt,flow_stress_phip0.1,-64.40263,0.90357447
18,gaussian_wfn_bin_reopt,flow_stress_phip0.1,-0.0070540905,-1.1444092e-05
18,CGP_wfn_bin_reopt,flow_stress_phip0.1,0.85070336,0.850347
19,adam_wfn_bin_reopt,flow_stress_phip0.1,0.9175543,0.9473577
19,gaussian_wfn_bin_reopt,flow_stress_phip0.1,0.9587331,0.9559966
19,CGP_wfn_bin_reopt,flow_stress_phip0.1,0.98310035,0.9884056
20,adam_wfn_bin_reopt,flow_stress_phip0.1,-1.4984932,0.9713621
20,gaussian_wfn_bin_reopt,flow_stress_phip0.1,0.94466406,0.958862
20,CGP_wfn_bin_reopt,flow_stress_phip0.1,0.3877917,0.4108104
21,adam_wfn_bin_reopt,flow_stress_phip0.1,0.95750487,0.96605885
21,gaussian_wfn_bin_reopt,flow_stress_phip0.1,0.96138245,0.96983075
21,CGP_wfn_bin_reopt,flow_stress_phip0.1,0.9952842,0.99685675
22,adam_wfn_bin_reopt,flow_stress_phip0.1,0.034724772,0.12656778
22,gaussian_wfn_bin_reopt,flow_stress_phip0.1,0.6543691,0.6940093
22,CGP_wfn_bin_reopt,flow_stress_phip0.1,0.9351054,0.9611395
23,adam_wfn_bin_reopt,flow_stress_phip0.1,0.99339724,0.9947309
23,gaussian_wfn_bin_reopt,flow_stress_phip0.1,0.97691125,0.98387355
23,CGP_wfn_bin_reopt,flow_stress_phip0.1,0.97834015,0.9829542
24,adam_wfn_bin_reopt,flow_stress_phip0.1,0.13521552,0.9294819
24,gaussian_wfn_bin_reopt,flow_stress_phip0.1,0.6127078,0.7351732
24,CGP_wfn_bin_reopt,flow_stress_phip0.1,0.96710587,0.975796
25,adam_wfn_bin_reopt,flow_stress_phip0.1,0.8402982,0.9796252
25,gaussian_wfn_bin_reopt,flow_stress_phip0.1,0.95040107,0.95809066
25,CGP_wfn_bin_reopt,flow_stress_phip0.1,0.9311937,0.9875968
26,adam_wfn_bin_reopt,flow_stress_phip0.1,0.8707509,0.86680233
26,gaussian_wfn_bin_reopt,flow_stress_phip0.1,0.934934,0.9456947
26,CGP_wfn_bin_reopt,flow_stress_phip0.1,0.99075276,0.99299765
27,adam_wfn_bin_reopt,flow_stress_phip0.1,0.96423197,-32.371628
27,gaussian_wfn_bin_reopt,flow_stress_phip0.1,0.910471,0.9125994
27,CGP_wfn_bin_reopt,flow_stress_phip0.1,0.9657036,0.9741452
28,adam_wfn_bin_reopt,flow_stress_phip0.1,-118.85251,0.97412795
28,gaussian_wfn_bin_reopt,flow_stress_phip0.1,0.82921875,0.86173475
28,CGP_wfn_bin_reopt,flow_stress_phip0.1,0.99208987,0.9924939
29,adam_wfn_bin_reopt,flow_stress_phip0.1,0.9831601,0.98372585
29,gaussian_wfn_bin_reopt,flow_stress_phip0.1,0.022854507,0.02200365
29,CGP_wfn_bin_reopt,flow_stress_phip0.1,0.93488693,0.9493686
0,adam_win_bfn_reopt,chemical_1_tower,0.83934414,0.8394576
0,gaussian_win_bfn_reopt,chemical_1_tower,0.4870414,0.4725297
0,CGP_win_bfn_reopt,chemical_1_tower,0.6223147,0.60854757
1,adam_win_bfn_reopt,chemical_1_tower,0.6757963,0.66721034
1,gaussian_win_bfn_reopt,chemical_1_tower,0.8017585,0.79254436
1,CGP_win_bfn_reopt,chemical_1_tower,0.6215681,0.61587334
2,adam_win_bfn_reopt,chemical_1_tower,0.81325245,0.80797565
2,gaussian_win_bfn_reopt,chemical_1_tower,0.4982707,0.47041374
2,CGP_win_bfn_reopt,chemical_1_tower,0.65374804,0.6496367
3,adam_win_bfn_reopt,chemical_1_tower,0.81160706,0.8140521
3,gaussian_win_bfn_reopt,chemical_1_tower,0.5978677,0.6234298
3,CGP_win_bfn_reopt,chemical_1_tower,0.61725605,0.5889118
4,adam_win_bfn_reopt,chemical_1_tower,0.77454567,0.7503582
4,gaussian_win_bfn_reopt,chemical_1_tower,0.5661007,0.56578547
4,CGP_win_bfn_reopt,chemical_1_tower,0.6562128,0.61997926
5,adam_win_bfn_reopt,chemical_1_tower,0.7766505,0.78119385
5,gaussian_win_bfn_reopt,chemical_1_tower,0.6465225,0.61346936
5,CGP_win_bfn_reopt,chemical_1_tower,0.6085326,0.5864674
6,adam_win_bfn_reopt,chemical_1_tower,0.6579771,0.6214687
6,gaussian_win_bfn_reopt,chemical_1_tower,0.5221919,0.5177265
6,CGP_win_bfn_reopt,chemical_1_tower,0.6290872,0.59100676
7,adam_win_bfn_reopt,chemical_1_tower,0.57366633,0.5652646
7,gaussian_win_bfn_reopt,chemical_1_tower,0.5242369,0.5392581
7,CGP_win_bfn_reopt,chemical_1_tower,0.67425454,0.65722084
8,adam_win_bfn_reopt,chemical_1_tower,0.822842,0.83577895
8,gaussian_win_bfn_reopt,chemical_1_tower,0.532742,0.5148468
8,CGP_win_bfn_reopt,chemical_1_tower,0.6890453,0.67176604
9,adam_win_bfn_reopt,chemical_1_tower,0.64804757,0.64354116
9,gaussian_win_bfn_reopt,chemical_1_tower,0.64933324,0.6180727
9,CGP_win_bfn_reopt,chemical_1_tower,0.7480235,0.72077775
10,adam_win_bfn_reopt,chemical_1_tower,0.754751,0.77683055
10,gaussian_win_bfn_reopt,chemical_1_tower,0.58019954,0.5859679
10,CGP_win_bfn_reopt,chemical_1_tower,0.62818736,0.5978744
11,adam_win_bfn_reopt,chemical_1_tower,0.74701023,0.73365664
11,gaussian_win_bfn_reopt,chemical_1_tower,0.7335315,0.6938764
11,CGP_win_bfn_reopt,chemical_1_tower,0.6729517,0.6418488
12,adam_win_bfn_reopt,chemical_1_tower,0.5583402,0.56346214
12,gaussian_win_bfn_reopt,chemical_1_tower,0.6663544,0.6506039
12,CGP_win_bfn_reopt,chemical_1_tower,0.60223585,0.58089995
13,adam_win_bfn_reopt,chemical_1_tower,0.850264,0.84985495
13,gaussian_win_bfn_reopt,chemical_1_tower,0.44221663,0.4260949
13,CGP_win_bfn_reopt,chemical_1_tower,0.60816884,0.5909467
14,adam_win_bfn_reopt,chemical_1_tower,0.82784224,0.8447615
14,gaussian_win_bfn_reopt,chemical_1_tower,0.6926853,0.6364496
14,CGP_win_bfn_reopt,chemical_1_tower,0.62160444,0.6092252
15,adam_win_bfn_reopt,chemical_1_tower,0.8106581,0.8115085
15,gaussian_win_bfn_reopt,chemical_1_tower,0.54998696,0.5450388
15,CGP_win_bfn_reopt,chemical_1_tower,0.5727881,0.5493314
16,adam_win_bfn_reopt,chemical_1_tower,0.6770649,0.6985271
16,gaussian_win_bfn_reopt,chemical_1_tower,0.5071618,0.46214944
16,CGP_win_bfn_reopt,chemical_1_tower,0.6370116,0.65547085
17,adam_win_bfn_reopt,chemical_1_tower,0.6056462,0.61738145
17,gaussian_win_bfn_reopt,chemical_1_tower,0.6071509,0.59650326
17,CGP_win_bfn_reopt,chemical_1_tower,0.595834,0.5881258
18,adam_win_bfn_reopt,chemical_1_tower,0.7712711,0.7633998
18,gaussian_win_bfn_reopt,chemical_1_tower,0.6495033,0.6046839
18,CGP_win_bfn_reopt,chemical_1_tower,0.64798903,0.6367295
19,adam_win_bfn_reopt,chemical_1_tower,0.6183112,0.607561
19,gaussian_win_bfn_reopt,chemical_1_tower,0.5356853,0.50372577
19,CGP_win_bfn_reopt,chemical_1_tower,0.5736978,0.545434
20,adam_win_bfn_reopt,chemical_1_tower,0.659997,0.61273825
20,gaussian_win_bfn_reopt,chemical_1_tower,0.5256376,0.48492104
20,CGP_win_bfn_reopt,chemical_1_tower,0.6900704,0.6723635
21,adam_win_bfn_reopt,chemical_1_tower,0.7005154,0.7066432
21,gaussian_win_bfn_reopt,chemical_1_tower,0.5331222,0.51742893
21,CGP_win_bfn_reopt,chemical_1_tower,0.6378081,0.6415782
22,adam_win_bfn_reopt,chemical_1_tower,0.74689734,0.7187787
22,gaussian_win_bfn_reopt,chemical_1_tower,0.5436702,0.49721688
22,CGP_win_bfn_reopt,chemical_1_tower,0.7015481,0.6740973
23,adam_win_bfn_reopt,chemical_1_tower,0.5205952,0.5271026
23,gaussian_win_bfn_reopt,chemical_1_tower,0.725583,0.70243955
23,CGP_win_bfn_reopt,chemical_1_tower,0.6337388,0.6448821
24,adam_win_bfn_reopt,chemical_1_tower,0.48297513,0.49847615
24,gaussian_win_bfn_reopt,chemical_1_tower,0.53957665,0.49658877
24,CGP_win_bfn_reopt,chemical_1_tower,0.67098486,0.6164944
25,adam_win_bfn_reopt,chemical_1_tower,0.6715801,0.6637149
25,gaussian_win_bfn_reopt,chemical_1_tower,0.5283147,0.49740458
25,CGP_win_bfn_reopt,chemical_1_tower,0.632779,0.61523557
26,adam_win_bfn_reopt,chemical_1_tower,0.55893534,0.53789485
26,gaussian_win_bfn_reopt,chemical_1_tower,0.59458065,0.55280113
26,CGP_win_bfn_reopt,chemical_1_tower,0.60967183,0.58323056
27,adam_win_bfn_reopt,chemical_1_tower,0.7988817,0.7844675
27,gaussian_win_bfn_reopt,chemical_1_tower,0.6070685,0.60084844
27,CGP_win_bfn_reopt,chemical_1_tower,0.61265653,0.59562606
28,adam_win_bfn_reopt,chemical_1_tower,0.75202507,0.7522905
28,gaussian_win_bfn_reopt,chemical_1_tower,0.61253774,0.574559
28,CGP_win_bfn_reopt,chemical_1_tower,0.6142937,0.6014222
29,adam_win_bfn_reopt,chemical_1_tower,0.779059,0.7511604
29,gaussian_win_bfn_reopt,chemical_1_tower,0.4851513,0.45270902
29,CGP_win_bfn_reopt,chemical_1_tower,0.67188305,0.65478957
0,adam_win_bfn_reopt,chemical_2_competition,0.21611989,0.29216146
0,gaussian_win_bfn_reopt,chemical_2_competition,0.28096867,0.3327468
0,CGP_win_bfn_reopt,chemical_2_competition,0.0060279965,0.052396953
1,adam_win_bfn_reopt,chemical_2_competition,0.3141619,0.6374872
1,gaussian_win_bfn_reopt,chemical_2_competition,0.10250634,0.17587811
1,CGP_win_bfn_reopt,chemical_2_competition,0.011904538,0.0522362
2,adam_win_bfn_reopt,chemical_2_competition,0.4816997,0.6420431
2,gaussian_win_bfn_reopt,chemical_2_competition,0.041273355,0.078035355
2,CGP_win_bfn_reopt,chemical_2_competition,0.14827985,0.31995678
3,adam_win_bfn_reopt,chemical_2_competition,0.26489645,0.21780044
3,gaussian_win_bfn_reopt,chemical_2_competition,-0.04291427,0.31369972
3,CGP_win_bfn_reopt,chemical_2_competition,0.04333353,0.11873585
4,adam_win_bfn_reopt,chemical_2_competition,0.018361688,0.42331737
4,gaussian_win_bfn_reopt,chemical_2_competition,0.0076144338,0.06734562
4,CGP_win_bfn_reopt,chemical_2_competition,0.030957162,0.34404236
5,adam_win_bfn_reopt,chemical_2_competition,0.4153297,0.5173874
5,gaussian_win_bfn_reopt,chemical_2_competition,-0.004647374,0.05856967
5,CGP_win_bfn_reopt,chemical_2_competition,0.006381452,0.052596748
6,adam_win_bfn_reopt,chemical_2_competition,0.022378683,0.4233994
6,gaussian_win_bfn_reopt,chemical_2_competition,0.00519228,0.07203555
6,CGP_win_bfn_reopt,chemical_2_competition,0.020760775,0.055801272
7,adam_win_bfn_reopt,chemical_2_competition,0.49938983,0.34739202
7,gaussian_win_bfn_reopt,chemical_2_competition,0.035984278,0.07870418
7,CGP_win_bfn_reopt,chemical_2_competition,0.1132164,0.10440904
8,adam_win_bfn_reopt,chemical_2_competition,-0.05347371,0.3393395
8,gaussian_win_bfn_reopt,chemical_2_competition,0.02338785,0.12291229
8,CGP_win_bfn_reopt,chemical_2_competition,0.013632238,0.051819086
9,adam_win_bfn_reopt,chemical_2_competition,-0.7956883,0.5868741
9,gaussian_win_bfn_reopt,chemical_2_competition,0.22191042,0.16631961
9,CGP_win_bfn_reopt,chemical_2_competition,-0.09827316,0.036165476
10,adam_win_bfn_reopt,chemical_2_competition,-0.037133574,0.44279683
10,gaussian_win_bfn_reopt,chemical_2_competition,0.0062580705,0.12340927
10,CGP_win_bfn_reopt,chemical_2_competition,-0.033562183,0.14135772
11,adam_win_bfn_reopt,chemical_2_competition,-0.012611866,0.14849651
11,gaussian_win_bfn_reopt,chemical_2_competition,0.038543165,0.078642905
11,CGP_win_bfn_reopt,chemical_2_competition,0.06517607,0.093399525
12,adam_win_bfn_reopt,chemical_2_competition,-0.05311048,0.57639885
12,gaussian_win_bfn_reopt,chemical_2_competition,-0.059485555,0.19970077
12,CGP_win_bfn_reopt,chemical_2_competition,0.20166957,0.14767766
13,adam_win_bfn_reopt,chemical_2_competition,0.45353556,0.5181624
13,gaussian_win_bfn_reopt,chemical_2_competition,0.0038616657,0.04899025
13,CGP_win_bfn_reopt,chemical_2_competition,0.008405149,0.05262655
14,adam_win_bfn_reopt,chemical_2_competition,0.19772172,0.16525179
14,gaussian_win_bfn_reopt,chemical_2_competition,0.016100764,0.08168048
14,CGP_win_bfn_reopt,chemical_2_competition,0.10995108,0.11395419
15,adam_win_bfn_reopt,chemical_2_competition,0.03362578,0.31270587
15,gaussian_win_bfn_reopt,chemical_2_competition,0.38850158,0.23948324
15,CGP_win_bfn_reopt,chemical_2_competition,0.0688774,0.14106262
16,adam_win_bfn_reopt,chemical_2_competition,0.13114834,0.4742316
16,gaussian_win_bfn_reopt,chemical_2_competition,0.00886631,0.39970005
16,CGP_win_bfn_reopt,chemical_2_competition,0.027101278,0.055443406
17,adam_win_bfn_reopt,chemical_2_competition,0.593941,0.5562968
17,gaussian_win_bfn_reopt,chemical_2_competition,0.042583287,0.47305518
17,CGP_win_bfn_reopt,chemical_2_competition,0.049396038,0.097361684
18,adam_win_bfn_reopt,chemical_2_competition,-0.01181972,0.28139377
18,gaussian_win_bfn_reopt,chemical_2_competition,-0.0097875595,0.05739367
18,CGP_win_bfn_reopt,chemical_2_competition,-0.11440158,0.45167488
19,adam_win_bfn_reopt,chemical_2_competition,-0.051793575,0.52444303
19,gaussian_win_bfn_reopt,chemical_2_competition,-0.06858683,0.29163826
19,CGP_win_bfn_reopt,chemical_2_competition,0.0061423182,0.052479684
20,adam_win_bfn_reopt,chemical_2_competition,0.14276361,0.5904224
20,gaussian_win_bfn_reopt,chemical_2_competition,0.04906559,0.0795055
20,CGP_win_bfn_reopt,chemical_2_competition,0.07044107,0.136451
21,adam_win_bfn_reopt,chemical_2_competition,0.025161505,0.42322713
21,gaussian_win_bfn_reopt,chemical_2_competition,0.1329751,0.16380167
21,CGP_win_bfn_reopt,chemical_2_competition,-0.09324467,0.036216497
22,adam_win_bfn_reopt,chemical_2_competition,0.495457,0.4349422
22,gaussian_win_bfn_reopt,chemical_2_competition,-0.12221694,0.10611993
22,CGP_win_bfn_reopt,chemical_2_competition,0.19970775,0.20698619
23,adam_win_bfn_reopt,chemical_2_competition,-0.07922006,0.59816825
23,gaussian_win_bfn_reopt,chemical_2_competition,0.5264056,0.4165697
23,CGP_win_bfn_reopt,chemical_2_competition,0.15140653,0.2017901
24,adam_win_bfn_reopt,chemical_2_competition,-0.0143015385,0.17485541
24,gaussian_win_bfn_reopt,chemical_2_competition,-0.009993911,0.024597645
24,CGP_win_bfn_reopt,chemical_2_competition,-0.015863895,0.20274168
25,adam_win_bfn_reopt,chemical_2_competition,0.02644056,0.39544058
25,gaussian_win_bfn_reopt,chemical_2_competition,0.4608205,0.40317076
25,CGP_win_bfn_reopt,chemical_2_competition,0.14879555,0.16342932
26,adam_win_bfn_reopt,chemical_2_competition,0.55300474,0.6486244
26,gaussian_win_bfn_reopt,chemical_2_competition,0.03727287,0.07872254
26,CGP_win_bfn_reopt,chemical_2_competition,0.033661783,0.18986267
27,adam_win_bfn_reopt,chemical_2_competition,0.01769203,0.5323942
27,gaussian_win_bfn_reopt,chemical_2_competition,0.050239205,0.07939619
27,CGP_win_bfn_reopt,chemical_2_competition,0.030265093,0.09063214
28,adam_win_bfn_reopt,chemical_2_competition,0.44734722,0.62105644
28,gaussian_win_bfn_reopt,chemical_2_competition,-0.021249533,0.13676387
28,CGP_win_bfn_reopt,chemical_2_competition,0.012125492,0.09935731
29,adam_win_bfn_reopt,chemical_2_competition,0.4947266,0.66384256
29,gaussian_win_bfn_reopt,chemical_2_competition,0.01939565,0.123199165
29,CGP_win_bfn_reopt,chemical_2_competition,0.2006849,0.1475848
0,adam_win_bfn_reopt,friction_dyn_one-hot,0.803289,0.8745896
0,gaussian_win_bfn_reopt,friction_dyn_one-hot,0.587455,0.72256756
0,CGP_win_bfn_reopt,friction_dyn_one-hot,-0.29289246,0.64931494
1,adam_win_bfn_reopt,friction_dyn_one-hot,0.7387253,0.8117508
1,gaussian_win_bfn_reopt,friction_dyn_one-hot,0.028823793,0.5228449
1,CGP_win_bfn_reopt,friction_dyn_one-hot,0.4430502,0.59905386
2,adam_win_bfn_reopt,friction_dyn_one-hot,-0.36922598,0.3926844
2,gaussian_win_bfn_reopt,friction_dyn_one-hot,0.24757868,0.56154555
2,CGP_win_bfn_reopt,friction_dyn_one-hot,0.055931747,0.5213093
3,adam_win_bfn_reopt,friction_dyn_one-hot,0.5201111,0.71508604
3,gaussian_win_bfn_reopt,friction_dyn_one-hot,0.46776843,0.72441703
3,CGP_win_bfn_reopt,friction_dyn_one-hot,0.6289534,0.7651255
4,adam_win_bfn_reopt,friction_dyn_one-hot,0.6879739,0.8137194
4,gaussian_win_bfn_reopt,friction_dyn_one-hot,-0.00864768,0.49550658
4,CGP_win_bfn_reopt,friction_dyn_one-hot,-0.023174763,0.37675697
5,adam_win_bfn_reopt,friction_dyn_one-hot,-0.01115942,0.49621642
5,gaussian_win_bfn_reopt,friction_dyn_one-hot,-0.017192125,0.49793172
5,CGP_win_bfn_reopt,friction_dyn_one-hot,0.12788641,0.58966404
6,adam_win_bfn_reopt,friction_dyn_one-hot,0.7737867,0.85621315
6,gaussian_win_bfn_reopt,friction_dyn_one-hot,0.17280358,0.5502411
6,CGP_win_bfn_reopt,friction_dyn_one-hot,-0.021631598,0.49557197
7,adam_win_bfn_reopt,friction_dyn_one-hot,-0.016334295,0.50239474
7,gaussian_win_bfn_reopt,friction_dyn_one-hot,0.15292543,0.5290808
7,CGP_win_bfn_reopt,friction_dyn_one-hot,0.59451985,0.75166994
8,adam_win_bfn_reopt,friction_dyn_one-hot,0.6490431,0.7877325
8,gaussian_win_bfn_reopt,friction_dyn_one-hot,-0.03049481,0.42262524
8,CGP_win_bfn_reopt,friction_dyn_one-hot,0.42597705,0.6391264
9,adam_win_bfn_reopt,friction_dyn_one-hot,0.8339392,0.88589853
9,gaussian_win_bfn_reopt,friction_dyn_one-hot,-0.066646814,0.4770013
9,CGP_win_bfn_reopt,friction_dyn_one-hot,0.020482898,0.517207
10,adam_win_bfn_reopt,friction_dyn_one-hot,0.7075981,0.81130296
10,gaussian_win_bfn_reopt,friction_dyn_one-hot,-0.05803144,0.4218334
10,CGP_win_bfn_reopt,friction_dyn_one-hot,0.2962728,0.6356698
11,adam_win_bfn_reopt,friction_dyn_one-hot,0.028505027,0.51946926
11,gaussian_win_bfn_reopt,friction_dyn_one-hot,0.46421587,0.66880304
11,CGP_win_bfn_reopt,friction_dyn_one-hot,0.60917705,0.76546216
12,adam_win_bfn_reopt,friction_dyn_one-hot,-0.013815522,0.48422587
12,gaussian_win_bfn_reopt,friction_dyn_one-hot,-0.047461987,0.4143533
12,CGP_win_bfn_reopt,friction_dyn_one-hot,0.41531008,0.62886834
13,adam_win_bfn_reopt,friction_dyn_one-hot,0.092626095,0.51664376
13,gaussian_win_bfn_reopt,friction_dyn_one-hot,-0.0051552057,-5.2452087e-06
13,CGP_win_bfn_reopt,friction_dyn_one-hot,0.64038956,0.79179573
14,adam_win_bfn_reopt,friction_dyn_one-hot,0.48665023,0.7026589
14,gaussian_win_bfn_reopt,friction_dyn_one-hot,0.0045711994,0.5144583
14,CGP_win_bfn_reopt,friction_dyn_one-hot,0.07292789,0.5300264
15,adam_win_bfn_reopt,friction_dyn_one-hot,0.010497808,0.50951165
15,gaussian_win_bfn_reopt,friction_dyn_one-hot,0.15895754,0.39056808
15,CGP_win_bfn_reopt,friction_dyn_one-hot,-0.032630444,0.43139446
16,adam_win_bfn_reopt,friction_dyn_one-hot,0.6451852,0.8407109
16,gaussian_win_bfn_reopt,friction_dyn_one-hot,-0.13742173,0.38223833
16,CGP_win_bfn_reopt,friction_dyn_one-hot,0.22192204,0.4108917
17,adam_win_bfn_reopt,friction_dyn_one-hot,0.39215505,0.6083443
17,gaussian_win_bfn_reopt,friction_dyn_one-hot,-0.0010813475,0.5057483
17,CGP_win_bfn_reopt,friction_dyn_one-hot,0.6912761,0.7584195
18,adam_win_bfn_reopt,friction_dyn_one-hot,-0.026126742,0.44914788
18,gaussian_win_bfn_reopt,friction_dyn_one-hot,0.086936176,0.5194263
18,CGP_win_bfn_reopt,friction_dyn_one-hot,0.1833064,0.6257051
19,adam_win_bfn_reopt,friction_dyn_one-hot,0.755268,0.8515018
19,gaussian_win_bfn_reopt,friction_dyn_one-hot,0.17949182,0.57707036
19,CGP_win_bfn_reopt,friction_dyn_one-hot,0.5717416,0.7601086
20,adam_win_bfn_reopt,friction_dyn_one-hot,0.7124719,0.8240429
20,gaussian_win_bfn_reopt,friction_dyn_one-hot,0.15705496,0.5225534
20,CGP_win_bfn_reopt,friction_dyn_one-hot,0.4994704,0.7509129
21,adam_win_bfn_reopt,friction_dyn_one-hot,0.7578164,0.83486176
21,gaussian_win_bfn_reopt,friction_dyn_one-hot,-0.005170107,-4.7683716e-06
21,CGP_win_bfn_reopt,friction_dyn_one-hot,0.015908241,0.52159023
22,adam_win_bfn_reopt,friction_dyn_one-hot,0.77531826,0.8726566
22,gaussian_win_bfn_reopt,friction_dyn_one-hot,-0.16780436,0.39276445
22,CGP_win_bfn_reopt,friction_dyn_one-hot,0.7429848,0.77061045
23,adam_win_bfn_reopt,friction_dyn_one-hot,-0.07046795,0.42048246
23,gaussian_win_bfn_reopt,friction_dyn_one-hot,0.03157991,0.50907195
23,CGP_win_bfn_reopt,friction_dyn_one-hot,0.6070496,0.7503108
24,adam_win_bfn_reopt,friction_dyn_one-hot,0.052042365,0.5202734
24,gaussian_win_bfn_reopt,friction_dyn_one-hot,-0.009549856,0.39872295
24,CGP_win_bfn_reopt,friction_dyn_one-hot,0.19179708,0.11735308
25,adam_win_bfn_reopt,friction_dyn_one-hot,-0.071798444,0.3924309
25,gaussian_win_bfn_reopt,friction_dyn_one-hot,0.18512481,0.11946297
25,CGP_win_bfn_reopt,friction_dyn_one-hot,0.59659374,0.81002337
26,adam_win_bfn_reopt,friction_dyn_one-hot,0.5096735,0.6923508
26,gaussian_win_bfn_reopt,friction_dyn_one-hot,0.48000145,0.67958844
26,CGP_win_bfn_reopt,friction_dyn_one-hot,0.6856845,0.7865548
27,adam_win_bfn_reopt,friction_dyn_one-hot,0.7198212,0.8220412
27,gaussian_win_bfn_reopt,friction_dyn_one-hot,0.6387763,0.7959196
27,CGP_win_bfn_reopt,friction_dyn_one-hot,0.7178588,0.78833246
28,adam_win_bfn_reopt,friction_dyn_one-hot,-0.037184358,0.4315297
28,gaussian_win_bfn_reopt,friction_dyn_one-hot,-0.012794137,0.49901438
28,CGP_win_bfn_reopt,friction_dyn_one-hot,0.7790396,0.8452772
29,adam_win_bfn_reopt,friction_dyn_one-hot,0.3737986,0.6071565
29,gaussian_win_bfn_reopt,friction_dyn_one-hot,0.042626858,0.51630193
29,CGP_win_bfn_reopt,friction_dyn_one-hot,0.659265,0.7604468
0,adam_win_bfn_reopt,friction_stat_one-hot,0.116161525,0.5050479
0,gaussian_win_bfn_reopt,friction_stat_one-hot,-0.0087246895,0.5249182
0,CGP_win_bfn_reopt,friction_stat_one-hot,0.04342246,0.5861626
1,adam_win_bfn_reopt,friction_stat_one-hot,0.0014987588,0.52623594
1,gaussian_win_bfn_reopt,friction_stat_one-hot,0.23414898,0.5590708
1,CGP_win_bfn_reopt,friction_stat_one-hot,0.3135478,0.43283635
2,adam_win_bfn_reopt,friction_stat_one-hot,0.54607415,0.7196139
2,gaussian_win_bfn_reopt,friction_stat_one-hot,0.3231117,0.5349226
2,CGP_win_bfn_reopt,friction_stat_one-hot,-0.055729747,0.51038575
3,adam_win_bfn_reopt,friction_stat_one-hot,0.14649254,0.64901245
3,gaussian_win_bfn_reopt,friction_stat_one-hot,0.015066862,0.5354415
3,CGP_win_bfn_reopt,friction_stat_one-hot,0.06518328,0.5911243
4,adam_win_bfn_reopt,friction_stat_one-hot,-0.077317,0.513004
4,gaussian_win_bfn_reopt,friction_stat_one-hot,-0.061102152,0.5047121
4,CGP_win_bfn_reopt,friction_stat_one-hot,0.14131391,0.08336067
5,adam_win_bfn_reopt,friction_stat_one-hot,0.35703778,0.53903025
5,gaussian_win_bfn_reopt,friction_stat_one-hot,-0.024902701,0.52521235
5,CGP_win_bfn_reopt,friction_stat_one-hot,-0.052769184,0.51455176
6,adam_win_bfn_reopt,friction_stat_one-hot,0.5743152,0.50731117
6,gaussian_win_bfn_reopt,friction_stat_one-hot,0.15362829,0.08884841
6,CGP_win_bfn_reopt,friction_stat_one-hot,-0.088517666,0.5236763
7,adam_win_bfn_reopt,friction_stat_one-hot,0.74078786,0.7621955
7,gaussian_win_bfn_reopt,friction_stat_one-hot,-0.024156809,0.51993996
7,CGP_win_bfn_reopt,friction_stat_one-hot,-0.16319847,0.48276383
8,adam_win_bfn_reopt,friction_stat_one-hot,0.71974015,0.7951598
8,gaussian_win_bfn_reopt,friction_stat_one-hot,0.043009162,0.5199146
8,CGP_win_bfn_reopt,friction_stat_one-hot,-0.03849399,0.5295165
9,adam_win_bfn_reopt,friction_stat_one-hot,0.053563774,0.039022505
9,gaussian_win_bfn_reopt,friction_stat_one-hot,0.13940138,0.07751584
9,CGP_win_bfn_reopt,friction_stat_one-hot,0.18092239,0.6318672
10,adam_win_bfn_reopt,friction_stat_one-hot,0.77561915,0.81309676
10,gaussian_win_bfn_reopt,friction_stat_one-hot,-0.109264374,0.46550125
10,CGP_win_bfn_reopt,friction_stat_one-hot,-0.08916271,0.51158994
11,adam_win_bfn_reopt,friction_stat_one-hot,0.7274816,0.787174
11,gaussian_win_bfn_reopt,friction_stat_one-hot,0.16509366,0.30175668
11,CGP_win_bfn_reopt,friction_stat_one-hot,0.053539872,0.5996338
12,adam_win_bfn_reopt,friction_stat_one-hot,0.35655105,0.46912968
12,gaussian_win_bfn_reopt,friction_stat_one-hot,-0.07880902,0.4914022
12,CGP_win_bfn_reopt,friction_stat_one-hot,0.14895374,0.62306106
13,adam_win_bfn_reopt,friction_stat_one-hot,0.81923693,0.78003156
13,gaussian_win_bfn_reopt,friction_stat_one-hot,-0.020604491,0.50447905
13,CGP_win_bfn_reopt,friction_stat_one-hot,0.10938513,0.6360671
14,adam_win_bfn_reopt,friction_stat_one-hot,0.13565737,0.6376064
14,gaussian_win_bfn_reopt,friction_stat_one-hot,0.21604395,0.6065633
14,CGP_win_bfn_reopt,friction_stat_one-hot,-0.13508916,0.45606154
15,adam_win_bfn_reopt,friction_stat_one-hot,-0.06993961,0.5124626
15,gaussian_win_bfn_reopt,friction_stat_one-hot,-0.062331557,0.51361215
15,CGP_win_bfn_reopt,friction_stat_one-hot,0.10250008,0.5918242
16,adam_win_bfn_reopt,friction_stat_one-hot,0.5819012,0.7119984
16,gaussian_win_bfn_reopt,friction_stat_one-hot,0.121329725,0.1877923
16,CGP_win_bfn_reopt,friction_stat_one-hot,0.030480087,0.53075767
17,adam_win_bfn_reopt,friction_stat_one-hot,-0.013844252,0.52733755
17,gaussian_win_bfn_reopt,friction_stat_one-hot,0.32649934,0.4502896
17,CGP_win_bfn_reopt,friction_stat_one-hot,-0.1286143,0.4807204
18,adam_win_bfn_reopt,friction_stat_one-hot,0.7393093,0.7968215
18,gaussian_win_bfn_reopt,friction_stat_one-hot,-0.0028210878,-1.4305115e-06
18,CGP_win_bfn_reopt,friction_stat_one-hot,0.052534997,0.5725908
19,adam_win_bfn_reopt,friction_stat_one-hot,0.14220428,0.60553074
19,gaussian_win_bfn_reopt,friction_stat_one-hot,-0.0024001598,-2.0742416e-05
19,CGP_win_bfn_reopt,friction_stat_one-hot,0.0025783777,0.528888
20,adam_win_bfn_reopt,friction_stat_one-hot,0.5337276,0.7017857
20,gaussian_win_bfn_reopt,friction_stat_one-hot,0.066667974,0.46962446
20,CGP_win_bfn_reopt,friction_stat_one-hot,0.13994205,0.6328739
21,adam_win_bfn_reopt,friction_stat_one-hot,0.07497722,0.6064136
21,gaussian_win_bfn_reopt,friction_stat_one-hot,-0.011508822,0.51778364
21,CGP_win_bfn_reopt,friction_stat_one-hot,0.13025492,0.60035133
22,adam_win_bfn_reopt,friction_stat_one-hot,-0.16069984,0.49215275
22,gaussian_win_bfn_reopt,friction_stat_one-hot,-0.035651922,0.52239156
22,CGP_win_bfn_reopt,friction_stat_one-hot,0.16095877,0.6003976
23,adam_win_bfn_reopt,friction_stat_one-hot,0.5099132,0.69320226
23,gaussian_win_bfn_reopt,friction_stat_one-hot,-0.071251035,0.5103781
23,CGP_win_bfn_reopt,friction_stat_one-hot,0.080174804,0.4751191
24,adam_win_bfn_reopt,friction_stat_one-hot,0.20115036,0.64349306
24,gaussian_win_bfn_reopt,friction_stat_one-hot,-0.06887615,0.50170875
24,CGP_win_bfn_reopt,friction_stat_one-hot,-0.11543417,0.44488013
25,adam_win_bfn_reopt,friction_stat_one-hot,0.7044498,0.7921394
25,gaussian_win_bfn_reopt,friction_stat_one-hot,0.077530265,0.029037058
25,CGP_win_bfn_reopt,friction_stat_one-hot,0.0794664,0.6095388
26,adam_win_bfn_reopt,friction_stat_one-hot,0.0710035,0.59090316
26,gaussian_win_bfn_reopt,friction_stat_one-hot,-0.015277386,0.53878
26,CGP_win_bfn_reopt,friction_stat_one-hot,0.14987564,0.6555248
27,adam_win_bfn_reopt,friction_stat_one-hot,0.6162832,0.7271949
27,gaussian_win_bfn_reopt,friction_stat_one-hot,0.3316421,0.47560537
27,CGP_win_bfn_reopt,friction_stat_one-hot,0.020721376,0.5717076
28,adam_win_bfn_reopt,friction_stat_one-hot,0.013387859,0.52510756
28,gaussian_win_bfn_reopt,friction_stat_one-hot,0.14756233,0.08762163
28,CGP_win_bfn_reopt,friction_stat_one-hot,-0.020354867,0.55510706
29,adam_win_bfn_reopt,friction_stat_one-hot,0.1123839,0.6019166
29,gaussian_win_bfn_reopt,friction_stat_one-hot,-0.07783556,0.51293975
29,CGP_win_bfn_reopt,friction_stat_one-hot,0.6343323,0.6782446
0,adam_win_bfn_reopt,nasa_battery_1_10min,0.83708745,0.9607583
0,gaussian_win_bfn_reopt,nasa_battery_1_10min,0.857659,0.9427198
0,CGP_win_bfn_reopt,nasa_battery_1_10min,0.89726317,0.98651236
1,adam_win_bfn_reopt,nasa_battery_1_10min,0.94682306,0.9865298
1,gaussian_win_bfn_reopt,nasa_battery_1_10min,0.828957,0.81123614
1,CGP_win_bfn_reopt,nasa_battery_1_10min,0.9629489,0.9876901
2,adam_win_bfn_reopt,nasa_battery_1_10min,0.7165737,0.8542907
2,gaussian_win_bfn_reopt,nasa_battery_1_10min,0.8224117,0.8938548
2,CGP_win_bfn_reopt,nasa_battery_1_10min,0.88395786,0.95898247
3,adam_win_bfn_reopt,nasa_battery_1_10min,0.32043612,0.9419404
3,gaussian_win_bfn_reopt,nasa_battery_1_10min,0.741044,0.9136267
3,CGP_win_bfn_reopt,nasa_battery_1_10min,0.9426005,0.97964084
4,adam_win_bfn_reopt,nasa_battery_1_10min,0.85323155,0.96237767
4,gaussian_win_bfn_reopt,nasa_battery_1_10min,0.92983925,0.965447
4,CGP_win_bfn_reopt,nasa_battery_1_10min,0.96524906,0.9849122
5,adam_win_bfn_reopt,nasa_battery_1_10min,0.87762725,0.9857826
5,gaussian_win_bfn_reopt,nasa_battery_1_10min,0.4168082,0.86539084
5,CGP_win_bfn_reopt,nasa_battery_1_10min,0.991426,0.98896354
6,adam_win_bfn_reopt,nasa_battery_1_10min,0.92919517,0.9849846
6,gaussian_win_bfn_reopt,nasa_battery_1_10min,0.7401117,0.9137773
6,CGP_win_bfn_reopt,nasa_battery_1_10min,0.92186856,0.98845387
7,adam_win_bfn_reopt,nasa_battery_1_10min,0.8605467,0.98090935
7,gaussian_win_bfn_reopt,nasa_battery_1_10min,0.8672633,0.94257134
7,CGP_win_bfn_reopt,nasa_battery_1_10min,0.90809125,0.98145086
8,adam_win_bfn_reopt,nasa_battery_1_10min,0.8489004,0.9506454
8,gaussian_win_bfn_reopt,nasa_battery_1_10min,0.7439202,0.9132926
8,CGP_win_bfn_reopt,nasa_battery_1_10min,0.89271075,0.9805897
9,adam_win_bfn_reopt,nasa_battery_1_10min,0.9571421,0.92581445
9,gaussian_win_bfn_reopt,nasa_battery_1_10min,0.27685505,0.95837456
9,CGP_win_bfn_reopt,nasa_battery_1_10min,0.86963236,0.9853667
10,adam_win_bfn_reopt,nasa_battery_1_10min,0.63976526,0.9664553
10,gaussian_win_bfn_reopt,nasa_battery_1_10min,0.92510146,0.89343756
10,CGP_win_bfn_reopt,nasa_battery_1_10min,0.7987663,0.97606987
11,adam_win_bfn_reopt,nasa_battery_1_10min,0.5247741,0.929105
11,gaussian_win_bfn_reopt,nasa_battery_1_10min,0.77896893,0.9479146
11,CGP_win_bfn_reopt,nasa_battery_1_10min,0.9710098,0.98745376
12,adam_win_bfn_reopt,nasa_battery_1_10min,0.16110557,0.92835
12,gaussian_win_bfn_reopt,nasa_battery_1_10min,0.8530788,0.9548749
12,CGP_win_bfn_reopt,nasa_battery_1_10min,0.9763026,0.9909443
13,adam_win_bfn_reopt,nasa_battery_1_10min,0.92823243,0.98870564
13,gaussian_win_bfn_reopt,nasa_battery_1_10min,0.1700216,0.90985805
13,CGP_win_bfn_reopt,nasa_battery_1_10min,0.889329,0.9816026
14,adam_win_bfn_reopt,nasa_battery_1_10min,0.60807705,0.5251113
14,gaussian_win_bfn_reopt,nasa_battery_1_10min,0.88416606,0.82869184
14,CGP_win_bfn_reopt,nasa_battery_1_10min,0.42161584,0.9168388
15,adam_win_bfn_reopt,nasa_battery_1_10min,0.93834543,0.9726182
15,gaussian_win_bfn_reopt,nasa_battery_1_10min,0.84686965,0.9721459
15,CGP_win_bfn_reopt,nasa_battery_1_10min,0.965929,0.9894729
16,adam_win_bfn_reopt,nasa_battery_1_10min,0.9169886,0.9875459
16,gaussian_win_bfn_reopt,nasa_battery_1_10min,0.92087156,0.9616158
16,CGP_win_bfn_reopt,nasa_battery_1_10min,0.671826,0.96858037
17,adam_win_bfn_reopt,nasa_battery_1_10min,0.8170716,0.96245563
17,gaussian_win_bfn_reopt,nasa_battery_1_10min,0.9028287,0.8845604
17,CGP_win_bfn_reopt,nasa_battery_1_10min,0.7661426,0.9601652
18,adam_win_bfn_reopt,nasa_battery_1_10min,0.9018254,0.87521595
18,gaussian_win_bfn_reopt,nasa_battery_1_10min,0.78610027,0.9557134
18,CGP_win_bfn_reopt,nasa_battery_1_10min,0.97677135,0.9880521
19,adam_win_bfn_reopt,nasa_battery_1_10min,0.96924525,0.86148345
19,gaussian_win_bfn_reopt,nasa_battery_1_10min,0.86817145,0.8999248
19,CGP_win_bfn_reopt,nasa_battery_1_10min,0.787388,0.98451567
20,adam_win_bfn_reopt,nasa_battery_1_10min,-1.7105086,0.7948688
20,gaussian_win_bfn_reopt,nasa_battery_1_10min,0.94379777,0.91726625
20,CGP_win_bfn_reopt,nasa_battery_1_10min,0.92808336,0.98620015
21,adam_win_bfn_reopt,nasa_battery_1_10min,0.39001644,0.9074042
21,gaussian_win_bfn_reopt,nasa_battery_1_10min,-0.5078409,0.4997635
21,CGP_win_bfn_reopt,nasa_battery_1_10min,0.7751521,0.90547025
22,adam_win_bfn_reopt,nasa_battery_1_10min,0.9207282,0.9449672
22,gaussian_win_bfn_reopt,nasa_battery_1_10min,0.88435614,0.9660602
22,CGP_win_bfn_reopt,nasa_battery_1_10min,0.657075,0.98210377
23,adam_win_bfn_reopt,nasa_battery_1_10min,0.7076999,0.98346734
23,gaussian_win_bfn_reopt,nasa_battery_1_10min,0.71940345,0.9519742
23,CGP_win_bfn_reopt,nasa_battery_1_10min,0.96093595,0.9847429
24,adam_win_bfn_reopt,nasa_battery_1_10min,0.7697059,0.9144789
24,gaussian_win_bfn_reopt,nasa_battery_1_10min,0.64762247,0.9456099
24,CGP_win_bfn_reopt,nasa_battery_1_10min,0.88270897,0.96357214
25,adam_win_bfn_reopt,nasa_battery_1_10min,0.8836801,0.9882687
25,gaussian_win_bfn_reopt,nasa_battery_1_10min,0.8207735,0.9026609
25,CGP_win_bfn_reopt,nasa_battery_1_10min,0.9639642,0.98190665
26,adam_win_bfn_reopt,nasa_battery_1_10min,0.90721786,0.96401507
26,gaussian_win_bfn_reopt,nasa_battery_1_10min,0.8775563,0.96208584
26,CGP_win_bfn_reopt,nasa_battery_1_10min,0.9077272,0.98709893
27,adam_win_bfn_reopt,nasa_battery_1_10min,0.6961845,0.91181296
27,gaussian_win_bfn_reopt,nasa_battery_1_10min,0.7618971,0.95615816
27,CGP_win_bfn_reopt,nasa_battery_1_10min,0.8984361,0.9794287
28,adam_win_bfn_reopt,nasa_battery_1_10min,0.8708913,0.9678015
28,gaussian_win_bfn_reopt,nasa_battery_1_10min,0.7788141,0.95371354
28,CGP_win_bfn_reopt,nasa_battery_1_10min,0.9332092,0.98491895
29,adam_win_bfn_reopt,nasa_battery_1_10min,0.830571,0.92419267
29,gaussian_win_bfn_reopt,nasa_battery_1_10min,0.7496134,0.96344686
29,CGP_win_bfn_reopt,nasa_battery_1_10min,0.97172993,0.98998976
0,adam_win_bfn_reopt,nasa_battery_2_20min,0.9830066,0.97293925
0,gaussian_win_bfn_reopt,nasa_battery_2_20min,0.87666297,0.81573427
0,CGP_win_bfn_reopt,nasa_battery_2_20min,0.9611896,0.97346765
1,adam_win_bfn_reopt,nasa_battery_2_20min,0.9680018,0.95078856
1,gaussian_win_bfn_reopt,nasa_battery_2_20min,-0.033860803,0.5874343
1,CGP_win_bfn_reopt,nasa_battery_2_20min,0.9864643,0.9691587
2,adam_win_bfn_reopt,nasa_battery_2_20min,0.97880346,0.98795706
2,gaussian_win_bfn_reopt,nasa_battery_2_20min,0.9595907,0.9533957
2,CGP_win_bfn_reopt,nasa_battery_2_20min,0.9569765,0.9631102
3,adam_win_bfn_reopt,nasa_battery_2_20min,0.5425607,0.49322855
3,gaussian_win_bfn_reopt,nasa_battery_2_20min,0.5453811,0.49318206
3,CGP_win_bfn_reopt,nasa_battery_2_20min,0.92911756,0.9625794
4,adam_win_bfn_reopt,nasa_battery_2_20min,0.57617986,0.6687118
4,gaussian_win_bfn_reopt,nasa_battery_2_20min,0.8851134,0.8515668
4,CGP_win_bfn_reopt,nasa_battery_2_20min,0.9201927,0.9165728
5,adam_win_bfn_reopt,nasa_battery_2_20min,0.77058226,0.73747635
5,gaussian_win_bfn_reopt,nasa_battery_2_20min,0.82848763,0.7833597
5,CGP_win_bfn_reopt,nasa_battery_2_20min,0.9794416,0.9786148
6,adam_win_bfn_reopt,nasa_battery_2_20min,0.9672067,0.9630617
6,gaussian_win_bfn_reopt,nasa_battery_2_20min,0.93629825,0.87725097
6,CGP_win_bfn_reopt,nasa_battery_2_20min,0.9711778,0.9752844
7,adam_win_bfn_reopt,nasa_battery_2_20min,0.978651,0.9701537
7,gaussian_win_bfn_reopt,nasa_battery_2_20min,0.8286398,0.77986175
7,CGP_win_bfn_reopt,nasa_battery_2_20min,0.9810435,0.9846197
8,adam_win_bfn_reopt,nasa_battery_2_20min,0.98014015,0.97531897
8,gaussian_win_bfn_reopt,nasa_battery_2_20min,0.9389216,0.9330725
8,CGP_win_bfn_reopt,nasa_battery_2_20min,0.9754194,0.98119295
9,adam_win_bfn_reopt,nasa_battery_2_20min,0.9723669,0.9623185
9,gaussian_win_bfn_reopt,nasa_battery_2_20min,0.86215395,0.807061
9,CGP_win_bfn_reopt,nasa_battery_2_20min,0.97117,0.9662707
10,adam_win_bfn_reopt,nasa_battery_2_20min,0.8029697,0.8150217
10,gaussian_win_bfn_reopt,nasa_battery_2_20min,0.81676555,0.7738495
10,CGP_win_bfn_reopt,nasa_battery_2_20min,0.9731158,0.9594468
11,adam_win_bfn_reopt,nasa_battery_2_20min,0.97186476,0.9802721
11,gaussian_win_bfn_reopt,nasa_battery_2_20min,0.88416505,0.82476836
11,CGP_win_bfn_reopt,nasa_battery_2_20min,0.9264478,0.93085426
12,adam_win_bfn_reopt,nasa_battery_2_20min,0.9360686,0.93949234
12,gaussian_win_bfn_reopt,nasa_battery_2_20min,0.8645141,0.8656961
12,CGP_win_bfn_reopt,nasa_battery_2_20min,0.9080658,0.8613387
13,adam_win_bfn_reopt,nasa_battery_2_20min,0.8293703,0.78286886
13,gaussian_win_bfn_reopt,nasa_battery_2_20min,0.7854617,0.7642067
13,CGP_win_bfn_reopt,nasa_battery_2_20min,0.9632783,0.95219994
14,adam_win_bfn_reopt,nasa_battery_2_20min,0.974114,0.960956
14,gaussian_win_bfn_reopt,nasa_battery_2_20min,0.8748327,0.82793915
14,CGP_win_bfn_reopt,nasa_battery_2_20min,0.9321799,0.90399694
15,adam_win_bfn_reopt,nasa_battery_2_20min,0.95268863,0.9888553
15,gaussian_win_bfn_reopt,nasa_battery_2_20min,0.9607903,0.9263744
15,CGP_win_bfn_reopt,nasa_battery_2_20min,0.97072774,0.9705405
16,adam_win_bfn_reopt,nasa_battery_2_20min,0.88992405,0.87766373
16,gaussian_win_bfn_reopt,nasa_battery_2_20min,0.8888576,0.8570522
16,CGP_win_bfn_reopt,nasa_battery_2_20min,0.9617505,0.944103
17,adam_win_bfn_reopt,nasa_battery_2_20min,0.9647622,0.9864582
17,gaussian_win_bfn_reopt,nasa_battery_2_20min,0.8960163,0.87381315
17,CGP_win_bfn_reopt,nasa_battery_2_20min,0.94086146,0.9072728
18,adam_win_bfn_reopt,nasa_battery_2_20min,0.97714496,0.981765
18,gaussian_win_bfn_reopt,nasa_battery_2_20min,0.94062006,0.924578
18,CGP_win_bfn_reopt,nasa_battery_2_20min,0.97040105,0.9639709
19,adam_win_bfn_reopt,nasa_battery_2_20min,0.839759,0.82136655
19,gaussian_win_bfn_reopt,nasa_battery_2_20min,0.9067719,0.8938828
19,CGP_win_bfn_reopt,nasa_battery_2_20min,0.8638172,0.86940825
20,adam_win_bfn_reopt,nasa_battery_2_20min,0.93188834,0.887363
20,gaussian_win_bfn_reopt,nasa_battery_2_20min,0.75456804,0.7537244
20,CGP_win_bfn_reopt,nasa_battery_2_20min,0.85703266,0.83748394
21,adam_win_bfn_reopt,nasa_battery_2_20min,0.823731,0.7753482
21,gaussian_win_bfn_reopt,nasa_battery_2_20min,0.84952664,0.8622463
21,CGP_win_bfn_reopt,nasa_battery_2_20min,0.8023329,0.7636167
22,adam_win_bfn_reopt,nasa_battery_2_20min,0.7393436,0.72021645
22,gaussian_win_bfn_reopt,nasa_battery_2_20min,0.6483964,0.8156431
22,CGP_win_bfn_reopt,nasa_battery_2_20min,0.96610063,0.96276635
23,adam_win_bfn_reopt,nasa_battery_2_20min,0.9757868,0.97969633
23,gaussian_win_bfn_reopt,nasa_battery_2_20min,0.94945854,0.9504406
23,CGP_win_bfn_reopt,nasa_battery_2_20min,0.94336927,0.9314802
24,adam_win_bfn_reopt,nasa_battery_2_20min,0.9736931,0.94978917
24,gaussian_win_bfn_reopt,nasa_battery_2_20min,0.88852346,0.8264762
24,CGP_win_bfn_reopt,nasa_battery_2_20min,0.97134125,0.94373506
25,adam_win_bfn_reopt,nasa_battery_2_20min,0.9879726,0.9756571
25,gaussian_win_bfn_reopt,nasa_battery_2_20min,0.9751668,0.9617275
25,CGP_win_bfn_reopt,nasa_battery_2_20min,0.94117296,0.9446515
26,adam_win_bfn_reopt,nasa_battery_2_20min,0.81946784,0.8235069
26,gaussian_win_bfn_reopt,nasa_battery_2_20min,0.81681204,0.77410793
26,CGP_win_bfn_reopt,nasa_battery_2_20min,0.9778926,0.95871097
27,adam_win_bfn_reopt,nasa_battery_2_20min,0.97976553,0.98032624
27,gaussian_win_bfn_reopt,nasa_battery_2_20min,0.8757112,0.8751532
27,CGP_win_bfn_reopt,nasa_battery_2_20min,0.9473213,0.9418368
28,adam_win_bfn_reopt,nasa_battery_2_20min,0.9521184,0.9556664
28,gaussian_win_bfn_reopt,nasa_battery_2_20min,0.92899567,0.8854681
28,CGP_win_bfn_reopt,nasa_battery_2_20min,0.9170934,0.8994046
29,adam_win_bfn_reopt,nasa_battery_2_20min,0.96834683,0.971155
29,gaussian_win_bfn_reopt,nasa_battery_2_20min,0.91290927,0.8960321
29,CGP_win_bfn_reopt,nasa_battery_2_20min,0.85478294,0.8212527
0,adam_win_bfn_reopt,nikuradse_1,0.3049633,0.9868985
0,gaussian_win_bfn_reopt,nikuradse_1,0.8515077,0.9642914
0,CGP_win_bfn_reopt,nikuradse_1,0.62623906,0.9674909
1,adam_win_bfn_reopt,nikuradse_1,-0.027651906,0.980169
1,gaussian_win_bfn_reopt,nikuradse_1,0.8411879,0.9646654
1,CGP_win_bfn_reopt,nikuradse_1,0.8556651,0.9645601
2,adam_win_bfn_reopt,nikuradse_1,0.8779781,0.97854877
2,gaussian_win_bfn_reopt,nikuradse_1,0.8510613,0.9648447
2,CGP_win_bfn_reopt,nikuradse_1,0.8492693,0.96419233
3,adam_win_bfn_reopt,nikuradse_1,0.8574409,0.96304923
3,gaussian_win_bfn_reopt,nikuradse_1,0.848915,0.96417016
3,CGP_win_bfn_reopt,nikuradse_1,0.8029712,0.96451366
4,adam_win_bfn_reopt,nikuradse_1,0.8571994,0.96318686
4,gaussian_win_bfn_reopt,nikuradse_1,0.8091073,0.9643524
4,CGP_win_bfn_reopt,nikuradse_1,-2.334897,0.9768535
5,adam_win_bfn_reopt,nikuradse_1,0.7213682,0.9614879
5,gaussian_win_bfn_reopt,nikuradse_1,0.7441007,0.954574
5,CGP_win_bfn_reopt,nikuradse_1,0.85869646,0.9651488
6,adam_win_bfn_reopt,nikuradse_1,0.8523758,0.96430373
6,gaussian_win_bfn_reopt,nikuradse_1,0.51460844,0.95719904
6,CGP_win_bfn_reopt,nikuradse_1,0.77830017,0.9611691
7,adam_win_bfn_reopt,nikuradse_1,0.8493869,0.9650169
7,gaussian_win_bfn_reopt,nikuradse_1,0.7093111,0.9629865
7,CGP_win_bfn_reopt,nikuradse_1,0.87122315,0.9617534
8,adam_win_bfn_reopt,nikuradse_1,0.8328091,0.93702507
8,gaussian_win_bfn_reopt,nikuradse_1,0.79356486,0.9636259
8,CGP_win_bfn_reopt,nikuradse_1,0.8353313,0.96654373
9,adam_win_bfn_reopt,nikuradse_1,0.8508434,0.96411246
9,gaussian_win_bfn_reopt,nikuradse_1,0.85161316,0.9642882
9,CGP_win_bfn_reopt,nikuradse_1,-0.26644623,0.9906355
10,adam_win_bfn_reopt,nikuradse_1,0.84958833,0.96573895
10,gaussian_win_bfn_reopt,nikuradse_1,0.85916984,0.9629541
10,CGP_win_bfn_reopt,nikuradse_1,0.55449754,0.9724166
11,adam_win_bfn_reopt,nikuradse_1,0.88099015,0.98069656
11,gaussian_win_bfn_reopt,nikuradse_1,0.850505,0.9643624
11,CGP_win_bfn_reopt,nikuradse_1,0.87752306,0.97019464
12,adam_win_bfn_reopt,nikuradse_1,-1.0693827,0.957005
12,gaussian_win_bfn_reopt,nikuradse_1,0.85169613,0.9642584
12,CGP_win_bfn_reopt,nikuradse_1,0.78620166,0.9656094
13,adam_win_bfn_reopt,nikuradse_1,0.84935266,0.9641926
13,gaussian_win_bfn_reopt,nikuradse_1,0.8635645,0.9652045
13,CGP_win_bfn_reopt,nikuradse_1,0.84824294,0.9632849
14,adam_win_bfn_reopt,nikuradse_1,0.63224345,0.9640918
14,gaussian_win_bfn_reopt,nikuradse_1,0.85730755,0.9653867
14,CGP_win_bfn_reopt,nikuradse_1,0.82664895,0.96482337
15,adam_win_bfn_reopt,nikuradse_1,0.92828023,0.97959495
15,gaussian_win_bfn_reopt,nikuradse_1,0.85045373,0.9647966
15,CGP_win_bfn_reopt,nikuradse_1,0.7076661,0.9871746
16,adam_win_bfn_reopt,nikuradse_1,0.85865504,0.96079826
16,gaussian_win_bfn_reopt,nikuradse_1,0.8484834,0.9644957
16,CGP_win_bfn_reopt,nikuradse_1,0.8972317,0.9752034
17,adam_win_bfn_reopt,nikuradse_1,0.8460114,0.9638705
17,gaussian_win_bfn_reopt,nikuradse_1,0.86710966,0.969291
17,CGP_win_bfn_reopt,nikuradse_1,0.8412497,0.9645411
18,adam_win_bfn_reopt,nikuradse_1,0.84878975,0.96476424
18,gaussian_win_bfn_reopt,nikuradse_1,0.84996253,0.96422166
18,CGP_win_bfn_reopt,nikuradse_1,0.8461805,0.9677325
19,adam_win_bfn_reopt,nikuradse_1,0.0023775697,0.9807019
19,gaussian_win_bfn_reopt,nikuradse_1,0.77250147,0.9668574
19,CGP_win_bfn_reopt,nikuradse_1,0.5807477,0.9596065
20,adam_win_bfn_reopt,nikuradse_1,0.8476867,0.96552384
20,gaussian_win_bfn_reopt,nikuradse_1,0.84959745,0.96466815
20,CGP_win_bfn_reopt,nikuradse_1,0.7348826,0.96965873
21,adam_win_bfn_reopt,nikuradse_1,-0.9116864,0.9729768
21,gaussian_win_bfn_reopt,nikuradse_1,0.84842175,0.96411675
21,CGP_win_bfn_reopt,nikuradse_1,-76.03698,0.96585786
22,adam_win_bfn_reopt,nikuradse_1,0.8483317,0.9640591
22,gaussian_win_bfn_reopt,nikuradse_1,0.0946784,0.9534656
22,CGP_win_bfn_reopt,nikuradse_1,-45.978,0.98406225
23,adam_win_bfn_reopt,nikuradse_1,0.8541012,0.96409345
23,gaussian_win_bfn_reopt,nikuradse_1,0.85400444,0.9640778
23,CGP_win_bfn_reopt,nikuradse_1,0.78979295,0.96456534
24,adam_win_bfn_reopt,nikuradse_1,-0.307482,0.9678429
24,gaussian_win_bfn_reopt,nikuradse_1,0.8532142,0.96399015
24,CGP_win_bfn_reopt,nikuradse_1,0.80895936,0.9635394
25,adam_win_bfn_reopt,nikuradse_1,0.8974357,0.97924954
25,gaussian_win_bfn_reopt,nikuradse_1,0.85387164,0.9645155
25,CGP_win_bfn_reopt,nikuradse_1,-0.05560994,0.95818824
26,adam_win_bfn_reopt,nikuradse_1,0.89106846,0.97222257
26,gaussian_win_bfn_reopt,nikuradse_1,0.35651922,0.95893705
26,CGP_win_bfn_reopt,nikuradse_1,0.70335096,0.9742356
27,adam_win_bfn_reopt,nikuradse_1,-2.4502473,0.9678482
27,gaussian_win_bfn_reopt,nikuradse_1,0.84953773,0.9555782
27,CGP_win_bfn_reopt,nikuradse_1,0.6312027,0.9670721
28,adam_win_bfn_reopt,nikuradse_1,0.8527082,0.9677189
28,gaussian_win_bfn_reopt,nikuradse_1,0.8679404,0.9653392
28,CGP_win_bfn_reopt,nikuradse_1,0.83655524,0.9710256
29,adam_win_bfn_reopt,nikuradse_1,0.84099543,0.9622242
29,gaussian_win_bfn_reopt,nikuradse_1,0.82559466,0.96476734
29,CGP_win_bfn_reopt,nikuradse_1,0.8640384,0.9665299
0,adam_win_bfn_reopt,nikuradse_2,0.7473346,0.7342284
0,gaussian_win_bfn_reopt,nikuradse_2,0.7969467,0.73859656
0,CGP_win_bfn_reopt,nikuradse_2,0.9401449,0.965369
1,adam_win_bfn_reopt,nikuradse_2,0.27976,0.26576054
1,gaussian_win_bfn_reopt,nikuradse_2,0.6892437,0.7177279
1,CGP_win_bfn_reopt,nikuradse_2,0.962777,0.95677537
2,adam_win_bfn_reopt,nikuradse_2,0.6343372,0.5534474
2,gaussian_win_bfn_reopt,nikuradse_2,0.9165936,0.88436455
2,CGP_win_bfn_reopt,nikuradse_2,0.8767761,0.8613133
3,adam_win_bfn_reopt,nikuradse_2,0.02562356,0.04551053
3,gaussian_win_bfn_reopt,nikuradse_2,0.49739093,0.5272404
3,CGP_win_bfn_reopt,nikuradse_2,0.8364337,0.83286285
4,adam_win_bfn_reopt,nikuradse_2,0.7152955,0.6535957
4,gaussian_win_bfn_reopt,nikuradse_2,0.85469437,0.87382174
4,CGP_win_bfn_reopt,nikuradse_2,0.927025,0.9105555
5,adam_win_bfn_reopt,nikuradse_2,0.88666844,0.89512604
5,gaussian_win_bfn_reopt,nikuradse_2,0.56388223,0.6505088
5,CGP_win_bfn_reopt,nikuradse_2,0.9711077,0.9667682
6,adam_win_bfn_reopt,nikuradse_2,0.6934575,0.61297286
6,gaussian_win_bfn_reopt,nikuradse_2,0.7224702,0.71546394
6,CGP_win_bfn_reopt,nikuradse_2,0.9189821,0.889797
7,adam_win_bfn_reopt,nikuradse_2,0.9392057,0.9216441
7,gaussian_win_bfn_reopt,nikuradse_2,0.94202805,0.91878945
7,CGP_win_bfn_reopt,nikuradse_2,0.9742051,0.9543747
8,adam_win_bfn_reopt,nikuradse_2,0.62972486,0.58228433
8,gaussian_win_bfn_reopt,nikuradse_2,0.40901893,0.3230415
8,CGP_win_bfn_reopt,nikuradse_2,0.9451777,0.9305211
9,adam_win_bfn_reopt,nikuradse_2,0.27709794,0.24339175
9,gaussian_win_bfn_reopt,nikuradse_2,0.5407069,0.6772692
9,CGP_win_bfn_reopt,nikuradse_2,0.9184624,0.8918186
10,adam_win_bfn_reopt,nikuradse_2,0.95208347,0.94846654
10,gaussian_win_bfn_reopt,nikuradse_2,0.8586677,0.8182977
10,CGP_win_bfn_reopt,nikuradse_2,0.979076,0.9700857
11,adam_win_bfn_reopt,nikuradse_2,0.6185379,0.6556858
11,gaussian_win_bfn_reopt,nikuradse_2,0.43512046,0.4437641
11,CGP_win_bfn_reopt,nikuradse_2,0.9815914,0.97319627
12,adam_win_bfn_reopt,nikuradse_2,0.32618284,0.2893352
12,gaussian_win_bfn_reopt,nikuradse_2,0.6973785,0.71604824
12,CGP_win_bfn_reopt,nikuradse_2,0.85920686,0.91873294
13,adam_win_bfn_reopt,nikuradse_2,0.9043893,0.85836035
13,gaussian_win_bfn_reopt,nikuradse_2,0.7214107,0.5806264
13,CGP_win_bfn_reopt,nikuradse_2,0.943662,0.93074507
14,adam_win_bfn_reopt,nikuradse_2,0.86220574,0.821797
14,gaussian_win_bfn_reopt,nikuradse_2,0.9482583,0.9362818
14,CGP_win_bfn_reopt,nikuradse_2,0.8334463,0.924399
15,adam_win_bfn_reopt,nikuradse_2,0.6314645,0.62638116
15,gaussian_win_bfn_reopt,nikuradse_2,0.3800438,0.38449132
15,CGP_win_bfn_reopt,nikuradse_2,0.8372131,0.8459545
16,adam_win_bfn_reopt,nikuradse_2,0.060008943,0.08684546
16,gaussian_win_bfn_reopt,nikuradse_2,0.5115004,0.52429104
16,CGP_win_bfn_reopt,nikuradse_2,0.9396846,0.9332371
17,adam_win_bfn_reopt,nikuradse_2,0.30663353,0.28194273
17,gaussian_win_bfn_reopt,nikuradse_2,0.6866709,0.65472645
17,CGP_win_bfn_reopt,nikuradse_2,0.96863246,0.9517728
18,adam_win_bfn_reopt,nikuradse_2,0.94934005,0.92382413
18,gaussian_win_bfn_reopt,nikuradse_2,0.24502522,0.26764816
18,CGP_win_bfn_reopt,nikuradse_2,0.7636318,0.84287626
19,adam_win_bfn_reopt,nikuradse_2,0.60480857,0.521364
19,gaussian_win_bfn_reopt,nikuradse_2,0.586812,0.7251812
19,CGP_win_bfn_reopt,nikuradse_2,0.9237921,0.90735996
20,adam_win_bfn_reopt,nikuradse_2,0.818227,0.7932712
20,gaussian_win_bfn_reopt,nikuradse_2,0.27003574,0.23866469
20,CGP_win_bfn_reopt,nikuradse_2,0.9800861,0.973771
21,adam_win_bfn_reopt,nikuradse_2,0.70212114,0.6791274
21,gaussian_win_bfn_reopt,nikuradse_2,0.70175725,0.62218857
21,CGP_win_bfn_reopt,nikuradse_2,0.960278,0.9562052
22,adam_win_bfn_reopt,nikuradse_2,0.17190546,0.16399473
22,gaussian_win_bfn_reopt,nikuradse_2,0.8610286,0.81960535
22,CGP_win_bfn_reopt,nikuradse_2,0.9567882,0.9576193
23,adam_win_bfn_reopt,nikuradse_2,0.05672884,0.028918564
23,gaussian_win_bfn_reopt,nikuradse_2,0.83068556,0.80288523
23,CGP_win_bfn_reopt,nikuradse_2,0.9488207,0.9652718
24,adam_win_bfn_reopt,nikuradse_2,0.48630863,0.36370742
24,gaussian_win_bfn_reopt,nikuradse_2,0.7569853,0.67637765
24,CGP_win_bfn_reopt,nikuradse_2,0.92689073,0.9308372
25,adam_win_bfn_reopt,nikuradse_2,0.5968821,0.57164514
25,gaussian_win_bfn_reopt,nikuradse_2,0.91639805,0.92322814
25,CGP_win_bfn_reopt,nikuradse_2,0.8794048,0.97083354
26,adam_win_bfn_reopt,nikuradse_2,0.48618215,0.5290539
26,gaussian_win_bfn_reopt,nikuradse_2,0.628429,0.6495206
26,CGP_win_bfn_reopt,nikuradse_2,0.940287,0.93524325
27,adam_win_bfn_reopt,nikuradse_2,0.31640965,0.31656533
27,gaussian_win_bfn_reopt,nikuradse_2,0.95167345,0.94812113
27,CGP_win_bfn_reopt,nikuradse_2,0.9140247,0.88509107
28,adam_win_bfn_reopt,nikuradse_2,0.5997879,0.6569104
28,gaussian_win_bfn_reopt,nikuradse_2,0.54718536,0.5237037
28,CGP_win_bfn_reopt,nikuradse_2,0.9818336,0.975034
29,adam_win_bfn_reopt,nikuradse_2,0.81643057,0.75939286
29,gaussian_win_bfn_reopt,nikuradse_2,0.8529404,0.8101354
29,CGP_win_bfn_reopt,nikuradse_2,0.95700085,0.9531717
0,adam_win_bfn_reopt,flow_stress_phip0.1,0.98696995,0.9893266
0,gaussian_win_bfn_reopt,flow_stress_phip0.1,0.9793859,0.98133117
0,CGP_win_bfn_reopt,flow_stress_phip0.1,0.6728865,0.6038394
1,adam_win_bfn_reopt,flow_stress_phip0.1,0.97112846,0.9788348
1,gaussian_win_bfn_reopt,flow_stress_phip0.1,0.9330099,0.9415194
1,CGP_win_bfn_reopt,flow_stress_phip0.1,0.98637235,0.98863536
2,adam_win_bfn_reopt,flow_stress_phip0.1,0.023231506,0.024609447
2,gaussian_win_bfn_reopt,flow_stress_phip0.1,0.9433632,0.9505912
2,CGP_win_bfn_reopt,flow_stress_phip0.1,0.9783708,0.9815286
3,adam_win_bfn_reopt,flow_stress_phip0.1,0.87635994,0.88387114
3,gaussian_win_bfn_reopt,flow_stress_phip0.1,0.9004768,0.916566
3,CGP_win_bfn_reopt,flow_stress_phip0.1,0.9924634,0.99444455
4,adam_win_bfn_reopt,flow_stress_phip0.1,0.86772615,0.8807991
4,gaussian_win_bfn_reopt,flow_stress_phip0.1,0.90799826,0.91270864
4,CGP_win_bfn_reopt,flow_stress_phip0.1,0.9805622,0.9855827
5,adam_win_bfn_reopt,flow_stress_phip0.1,0.9898594,0.9933404
5,gaussian_win_bfn_reopt,flow_stress_phip0.1,0.9111112,0.9129572
5,CGP_win_bfn_reopt,flow_stress_phip0.1,0.9573817,0.96044165
6,adam_win_bfn_reopt,flow_stress_phip0.1,0.43096805,0.3353833
6,gaussian_win_bfn_reopt,flow_stress_phip0.1,0.6409799,0.60479045
6,CGP_win_bfn_reopt,flow_stress_phip0.1,0.9954829,0.99653614
7,adam_win_bfn_reopt,flow_stress_phip0.1,0.9532946,0.9597877
7,gaussian_win_bfn_reopt,flow_stress_phip0.1,0.023344815,0.024313629
7,CGP_win_bfn_reopt,flow_stress_phip0.1,0.94798285,0.95515585
8,adam_win_bfn_reopt,flow_stress_phip0.1,-23.806396,0.964258
8,gaussian_win_bfn_reopt,flow_stress_phip0.1,-932064.44,0.5672326
8,CGP_win_bfn_reopt,flow_stress_phip0.1,0.8085702,0.95050085
9,adam_win_bfn_reopt,flow_stress_phip0.1,0.9888845,0.99090755
9,gaussian_win_bfn_reopt,flow_stress_phip0.1,0.6440737,0.7909889
9,CGP_win_bfn_reopt,flow_stress_phip0.1,0.93376076,0.94862515
10,adam_win_bfn_reopt,flow_stress_phip0.1,0.9586978,0.97023726
10,gaussian_win_bfn_reopt,flow_stress_phip0.1,0.9481591,0.9545649
10,CGP_win_bfn_reopt,flow_stress_phip0.1,0.9710261,0.9738524
11,adam_win_bfn_reopt,flow_stress_phip0.1,0.8492098,0.9620509
11,gaussian_win_bfn_reopt,flow_stress_phip0.1,0.90233016,0.91656
11,CGP_win_bfn_reopt,flow_stress_phip0.1,0.9609012,0.95794046
12,adam_win_bfn_reopt,flow_stress_phip0.1,0.9580666,0.9694629
12,gaussian_win_bfn_reopt,flow_stress_phip0.1,0.9436229,0.9505456
12,CGP_win_bfn_reopt,flow_stress_phip0.1,0.9924982,0.9936887
13,adam_win_bfn_reopt,flow_stress_phip0.1,0.99519485,0.9966301
13,gaussian_win_bfn_reopt,flow_stress_phip0.1,0.15076715,0.3064071
13,CGP_win_bfn_reopt,flow_stress_phip0.1,0.98878205,0.987648
14,adam_win_bfn_reopt,flow_stress_phip0.1,0.97338784,0.9792461
14,gaussian_win_bfn_reopt,flow_stress_phip0.1,0.9360604,0.94179434
14,CGP_win_bfn_reopt,flow_stress_phip0.1,0.63518935,0.60538495
15,adam_win_bfn_reopt,flow_stress_phip0.1,0.93248546,0.93822974
15,gaussian_win_bfn_reopt,flow_stress_phip0.1,0.8820369,0.9012517
15,CGP_win_bfn_reopt,flow_stress_phip0.1,0.97741675,0.97975284
16,adam_win_bfn_reopt,flow_stress_phip0.1,0.9885738,0.9920653
16,gaussian_win_bfn_reopt,flow_stress_phip0.1,-20.125643,0.947884
16,CGP_win_bfn_reopt,flow_stress_phip0.1,0.9909083,0.9932865
17,adam_win_bfn_reopt,flow_stress_phip0.1,0.9727822,0.9780572
17,gaussian_win_bfn_reopt,flow_stress_phip0.1,0.9338983,0.937463
17,CGP_win_bfn_reopt,flow_stress_phip0.1,0.98492867,0.9846411
18,adam_win_bfn_reopt,flow_stress_phip0.1,0.9981949,0.9982747
18,gaussian_win_bfn_reopt,flow_stress_phip0.1,-3.4946065,0.8899752
18,CGP_win_bfn_reopt,flow_stress_phip0.1,0.83802193,0.83468366
19,adam_win_bfn_reopt,flow_stress_phip0.1,0.9964054,0.9972009
19,gaussian_win_bfn_reopt,flow_stress_phip0.1,0.9610281,0.96035814
19,CGP_win_bfn_reopt,flow_stress_phip0.1,0.9853775,0.9904066
20,adam_win_bfn_reopt,flow_stress_phip0.1,0.9784392,0.98331887
20,gaussian_win_bfn_reopt,flow_stress_phip0.1,0.9480901,0.9603596
20,CGP_win_bfn_reopt,flow_stress_phip0.1,0.34745598,0.36302352
21,adam_win_bfn_reopt,flow_stress_phip0.1,0.98180944,0.9858166
21,gaussian_win_bfn_reopt,flow_stress_phip0.1,0.63389826,0.6021183
21,CGP_win_bfn_reopt,flow_stress_phip0.1,0.99562633,0.9968813
22,adam_win_bfn_reopt,flow_stress_phip0.1,0.9912958,0.9916408
22,gaussian_win_bfn_reopt,flow_stress_phip0.1,0.94081134,0.95212924
22,CGP_win_bfn_reopt,flow_stress_phip0.1,0.962152,0.975455
23,adam_win_bfn_reopt,flow_stress_phip0.1,0.9772014,0.9755866
23,gaussian_win_bfn_reopt,flow_stress_phip0.1,0.6208577,0.582439
23,CGP_win_bfn_reopt,flow_stress_phip0.1,0.98294574,0.98601574
24,adam_win_bfn_reopt,flow_stress_phip0.1,0.98137456,0.9917947
24,gaussian_win_bfn_reopt,flow_stress_phip0.1,0.9400784,0.9479932
24,CGP_win_bfn_reopt,flow_stress_phip0.1,0.9680635,0.97637755
25,adam_win_bfn_reopt,flow_stress_phip0.1,0.9602887,-38.662243
25,gaussian_win_bfn_reopt,flow_stress_phip0.1,0.66912615,0.629877
25,CGP_win_bfn_reopt,flow_stress_phip0.1,0.9455472,0.9881794
26,adam_win_bfn_reopt,flow_stress_phip0.1,0.99805456,0.99859464
26,gaussian_win_bfn_reopt,flow_stress_phip0.1,0.95836926,0.9666902
26,CGP_win_bfn_reopt,flow_stress_phip0.1,0.99059033,0.9924763
27,adam_win_bfn_reopt,flow_stress_phip0.1,0.943061,-58.819153
27,gaussian_win_bfn_reopt,flow_stress_phip0.1,-179591460.0,0.62744784
27,CGP_win_bfn_reopt,flow_stress_phip0.1,0.9659051,0.9746191
28,adam_win_bfn_reopt,flow_stress_phip0.1,0.9977625,0.99849445
28,gaussian_win_bfn_reopt,flow_stress_phip0.1,0.9332331,0.9342658
28,CGP_win_bfn_reopt,flow_stress_phip0.1,0.9913317,0.9918133
29,adam_win_bfn_reopt,flow_stress_phip0.1,0.997587,0.99763626
29,gaussian_win_bfn_reopt,flow_stress_phip0.1,0.10692322,0.14862287
29,CGP_win_bfn_reopt,flow_stress_phip0.1,0.94694924,0.95491356
0,adam_wfn_bfn_reopt,chemical_1_tower,0.67464256,0.6495069
0,gaussian_wfn_bfn_reopt,chemical_1_tower,0.44224364,0.42614663
0,CGP_wfn_bfn_reopt,chemical_1_tower,0.62121403,0.6072078
1,adam_wfn_bfn_reopt,chemical_1_tower,0.7222566,0.72257435
1,gaussian_wfn_bfn_reopt,chemical_1_tower,0.5324737,0.53167325
1,CGP_wfn_bfn_reopt,chemical_1_tower,0.60761833,0.59832174
2,adam_wfn_bfn_reopt,chemical_1_tower,0.82385266,0.8173521
2,gaussian_wfn_bfn_reopt,chemical_1_tower,0.37096936,0.3519503
2,CGP_wfn_bfn_reopt,chemical_1_tower,0.6292797,0.6275817
3,adam_wfn_bfn_reopt,chemical_1_tower,0.44225794,0.4262179
3,gaussian_wfn_bfn_reopt,chemical_1_tower,0.5080403,0.46326232
3,CGP_wfn_bfn_reopt,chemical_1_tower,0.60242486,0.5781394
4,adam_wfn_bfn_reopt,chemical_1_tower,0.69732594,0.6613831
4,gaussian_wfn_bfn_reopt,chemical_1_tower,0.54624575,0.49851614
4,CGP_wfn_bfn_reopt,chemical_1_tower,0.6483153,0.6174294
5,adam_wfn_bfn_reopt,chemical_1_tower,0.7512348,0.7770162
5,gaussian_wfn_bfn_reopt,chemical_1_tower,0.4576046,0.44311917
5,CGP_wfn_bfn_reopt,chemical_1_tower,0.59982723,0.5781003
6,adam_wfn_bfn_reopt,chemical_1_tower,0.69874465,0.67700934
6,gaussian_wfn_bfn_reopt,chemical_1_tower,0.5876539,0.5481217
6,CGP_wfn_bfn_reopt,chemical_1_tower,0.6058022,0.5629449
7,adam_wfn_bfn_reopt,chemical_1_tower,0.7531533,0.7381364
7,gaussian_wfn_bfn_reopt,chemical_1_tower,0.5266776,0.5137925
7,CGP_wfn_bfn_reopt,chemical_1_tower,0.6704118,0.65243447
8,adam_wfn_bfn_reopt,chemical_1_tower,0.8257203,0.8239588
8,gaussian_wfn_bfn_reopt,chemical_1_tower,0.61895263,0.6261269
8,CGP_wfn_bfn_reopt,chemical_1_tower,0.623675,0.6133433
9,adam_wfn_bfn_reopt,chemical_1_tower,0.8152442,0.78803754
9,gaussian_wfn_bfn_reopt,chemical_1_tower,0.5290477,0.54859924
9,CGP_wfn_bfn_reopt,chemical_1_tower,0.7450327,0.71941024
10,adam_wfn_bfn_reopt,chemical_1_tower,0.7408936,0.73691094
10,gaussian_wfn_bfn_reopt,chemical_1_tower,0.564199,0.5199188
10,CGP_wfn_bfn_reopt,chemical_1_tower,0.6067316,0.5850603
11,adam_wfn_bfn_reopt,chemical_1_tower,0.80443007,0.79215884
11,gaussian_wfn_bfn_reopt,chemical_1_tower,0.45229673,0.41709393
11,CGP_wfn_bfn_reopt,chemical_1_tower,0.6509602,0.6112354
12,adam_wfn_bfn_reopt,chemical_1_tower,0.7840338,0.7641802
12,gaussian_wfn_bfn_reopt,chemical_1_tower,0.5666858,0.54181457
12,CGP_wfn_bfn_reopt,chemical_1_tower,0.5923927,0.5732105
13,adam_wfn_bfn_reopt,chemical_1_tower,0.5429251,0.5169746
13,gaussian_wfn_bfn_reopt,chemical_1_tower,0.53903407,0.51654994
13,CGP_wfn_bfn_reopt,chemical_1_tower,0.60787255,0.5903356
14,adam_wfn_bfn_reopt,chemical_1_tower,0.47324324,0.4857123
14,gaussian_wfn_bfn_reopt,chemical_1_tower,0.66660106,0.6275555
14,CGP_wfn_bfn_reopt,chemical_1_tower,0.60686445,0.59713805
15,adam_wfn_bfn_reopt,chemical_1_tower,0.6455857,0.6352759
15,gaussian_wfn_bfn_reopt,chemical_1_tower,0.36557734,0.38453072
15,CGP_wfn_bfn_reopt,chemical_1_tower,0.57079697,0.54493916
16,adam_wfn_bfn_reopt,chemical_1_tower,0.58302456,0.61818665
16,gaussian_wfn_bfn_reopt,chemical_1_tower,0.3656252,0.38453454
16,CGP_wfn_bfn_reopt,chemical_1_tower,0.6334602,0.6501479
17,adam_wfn_bfn_reopt,chemical_1_tower,0.86801285,0.86654115
17,gaussian_wfn_bfn_reopt,chemical_1_tower,0.44299704,0.42602104
17,CGP_wfn_bfn_reopt,chemical_1_tower,0.5947746,0.58603346
18,adam_wfn_bfn_reopt,chemical_1_tower,0.8298273,0.8231849
18,gaussian_wfn_bfn_reopt,chemical_1_tower,0.6771457,0.6324556
18,CGP_wfn_bfn_reopt,chemical_1_tower,0.63833153,0.6285944
19,adam_wfn_bfn_reopt,chemical_1_tower,0.7893405,0.79207957
19,gaussian_wfn_bfn_reopt,chemical_1_tower,0.59533656,0.5650519
19,CGP_wfn_bfn_reopt,chemical_1_tower,0.57063377,0.53992736
20,adam_wfn_bfn_reopt,chemical_1_tower,0.52109,0.4809125
20,gaussian_wfn_bfn_reopt,chemical_1_tower,0.63596535,0.62178934
20,CGP_wfn_bfn_reopt,chemical_1_tower,0.69995093,0.67233837
21,adam_wfn_bfn_reopt,chemical_1_tower,0.78994846,0.76678824
21,gaussian_wfn_bfn_reopt,chemical_1_tower,0.55355245,0.5278165
21,CGP_wfn_bfn_reopt,chemical_1_tower,0.5961168,0.59434503
22,adam_wfn_bfn_reopt,chemical_1_tower,0.5801364,0.5773407
22,gaussian_wfn_bfn_reopt,chemical_1_tower,0.52788544,0.48286754
22,CGP_wfn_bfn_reopt,chemical_1_tower,0.69602776,0.66861475
23,adam_wfn_bfn_reopt,chemical_1_tower,0.7673071,0.7667928
23,gaussian_wfn_bfn_reopt,chemical_1_tower,0.46299702,0.47108543
23,CGP_wfn_bfn_reopt,chemical_1_tower,0.6244545,0.62874395
24,adam_wfn_bfn_reopt,chemical_1_tower,0.7961739,0.8004748
24,gaussian_wfn_bfn_reopt,chemical_1_tower,0.4871689,0.4510097
24,CGP_wfn_bfn_reopt,chemical_1_tower,0.62135565,0.5745616
25,adam_wfn_bfn_reopt,chemical_1_tower,0.8014986,0.7917169
25,gaussian_wfn_bfn_reopt,chemical_1_tower,0.5226897,0.48191553
25,CGP_wfn_bfn_reopt,chemical_1_tower,0.61532927,0.59854865
26,adam_wfn_bfn_reopt,chemical_1_tower,0.65052146,0.62286633
26,gaussian_wfn_bfn_reopt,chemical_1_tower,0.59350157,0.55144423
26,CGP_wfn_bfn_reopt,chemical_1_tower,0.5985273,0.57048494
27,adam_wfn_bfn_reopt,chemical_1_tower,0.6053208,0.6427891
27,gaussian_wfn_bfn_reopt,chemical_1_tower,0.73443127,0.7095999
27,CGP_wfn_bfn_reopt,chemical_1_tower,0.61067957,0.59259725
28,adam_wfn_bfn_reopt,chemical_1_tower,0.4424169,0.42621893
28,gaussian_wfn_bfn_reopt,chemical_1_tower,0.619024,0.5806338
28,CGP_wfn_bfn_reopt,chemical_1_tower,0.59904885,0.5887176
29,adam_wfn_bfn_reopt,chemical_1_tower,0.5629383,0.54687047
29,gaussian_wfn_bfn_reopt,chemical_1_tower,0.37121826,0.35194278
29,CGP_wfn_bfn_reopt,chemical_1_tower,0.67229825,0.651867
0,adam_wfn_bfn_reopt,chemical_2_competition,-0.002739787,0.10075599
0,gaussian_wfn_bfn_reopt,chemical_2_competition,-0.0040308237,0.0700227
0,CGP_wfn_bfn_reopt,chemical_2_competition,0.004855275,0.052310765
1,adam_wfn_bfn_reopt,chemical_2_competition,0.4735,0.43562734
1,gaussian_wfn_bfn_reopt,chemical_2_competition,0.13496262,0.19612443
1,CGP_wfn_bfn_reopt,chemical_2_competition,0.013632238,0.051819086
2,adam_wfn_bfn_reopt,chemical_2_competition,0.139463,0.3540023
2,gaussian_wfn_bfn_reopt,chemical_2_competition,0.026355028,0.056928635
2,CGP_wfn_bfn_reopt,chemical_2_competition,0.14414096,0.31780952
3,adam_wfn_bfn_reopt,chemical_2_competition,0.07739073,0.30053288
3,gaussian_wfn_bfn_reopt,chemical_2_competition,-0.032845736,0.14087957
3,CGP_wfn_bfn_reopt,chemical_2_competition,0.044079006,0.118869364
4,adam_wfn_bfn_reopt,chemical_2_competition,0.4765681,0.58677536
4,gaussian_wfn_bfn_reopt,chemical_2_competition,-0.012859464,0.13057393
4,CGP_wfn_bfn_reopt,chemical_2_competition,0.040890396,0.34417135
5,adam_wfn_bfn_reopt,chemical_2_competition,0.2629363,0.5757295
5,gaussian_wfn_bfn_reopt,chemical_2_competition,0.009649575,0.4008904
5,CGP_wfn_bfn_reopt,chemical_2_competition,0.0076913238,0.052376628
6,adam_wfn_bfn_reopt,chemical_2_competition,0.04452163,0.35536522
6,gaussian_wfn_bfn_reopt,chemical_2_competition,0.024030983,0.05712861
6,CGP_wfn_bfn_reopt,chemical_2_competition,0.025031269,0.055639684
7,adam_wfn_bfn_reopt,chemical_2_competition,0.07629633,0.30054528
7,gaussian_wfn_bfn_reopt,chemical_2_competition,0.14162242,0.14585227
7,CGP_wfn_bfn_reopt,chemical_2_competition,0.11803812,0.106475174
8,adam_wfn_bfn_reopt,chemical_2_competition,0.053198934,0.44671673
8,gaussian_wfn_bfn_reopt,chemical_2_competition,0.02019924,0.06349176
8,CGP_wfn_bfn_reopt,chemical_2_competition,0.013632238,0.051819086
9,adam_wfn_bfn_reopt,chemical_2_competition,0.2558815,0.501912
9,gaussian_wfn_bfn_reopt,chemical_2_competition,0.17305052,0.2337755
9,CGP_wfn_bfn_reopt,chemical_2_competition,-0.09827316,0.036165535
10,adam_wfn_bfn_reopt,chemical_2_competition,0.09691471,0.48926628
10,gaussian_wfn_bfn_reopt,chemical_2_competition,0.012636185,0.08456892
10,CGP_wfn_bfn_reopt,chemical_2_competition,0.0030374527,0.12122315
11,adam_wfn_bfn_reopt,chemical_2_competition,0.41534257,0.22995669
11,gaussian_wfn_bfn_reopt,chemical_2_competition,0.00211066,0.06848693
11,CGP_wfn_bfn_reopt,chemical_2_competition,0.065487504,0.09392387
12,adam_wfn_bfn_reopt,chemical_2_competition,-0.054477572,0.46483243
12,gaussian_wfn_bfn_reopt,chemical_2_competition,0.03762591,0.07441336
12,CGP_wfn_bfn_reopt,chemical_2_competition,0.1635946,0.1310463
13,adam_wfn_bfn_reopt,chemical_2_competition,-0.03908229,0.573057
13,gaussian_wfn_bfn_reopt,chemical_2_competition,0.017986417,0.24533105
13,CGP_wfn_bfn_reopt,chemical_2_competition,0.00832963,0.052613676
14,adam_wfn_bfn_reopt,chemical_2_competition,0.064142406,0.44881082
14,gaussian_wfn_bfn_reopt,chemical_2_competition,0.05234623,0.102415085
14,CGP_wfn_bfn_reopt,chemical_2_competition,0.08621085,0.10461265
15,adam_wfn_bfn_reopt,chemical_2_competition,0.025179923,0.26368046
15,gaussian_wfn_bfn_reopt,chemical_2_competition,-0.030796528,0.089580774
15,CGP_wfn_bfn_reopt,chemical_2_competition,0.07623738,0.13120675
16,adam_wfn_bfn_reopt,chemical_2_competition,0.14224195,0.27713412
16,gaussian_wfn_bfn_reopt,chemical_2_competition,0.46798462,0.40824288
16,CGP_wfn_bfn_reopt,chemical_2_competition,0.02924645,0.05467999
17,adam_wfn_bfn_reopt,chemical_2_competition,-0.016041994,0.10270226
17,gaussian_wfn_bfn_reopt,chemical_2_competition,0.0005182624,0.10899323
17,CGP_wfn_bfn_reopt,chemical_2_competition,0.049396038,0.097361684
18,adam_wfn_bfn_reopt,chemical_2_competition,0.48620445,0.45350128
18,gaussian_wfn_bfn_reopt,chemical_2_competition,-0.09007871,0.035373807
18,CGP_wfn_bfn_reopt,chemical_2_competition,-0.11479509,0.45166904
19,adam_wfn_bfn_reopt,chemical_2_competition,0.3012265,0.25691247
19,gaussian_wfn_bfn_reopt,chemical_2_competition,-0.014027715,0.3062805
19,CGP_wfn_bfn_reopt,chemical_2_competition,0.0073842406,0.054087162
20,adam_wfn_bfn_reopt,chemical_2_competition,0.27185214,0.56392974
20,gaussian_wfn_bfn_reopt,chemical_2_competition,0.02256459,0.05711347
20,CGP_wfn_bfn_reopt,chemical_2_competition,0.07006568,0.13651556
21,adam_wfn_bfn_reopt,chemical_2_competition,0.07389146,0.5489445
21,gaussian_wfn_bfn_reopt,chemical_2_competition,-0.08956385,0.03536856
21,CGP_wfn_bfn_reopt,chemical_2_competition,-0.09358621,0.036291122
22,adam_wfn_bfn_reopt,chemical_2_competition,0.013495028,0.36979967
22,gaussian_wfn_bfn_reopt,chemical_2_competition,-0.006657243,0.05871564
22,CGP_wfn_bfn_reopt,chemical_2_competition,0.21322525,0.20425975
23,adam_wfn_bfn_reopt,chemical_2_competition,0.07196164,0.35706568
23,gaussian_wfn_bfn_reopt,chemical_2_competition,0.034706354,0.1054402
23,CGP_wfn_bfn_reopt,chemical_2_competition,0.12671775,0.18578446
24,adam_wfn_bfn_reopt,chemical_2_competition,0.19222778,0.5606762
24,gaussian_wfn_bfn_reopt,chemical_2_competition,0.0069603324,0.062306166
24,CGP_wfn_bfn_reopt,chemical_2_competition,0.0013917685,0.20035857
25,adam_wfn_bfn_reopt,chemical_2_competition,-0.011474013,0.60267
25,gaussian_wfn_bfn_reopt,chemical_2_competition,0.02488041,0.057090223
25,CGP_wfn_bfn_reopt,chemical_2_competition,0.14528412,0.16012388
26,adam_wfn_bfn_reopt,chemical_2_competition,0.45465052,0.50122184
26,gaussian_wfn_bfn_reopt,chemical_2_competition,0.13694006,0.16665584
26,CGP_wfn_bfn_reopt,chemical_2_competition,0.04404682,0.18724531
27,adam_wfn_bfn_reopt,chemical_2_competition,0.2959221,0.4682507
27,gaussian_wfn_bfn_reopt,chemical_2_competition,0.01922381,0.05676526
27,CGP_wfn_bfn_reopt,chemical_2_competition,0.019477665,0.07192272
28,adam_wfn_bfn_reopt,chemical_2_competition,0.027739704,0.44148272
28,gaussian_wfn_bfn_reopt,chemical_2_competition,0.14161998,0.14302695
28,CGP_wfn_bfn_reopt,chemical_2_competition,0.012352705,0.09920037
29,adam_wfn_bfn_reopt,chemical_2_competition,0.42544365,0.54298156
29,gaussian_wfn_bfn_reopt,chemical_2_competition,0.043528676,0.10250741
29,CGP_wfn_bfn_reopt,chemical_2_competition,0.1564048,0.12741446
0,adam_wfn_bfn_reopt,friction_dyn_one-hot,0.7552291,0.85593045
0,gaussian_wfn_bfn_reopt,friction_dyn_one-hot,0.3663094,0.5621673
0,CGP_wfn_bfn_reopt,friction_dyn_one-hot,-0.30192113,0.62880415
1,adam_wfn_bfn_reopt,friction_dyn_one-hot,0.3323455,0.5411912
1,gaussian_wfn_bfn_reopt,friction_dyn_one-hot,0.42560136,0.6630415
1,CGP_wfn_bfn_reopt,friction_dyn_one-hot,0.43251544,0.5887038
2,adam_wfn_bfn_reopt,friction_dyn_one-hot,-0.01665771,0.4708634
2,gaussian_wfn_bfn_reopt,friction_dyn_one-hot,-0.005861163,0.4990127
2,CGP_wfn_bfn_reopt,friction_dyn_one-hot,0.08332789,0.5157988
3,adam_wfn_bfn_reopt,friction_dyn_one-hot,-0.008333325,0.49910063
3,gaussian_wfn_bfn_reopt,friction_dyn_one-hot,0.48024058,0.66110754
3,CGP_wfn_bfn_reopt,friction_dyn_one-hot,0.6432326,0.7607183
4,adam_wfn_bfn_reopt,friction_dyn_one-hot,0.025102854,0.517086
4,gaussian_wfn_bfn_reopt,friction_dyn_one-hot,-0.00528121,-2.3841858e-06
4,CGP_wfn_bfn_reopt,friction_dyn_one-hot,-0.030908942,0.38528824
5,adam_wfn_bfn_reopt,friction_dyn_one-hot,0.74289876,0.8468456
5,gaussian_wfn_bfn_reopt,friction_dyn_one-hot,-0.015491605,0.5039179
5,CGP_wfn_bfn_reopt,friction_dyn_one-hot,0.0974229,0.5775281
6,adam_wfn_bfn_reopt,friction_dyn_one-hot,0.62121093,0.7050935
6,gaussian_wfn_bfn_reopt,friction_dyn_one-hot,0.37907964,0.659266
6,CGP_wfn_bfn_reopt,friction_dyn_one-hot,-0.020795107,0.4956125
7,adam_wfn_bfn_reopt,friction_dyn_one-hot,0.611788,0.75834405
7,gaussian_wfn_bfn_reopt,friction_dyn_one-hot,0.18193,0.12160045
7,CGP_wfn_bfn_reopt,friction_dyn_one-hot,0.59548664,0.75097495
8,adam_wfn_bfn_reopt,friction_dyn_one-hot,0.080019414,0.51919425
8,gaussian_wfn_bfn_reopt,friction_dyn_one-hot,0.4375593,0.59763384
8,CGP_wfn_bfn_reopt,friction_dyn_one-hot,0.37702513,0.62727773
9,adam_wfn_bfn_reopt,friction_dyn_one-hot,0.7005838,0.8036258
9,gaussian_wfn_bfn_reopt,friction_dyn_one-hot,0.17714041,0.58387274
9,CGP_wfn_bfn_reopt,friction_dyn_one-hot,0.018538058,0.5170911
10,adam_wfn_bfn_reopt,friction_dyn_one-hot,-0.06824672,0.43368256
10,gaussian_wfn_bfn_reopt,friction_dyn_one-hot,-0.0023264885,0.518902
10,CGP_wfn_bfn_reopt,friction_dyn_one-hot,0.36466646,0.62440556
11,adam_wfn_bfn_reopt,friction_dyn_one-hot,0.7315891,0.81191623
11,gaussian_wfn_bfn_reopt,friction_dyn_one-hot,0.5841327,0.7566413
11,CGP_wfn_bfn_reopt,friction_dyn_one-hot,0.35629946,0.6927248
12,adam_wfn_bfn_reopt,friction_dyn_one-hot,0.7099103,0.8431562
12,gaussian_wfn_bfn_reopt,friction_dyn_one-hot,-0.021437526,0.49886554
12,CGP_wfn_bfn_reopt,friction_dyn_one-hot,0.4057929,0.6266252
13,adam_wfn_bfn_reopt,friction_dyn_one-hot,0.7673004,0.83578074
13,gaussian_wfn_bfn_reopt,friction_dyn_one-hot,0.0152439475,0.3657685
13,CGP_wfn_bfn_reopt,friction_dyn_one-hot,0.65433735,0.7837541
14,adam_wfn_bfn_reopt,friction_dyn_one-hot,0.78041124,0.8345926
14,gaussian_wfn_bfn_reopt,friction_dyn_one-hot,0.040655315,0.50894845
14,CGP_wfn_bfn_reopt,friction_dyn_one-hot,0.06427407,0.528042
15,adam_wfn_bfn_reopt,friction_dyn_one-hot,0.57972467,0.74500024
15,gaussian_wfn_bfn_reopt,friction_dyn_one-hot,0.007746756,0.49251324
15,CGP_wfn_bfn_reopt,friction_dyn_one-hot,-0.05264449,0.43245274
16,adam_wfn_bfn_reopt,friction_dyn_one-hot,0.70534015,0.77866334
16,gaussian_wfn_bfn_reopt,friction_dyn_one-hot,0.43215245,0.5960364
16,CGP_wfn_bfn_reopt,friction_dyn_one-hot,0.21688837,0.4085381
17,adam_wfn_bfn_reopt,friction_dyn_one-hot,-0.05358553,0.39619088
17,gaussian_wfn_bfn_reopt,friction_dyn_one-hot,-0.019286156,0.37805164
17,CGP_wfn_bfn_reopt,friction_dyn_one-hot,0.6840695,0.74805343
18,adam_wfn_bfn_reopt,friction_dyn_one-hot,0.028146267,0.5161356
18,gaussian_wfn_bfn_reopt,friction_dyn_one-hot,0.43111742,0.6454543
18,CGP_wfn_bfn_reopt,friction_dyn_one-hot,0.11091781,0.5884241
19,adam_wfn_bfn_reopt,friction_dyn_one-hot,0.686934,0.82395446
19,gaussian_wfn_bfn_reopt,friction_dyn_one-hot,0.07219076,0.5200213
19,CGP_wfn_bfn_reopt,friction_dyn_one-hot,0.55517423,0.73993754
20,adam_wfn_bfn_reopt,friction_dyn_one-hot,0.699242,0.7828716
20,gaussian_wfn_bfn_reopt,friction_dyn_one-hot,0.047293246,0.5222013
20,CGP_wfn_bfn_reopt,friction_dyn_one-hot,0.47841173,0.7390657
21,adam_wfn_bfn_reopt,friction_dyn_one-hot,0.428905,0.66319233
21,gaussian_wfn_bfn_reopt,friction_dyn_one-hot,-0.065132976,0.49168622
21,CGP_wfn_bfn_reopt,friction_dyn_one-hot,0.04254186,0.5161406
22,adam_wfn_bfn_reopt,friction_dyn_one-hot,0.6330814,0.7934761
22,gaussian_wfn_bfn_reopt,friction_dyn_one-hot,0.044344664,0.4990003
22,CGP_wfn_bfn_reopt,friction_dyn_one-hot,0.7360958,0.7637898
23,adam_wfn_bfn_reopt,friction_dyn_one-hot,0.5675421,0.76468444
23,gaussian_wfn_bfn_reopt,friction_dyn_one-hot,-0.05086577,0.4342295
23,CGP_wfn_bfn_reopt,friction_dyn_one-hot,0.60791886,0.75049317
24,adam_wfn_bfn_reopt,friction_dyn_one-hot,0.5829532,0.78487617
24,gaussian_wfn_bfn_reopt,friction_dyn_one-hot,0.08392429,0.5198826
24,CGP_wfn_bfn_reopt,friction_dyn_one-hot,0.09319264,0.064135015
25,adam_wfn_bfn_reopt,friction_dyn_one-hot,0.73735905,0.8529607
25,gaussian_wfn_bfn_reopt,friction_dyn_one-hot,-0.005494714,0.0
25,CGP_wfn_bfn_reopt,friction_dyn_one-hot,0.5861874,0.8042994
26,adam_wfn_bfn_reopt,friction_dyn_one-hot,-0.047358513,0.47027934
26,gaussian_wfn_bfn_reopt,friction_dyn_one-hot,0.0018402338,0.50616795
26,CGP_wfn_bfn_reopt,friction_dyn_one-hot,0.6586798,0.7697464
27,adam_wfn_bfn_reopt,friction_dyn_one-hot,0.7146125,0.8454618
27,gaussian_wfn_bfn_reopt,friction_dyn_one-hot,-0.06260586,0.4387102
27,CGP_wfn_bfn_reopt,friction_dyn_one-hot,0.71633124,0.78691
28,adam_wfn_bfn_reopt,friction_dyn_one-hot,-0.0061570406,0.5058558
28,gaussian_wfn_bfn_reopt,friction_dyn_one-hot,-0.02655375,0.4946624
28,CGP_wfn_bfn_reopt,friction_dyn_one-hot,0.7757009,0.83897644
29,adam_wfn_bfn_reopt,friction_dyn_one-hot,-0.012944579,0.50540006
29,gaussian_wfn_bfn_reopt,friction_dyn_one-hot,-0.0057058334,-8.34465e-07
29,CGP_wfn_bfn_reopt,friction_dyn_one-hot,0.64682984,0.75756085
0,adam_wfn_bfn_reopt,friction_stat_one-hot,0.60979545,0.7446281
0,gaussian_wfn_bfn_reopt,friction_stat_one-hot,-0.063741565,0.5259974
0,CGP_wfn_bfn_reopt,friction_stat_one-hot,0.049141645,0.5858544
1,adam_wfn_bfn_reopt,friction_stat_one-hot,-0.02117908,0.5344123
1,gaussian_wfn_bfn_reopt,friction_stat_one-hot,-0.014107466,0.52820796
1,CGP_wfn_bfn_reopt,friction_stat_one-hot,0.31503195,0.43300653
2,adam_wfn_bfn_reopt,friction_stat_one-hot,0.6368045,0.7177036
2,gaussian_wfn_bfn_reopt,friction_stat_one-hot,0.326905,0.46916723
2,CGP_wfn_bfn_reopt,friction_stat_one-hot,-0.058484316,0.51053643
3,adam_wfn_bfn_reopt,friction_stat_one-hot,0.53561795,0.71882945
3,gaussian_wfn_bfn_reopt,friction_stat_one-hot,0.33884186,0.47815162
3,CGP_wfn_bfn_reopt,friction_stat_one-hot,0.17090398,0.55570185
4,adam_wfn_bfn_reopt,friction_stat_one-hot,-0.031747222,0.51971024
4,gaussian_wfn_bfn_reopt,friction_stat_one-hot,0.12784022,0.6076037
4,CGP_wfn_bfn_reopt,friction_stat_one-hot,0.14019924,0.08290535
5,adam_wfn_bfn_reopt,friction_stat_one-hot,0.5867275,0.7338536
5,gaussian_wfn_bfn_reopt,friction_stat_one-hot,-0.0029591322,-1.1920929e-07
5,CGP_wfn_bfn_reopt,friction_stat_one-hot,0.01780492,0.5062512
6,adam_wfn_bfn_reopt,friction_stat_one-hot,-0.09093964,0.5030466
6,gaussian_wfn_bfn_reopt,friction_stat_one-hot,0.0070779324,0.5208106
6,CGP_wfn_bfn_reopt,friction_stat_one-hot,-0.042794228,0.4557361
7,adam_wfn_bfn_reopt,friction_stat_one-hot,0.6916123,0.77030826
7,gaussian_wfn_bfn_reopt,friction_stat_one-hot,0.08942342,0.5047865
7,CGP_wfn_bfn_reopt,friction_stat_one-hot,-0.16148603,0.471574
8,adam_wfn_bfn_reopt,friction_stat_one-hot,0.4009509,0.67107403
8,gaussian_wfn_bfn_reopt,friction_stat_one-hot,0.12164265,0.49546045
8,CGP_wfn_bfn_reopt,friction_stat_one-hot,-0.0207901,0.52721953
9,adam_wfn_bfn_reopt,friction_stat_one-hot,0.5708636,0.75335026
9,gaussian_wfn_bfn_reopt,friction_stat_one-hot,0.030878365,0.5206975
9,CGP_wfn_bfn_reopt,friction_stat_one-hot,0.17825109,0.6306783
10,adam_wfn_bfn_reopt,friction_stat_one-hot,0.67749834,0.7827974
10,gaussian_wfn_bfn_reopt,friction_stat_one-hot,-0.02936089,0.5255157
10,CGP_wfn_bfn_reopt,friction_stat_one-hot,-0.08691251,0.5117779
11,adam_wfn_bfn_reopt,friction_stat_one-hot,-0.063862085,0.5262394
11,gaussian_wfn_bfn_reopt,friction_stat_one-hot,0.6199331,0.7473078
11,CGP_wfn_bfn_reopt,friction_stat_one-hot,0.043379366,0.59448403
12,adam_wfn_bfn_reopt,friction_stat_one-hot,0.6891693,0.78427947
12,gaussian_wfn_bfn_reopt,friction_stat_one-hot,0.06772214,0.5930921
12,CGP_wfn_bfn_reopt,friction_stat_one-hot,0.038136184,0.5858158
13,adam_wfn_bfn_reopt,friction_stat_one-hot,0.2637754,0.56426704
13,gaussian_wfn_bfn_reopt,friction_stat_one-hot,-0.08872986,0.5011147
13,CGP_wfn_bfn_reopt,friction_stat_one-hot,0.100809515,0.6337736
14,adam_wfn_bfn_reopt,friction_stat_one-hot,0.7327142,0.772747
14,gaussian_wfn_bfn_reopt,friction_stat_one-hot,0.08667737,0.6061748
14,CGP_wfn_bfn_reopt,friction_stat_one-hot,-0.05481732,0.4287091
15,adam_wfn_bfn_reopt,friction_stat_one-hot,0.1726942,0.6271629
15,gaussian_wfn_bfn_reopt,friction_stat_one-hot,-0.0066109896,0.51477
15,CGP_wfn_bfn_reopt,friction_stat_one-hot,0.107699096,0.5905026
16,adam_wfn_bfn_reopt,friction_stat_one-hot,0.5049083,0.68006504
16,gaussian_wfn_bfn_reopt,friction_stat_one-hot,0.009400666,0.5544952
16,CGP_wfn_bfn_reopt,friction_stat_one-hot,0.0050638914,0.52245116
17,adam_wfn_bfn_reopt,friction_stat_one-hot,0.615576,0.7576189
17,gaussian_wfn_bfn_reopt,friction_stat_one-hot,0.03809756,0.5581548
17,CGP_wfn_bfn_reopt,friction_stat_one-hot,-0.13650322,0.4785363
18,adam_wfn_bfn_reopt,friction_stat_one-hot,0.036135674,0.52028847
18,gaussian_wfn_bfn_reopt,friction_stat_one-hot,-0.031544447,0.5475094
18,CGP_wfn_bfn_reopt,friction_stat_one-hot,0.046165645,0.56402934
19,adam_wfn_bfn_reopt,friction_stat_one-hot,0.5029026,0.6835444
19,gaussian_wfn_bfn_reopt,friction_stat_one-hot,0.0013943911,0.52779293
19,CGP_wfn_bfn_reopt,friction_stat_one-hot,0.010229945,0.5273813
20,adam_wfn_bfn_reopt,friction_stat_one-hot,0.0071929097,0.52396846
20,gaussian_wfn_bfn_reopt,friction_stat_one-hot,0.032419026,0.54304475
20,CGP_wfn_bfn_reopt,friction_stat_one-hot,0.15245354,0.6324084
21,adam_wfn_bfn_reopt,friction_stat_one-hot,0.5906433,0.73069525
21,gaussian_wfn_bfn_reopt,friction_stat_one-hot,-0.08896291,0.52485764
21,CGP_wfn_bfn_reopt,friction_stat_one-hot,0.10764146,0.5697098
22,adam_wfn_bfn_reopt,friction_stat_one-hot,-0.118392706,0.43699902
22,gaussian_wfn_bfn_reopt,friction_stat_one-hot,0.3167646,0.4336517
22,CGP_wfn_bfn_reopt,friction_stat_one-hot,0.16728061,0.6000737
23,adam_wfn_bfn_reopt,friction_stat_one-hot,0.48078036,0.6968739
23,gaussian_wfn_bfn_reopt,friction_stat_one-hot,-0.07231963,0.51062185
23,CGP_wfn_bfn_reopt,friction_stat_one-hot,0.12797618,0.4413005
24,adam_wfn_bfn_reopt,friction_stat_one-hot,0.09892017,0.6170332
24,gaussian_wfn_bfn_reopt,friction_stat_one-hot,-0.01187098,0.53379035
24,CGP_wfn_bfn_reopt,friction_stat_one-hot,0.31789672,0.43865693
25,adam_wfn_bfn_reopt,friction_stat_one-hot,0.6497569,0.7556112
25,gaussian_wfn_bfn_reopt,friction_stat_one-hot,-0.078038454,0.524721
25,CGP_wfn_bfn_reopt,friction_stat_one-hot,0.07886565,0.6094681
26,adam_wfn_bfn_reopt,friction_stat_one-hot,0.6218968,0.7594093
26,gaussian_wfn_bfn_reopt,friction_stat_one-hot,-0.06800866,0.51270556
26,CGP_wfn_bfn_reopt,friction_stat_one-hot,0.14551413,0.65290385
27,adam_wfn_bfn_reopt,friction_stat_one-hot,0.4991101,0.6974306
27,gaussian_wfn_bfn_reopt,friction_stat_one-hot,0.5419804,0.5999294
27,CGP_wfn_bfn_reopt,friction_stat_one-hot,0.035401583,0.5615262
28,adam_wfn_bfn_reopt,friction_stat_one-hot,0.08356714,0.5857068
28,gaussian_wfn_bfn_reopt,friction_stat_one-hot,0.10855913,0.18289971
28,CGP_wfn_bfn_reopt,friction_stat_one-hot,-0.019245148,0.55480987
29,adam_wfn_bfn_reopt,friction_stat_one-hot,0.030727625,0.52020395
29,gaussian_wfn_bfn_reopt,friction_stat_one-hot,-0.04497981,0.44481504
29,CGP_wfn_bfn_reopt,friction_stat_one-hot,0.65234125,0.6690924
0,adam_wfn_bfn_reopt,nasa_battery_1_10min,0.48520076,0.92257535
0,gaussian_wfn_bfn_reopt,nasa_battery_1_10min,0.9389997,0.9876224
0,CGP_wfn_bfn_reopt,nasa_battery_1_10min,0.89874655,0.986002
1,adam_wfn_bfn_reopt,nasa_battery_1_10min,0.8844539,0.928398
1,gaussian_wfn_bfn_reopt,nasa_battery_1_10min,0.83722895,0.8474404
1,CGP_wfn_bfn_reopt,nasa_battery_1_10min,0.97087014,0.987267
2,adam_wfn_bfn_reopt,nasa_battery_1_10min,0.8425286,0.93445575
2,gaussian_wfn_bfn_reopt,nasa_battery_1_10min,0.3510242,0.9268853
2,CGP_wfn_bfn_reopt,nasa_battery_1_10min,0.87467396,0.95595205
3,adam_wfn_bfn_reopt,nasa_battery_1_10min,0.97024167,0.8196818
3,gaussian_wfn_bfn_reopt,nasa_battery_1_10min,0.48170018,0.6051192
3,CGP_wfn_bfn_reopt,nasa_battery_1_10min,0.94249266,0.9796678
4,adam_wfn_bfn_reopt,nasa_battery_1_10min,0.9672747,0.97446007
4,gaussian_wfn_bfn_reopt,nasa_battery_1_10min,0.9652817,0.80667394
4,CGP_wfn_bfn_reopt,nasa_battery_1_10min,0.95783633,0.97970223
5,adam_wfn_bfn_reopt,nasa_battery_1_10min,0.9284959,0.98393154
5,gaussian_wfn_bfn_reopt,nasa_battery_1_10min,0.87082344,0.9747187
5,CGP_wfn_bfn_reopt,nasa_battery_1_10min,0.98080975,0.9844825
6,adam_wfn_bfn_reopt,nasa_battery_1_10min,0.55482674,0.9103634
6,gaussian_wfn_bfn_reopt,nasa_battery_1_10min,0.96321213,0.9799132
6,CGP_wfn_bfn_reopt,nasa_battery_1_10min,0.92466915,0.98780376
7,adam_wfn_bfn_reopt,nasa_battery_1_10min,0.6734978,0.96747184
7,gaussian_wfn_bfn_reopt,nasa_battery_1_10min,0.8259067,0.91897774
7,CGP_wfn_bfn_reopt,nasa_battery_1_10min,0.89110136,0.9814273
8,adam_wfn_bfn_reopt,nasa_battery_1_10min,0.7186969,0.9154502
8,gaussian_wfn_bfn_reopt,nasa_battery_1_10min,0.21861702,0.9084822
8,CGP_wfn_bfn_reopt,nasa_battery_1_10min,0.8952219,0.9806079
9,adam_wfn_bfn_reopt,nasa_battery_1_10min,0.6323673,0.9340197
9,gaussian_wfn_bfn_reopt,nasa_battery_1_10min,0.90612364,0.8653879
9,CGP_wfn_bfn_reopt,nasa_battery_1_10min,0.8718363,0.9850213
10,adam_wfn_bfn_reopt,nasa_battery_1_10min,0.16023868,0.9042605
10,gaussian_wfn_bfn_reopt,nasa_battery_1_10min,-0.76198566,0.34208435
10,CGP_wfn_bfn_reopt,nasa_battery_1_10min,0.8072978,0.9759044
11,adam_wfn_bfn_reopt,nasa_battery_1_10min,0.93378973,0.9501278
11,gaussian_wfn_bfn_reopt,nasa_battery_1_10min,0.9132389,0.8721393
11,CGP_wfn_bfn_reopt,nasa_battery_1_10min,0.9714286,0.9874325
12,adam_wfn_bfn_reopt,nasa_battery_1_10min,0.9068417,0.9868401
12,gaussian_wfn_bfn_reopt,nasa_battery_1_10min,0.9117302,0.9042492
12,CGP_wfn_bfn_reopt,nasa_battery_1_10min,0.9704811,0.98653305
13,adam_wfn_bfn_reopt,nasa_battery_1_10min,-0.59093165,0.90809447
13,gaussian_wfn_bfn_reopt,nasa_battery_1_10min,0.6982703,0.85906327
13,CGP_wfn_bfn_reopt,nasa_battery_1_10min,0.88807577,0.9816318
14,adam_wfn_bfn_reopt,nasa_battery_1_10min,0.8130558,0.9502743
14,gaussian_wfn_bfn_reopt,nasa_battery_1_10min,0.86042565,0.88647276
14,CGP_wfn_bfn_reopt,nasa_battery_1_10min,0.044047236,0.91345745
15,adam_wfn_bfn_reopt,nasa_battery_1_10min,0.70111024,0.9789407
15,gaussian_wfn_bfn_reopt,nasa_battery_1_10min,0.40859497,0.22635299
15,CGP_wfn_bfn_reopt,nasa_battery_1_10min,0.96745336,0.98867804
16,adam_wfn_bfn_reopt,nasa_battery_1_10min,0.74557495,0.9594316
16,gaussian_wfn_bfn_reopt,nasa_battery_1_10min,0.92866236,0.96599627
16,CGP_wfn_bfn_reopt,nasa_battery_1_10min,0.5769124,0.96491647
17,adam_wfn_bfn_reopt,nasa_battery_1_10min,0.8172302,0.96380997
17,gaussian_wfn_bfn_reopt,nasa_battery_1_10min,0.8461164,0.9314474
17,CGP_wfn_bfn_reopt,nasa_battery_1_10min,0.80226505,0.95554185
18,adam_wfn_bfn_reopt,nasa_battery_1_10min,0.8883824,0.9599065
18,gaussian_wfn_bfn_reopt,nasa_battery_1_10min,0.6563518,0.9328432
18,CGP_wfn_bfn_reopt,nasa_battery_1_10min,0.98234236,0.9874046
19,adam_wfn_bfn_reopt,nasa_battery_1_10min,0.23860902,0.9234075
19,gaussian_wfn_bfn_reopt,nasa_battery_1_10min,0.9290037,0.9656298
19,CGP_wfn_bfn_reopt,nasa_battery_1_10min,0.84018767,0.98411435
20,adam_wfn_bfn_reopt,nasa_battery_1_10min,0.71397686,0.7042925
20,gaussian_wfn_bfn_reopt,nasa_battery_1_10min,0.056107998,0.910931
20,CGP_wfn_bfn_reopt,nasa_battery_1_10min,0.8151015,0.9739251
21,adam_wfn_bfn_reopt,nasa_battery_1_10min,0.67883664,0.97145134
21,gaussian_wfn_bfn_reopt,nasa_battery_1_10min,0.9033698,0.87713027
21,CGP_wfn_bfn_reopt,nasa_battery_1_10min,0.78020155,0.9032707
22,adam_wfn_bfn_reopt,nasa_battery_1_10min,0.8731106,0.94979095
22,gaussian_wfn_bfn_reopt,nasa_battery_1_10min,0.9919319,0.9818076
22,CGP_wfn_bfn_reopt,nasa_battery_1_10min,0.59097886,0.97660774
23,adam_wfn_bfn_reopt,nasa_battery_1_10min,0.92487967,0.96437377
23,gaussian_wfn_bfn_reopt,nasa_battery_1_10min,0.8995841,0.95865786
23,CGP_wfn_bfn_reopt,nasa_battery_1_10min,0.9488891,0.9831973
24,adam_wfn_bfn_reopt,nasa_battery_1_10min,0.64479566,0.9351105
24,gaussian_wfn_bfn_reopt,nasa_battery_1_10min,0.97282976,0.9823145
24,CGP_wfn_bfn_reopt,nasa_battery_1_10min,0.88354826,0.9636739
25,adam_wfn_bfn_reopt,nasa_battery_1_10min,-0.21939266,0.29050744
25,gaussian_wfn_bfn_reopt,nasa_battery_1_10min,0.85864925,0.8644693
25,CGP_wfn_bfn_reopt,nasa_battery_1_10min,0.9456811,0.9802187
26,adam_wfn_bfn_reopt,nasa_battery_1_10min,0.9314218,0.954417
26,gaussian_wfn_bfn_reopt,nasa_battery_1_10min,0.88531774,0.89121187
26,CGP_wfn_bfn_reopt,nasa_battery_1_10min,0.85495687,0.9845983
27,adam_wfn_bfn_reopt,nasa_battery_1_10min,0.8894077,0.9580252
27,gaussian_wfn_bfn_reopt,nasa_battery_1_10min,0.925088,0.95401514
27,CGP_wfn_bfn_reopt,nasa_battery_1_10min,0.8945998,0.97946435
28,adam_wfn_bfn_reopt,nasa_battery_1_10min,0.87429327,0.8905306
28,gaussian_wfn_bfn_reopt,nasa_battery_1_10min,0.42922837,0.6875346
28,CGP_wfn_bfn_reopt,nasa_battery_1_10min,0.9302356,0.98451227
29,adam_wfn_bfn_reopt,nasa_battery_1_10min,0.4417907,0.9391359
29,gaussian_wfn_bfn_reopt,nasa_battery_1_10min,0.72588354,0.9615917
29,CGP_wfn_bfn_reopt,nasa_battery_1_10min,0.9688317,0.9891602
0,adam_wfn_bfn_reopt,nasa_battery_2_20min,0.86358845,0.87244296
0,gaussian_wfn_bfn_reopt,nasa_battery_2_20min,0.79710364,0.7975719
0,CGP_wfn_bfn_reopt,nasa_battery_2_20min,0.9624995,0.97320986
1,adam_wfn_bfn_reopt,nasa_battery_2_20min,0.82846093,0.7833731
1,gaussian_wfn_bfn_reopt,nasa_battery_2_20min,0.8971497,0.88137025
1,CGP_wfn_bfn_reopt,nasa_battery_2_20min,0.9844338,0.9629833
2,adam_wfn_bfn_reopt,nasa_battery_2_20min,0.86849785,0.8138442
2,gaussian_wfn_bfn_reopt,nasa_battery_2_20min,0.84814024,0.79642946
2,CGP_wfn_bfn_reopt,nasa_battery_2_20min,0.9568283,0.9630355
3,adam_wfn_bfn_reopt,nasa_battery_2_20min,0.96077746,0.943427
3,gaussian_wfn_bfn_reopt,nasa_battery_2_20min,-0.14955664,-7.331371e-05
3,CGP_wfn_bfn_reopt,nasa_battery_2_20min,0.92997295,0.9630853
4,adam_wfn_bfn_reopt,nasa_battery_2_20min,0.92558104,0.9487798
4,gaussian_wfn_bfn_reopt,nasa_battery_2_20min,0.8306091,0.78438747
4,CGP_wfn_bfn_reopt,nasa_battery_2_20min,0.91254383,0.9126564
5,adam_wfn_bfn_reopt,nasa_battery_2_20min,0.82231957,0.844356
5,gaussian_wfn_bfn_reopt,nasa_battery_2_20min,0.88888174,0.8223058
5,CGP_wfn_bfn_reopt,nasa_battery_2_20min,0.9797301,0.97800314
6,adam_wfn_bfn_reopt,nasa_battery_2_20min,0.8503477,0.8002164
6,gaussian_wfn_bfn_reopt,nasa_battery_2_20min,0.9013536,0.7706089
6,CGP_wfn_bfn_reopt,nasa_battery_2_20min,0.96663463,0.9706731
7,adam_wfn_bfn_reopt,nasa_battery_2_20min,0.516403,0.55174994
7,gaussian_wfn_bfn_reopt,nasa_battery_2_20min,0.87426287,0.881196
7,CGP_wfn_bfn_reopt,nasa_battery_2_20min,0.9808581,0.98450434
8,adam_wfn_bfn_reopt,nasa_battery_2_20min,0.8611354,0.80443656
8,gaussian_wfn_bfn_reopt,nasa_battery_2_20min,0.90224457,0.8926715
8,CGP_wfn_bfn_reopt,nasa_battery_2_20min,0.97608334,0.9806637
9,adam_wfn_bfn_reopt,nasa_battery_2_20min,0.65136874,0.6914072
9,gaussian_wfn_bfn_reopt,nasa_battery_2_20min,-0.14027143,-1.9192696e-05
9,CGP_wfn_bfn_reopt,nasa_battery_2_20min,0.9724878,0.96339935
10,adam_wfn_bfn_reopt,nasa_battery_2_20min,0.92878604,0.8914126
10,gaussian_wfn_bfn_reopt,nasa_battery_2_20min,0.86291504,0.853012
10,CGP_wfn_bfn_reopt,nasa_battery_2_20min,0.96905345,0.9546393
11,adam_wfn_bfn_reopt,nasa_battery_2_20min,0.8644121,0.81010157
11,gaussian_wfn_bfn_reopt,nasa_battery_2_20min,0.78994614,0.8269762
11,CGP_wfn_bfn_reopt,nasa_battery_2_20min,0.9520206,0.93312156
12,adam_wfn_bfn_reopt,nasa_battery_2_20min,0.26399755,0.35342175
12,gaussian_wfn_bfn_reopt,nasa_battery_2_20min,-0.1288563,-0.00043570995
12,CGP_wfn_bfn_reopt,nasa_battery_2_20min,0.9098327,0.86203134
13,adam_wfn_bfn_reopt,nasa_battery_2_20min,0.9782579,0.95883876
13,gaussian_wfn_bfn_reopt,nasa_battery_2_20min,0.9236348,0.9175075
13,CGP_wfn_bfn_reopt,nasa_battery_2_20min,0.96645486,0.9522941
14,adam_wfn_bfn_reopt,nasa_battery_2_20min,0.98236096,0.9568317
14,gaussian_wfn_bfn_reopt,nasa_battery_2_20min,0.814995,0.7730919
14,CGP_wfn_bfn_reopt,nasa_battery_2_20min,0.9324101,0.9036566
15,adam_wfn_bfn_reopt,nasa_battery_2_20min,0.9762057,0.97669715
15,gaussian_wfn_bfn_reopt,nasa_battery_2_20min,0.7146728,0.67255324
15,CGP_wfn_bfn_reopt,nasa_battery_2_20min,0.9648939,0.958195
16,adam_wfn_bfn_reopt,nasa_battery_2_20min,0.9677643,0.9526426
16,gaussian_wfn_bfn_reopt,nasa_battery_2_20min,0.791967,0.75414586
16,CGP_wfn_bfn_reopt,nasa_battery_2_20min,0.959915,0.93848336
17,adam_wfn_bfn_reopt,nasa_battery_2_20min,0.95080906,0.9373708
17,gaussian_wfn_bfn_reopt,nasa_battery_2_20min,0.9159799,0.9017403
17,CGP_wfn_bfn_reopt,nasa_battery_2_20min,0.9427671,0.9070655
18,adam_wfn_bfn_reopt,nasa_battery_2_20min,-0.029407263,0.21859181
18,gaussian_wfn_bfn_reopt,nasa_battery_2_20min,0.81638795,0.77364266
18,CGP_wfn_bfn_reopt,nasa_battery_2_20min,0.9676163,0.9593118
19,adam_wfn_bfn_reopt,nasa_battery_2_20min,0.96073455,0.9333124
19,gaussian_wfn_bfn_reopt,nasa_battery_2_20min,0.9289232,0.9222428
19,CGP_wfn_bfn_reopt,nasa_battery_2_20min,0.8623252,0.8608677
20,adam_wfn_bfn_reopt,nasa_battery_2_20min,0.9669809,0.9910299
20,gaussian_wfn_bfn_reopt,nasa_battery_2_20min,0.77258635,0.74436975
20,CGP_wfn_bfn_reopt,nasa_battery_2_20min,0.8643431,0.8336247
21,adam_wfn_bfn_reopt,nasa_battery_2_20min,0.7620552,0.7386658
21,gaussian_wfn_bfn_reopt,nasa_battery_2_20min,0.73589826,0.716999
21,CGP_wfn_bfn_reopt,nasa_battery_2_20min,0.79817307,0.7580909
22,adam_wfn_bfn_reopt,nasa_battery_2_20min,0.81676054,0.774125
22,gaussian_wfn_bfn_reopt,nasa_battery_2_20min,0.8791731,0.8649503
22,CGP_wfn_bfn_reopt,nasa_battery_2_20min,0.9583556,0.9486573
23,adam_wfn_bfn_reopt,nasa_battery_2_20min,0.7070074,0.68638074
23,gaussian_wfn_bfn_reopt,nasa_battery_2_20min,0.78676003,0.7515123
23,CGP_wfn_bfn_reopt,nasa_battery_2_20min,0.9315422,0.9264834
24,adam_wfn_bfn_reopt,nasa_battery_2_20min,0.9735934,0.98297495
24,gaussian_wfn_bfn_reopt,nasa_battery_2_20min,0.9736662,0.9828605
24,CGP_wfn_bfn_reopt,nasa_battery_2_20min,0.97190547,0.9403329
25,adam_wfn_bfn_reopt,nasa_battery_2_20min,0.93487823,0.9092773
25,gaussian_wfn_bfn_reopt,nasa_battery_2_20min,0.94020057,0.932457
25,CGP_wfn_bfn_reopt,nasa_battery_2_20min,0.9431014,0.94289714
26,adam_wfn_bfn_reopt,nasa_battery_2_20min,0.91461027,0.9484615
26,gaussian_wfn_bfn_reopt,nasa_battery_2_20min,0.79737467,0.7584244
26,CGP_wfn_bfn_reopt,nasa_battery_2_20min,0.97832125,0.9584304
27,adam_wfn_bfn_reopt,nasa_battery_2_20min,0.7378514,0.66728544
27,gaussian_wfn_bfn_reopt,nasa_battery_2_20min,0.9282749,0.9025394
27,CGP_wfn_bfn_reopt,nasa_battery_2_20min,0.9519791,0.9409892
28,adam_wfn_bfn_reopt,nasa_battery_2_20min,0.91539794,0.89241964
28,gaussian_wfn_bfn_reopt,nasa_battery_2_20min,0.816105,0.7735935
28,CGP_wfn_bfn_reopt,nasa_battery_2_20min,0.9144464,0.89902323
29,adam_wfn_bfn_reopt,nasa_battery_2_20min,-0.042298555,0.072867274
29,gaussian_wfn_bfn_reopt,nasa_battery_2_20min,0.8164049,0.77393866
29,CGP_wfn_bfn_reopt,nasa_battery_2_20min,0.86410236,0.8013141
0,adam_wfn_bfn_reopt,nikuradse_1,0.8521142,0.9643006
0,gaussian_wfn_bfn_reopt,nikuradse_1,0.85180676,0.9643003
0,CGP_wfn_bfn_reopt,nikuradse_1,0.6369526,0.96749705
1,adam_wfn_bfn_reopt,nikuradse_1,0.87527364,0.9685208
1,gaussian_wfn_bfn_reopt,nikuradse_1,0.84990805,0.96409804
1,CGP_wfn_bfn_reopt,nikuradse_1,0.85503834,0.9644581
2,adam_wfn_bfn_reopt,nikuradse_1,0.82292074,0.96480453
2,gaussian_wfn_bfn_reopt,nikuradse_1,0.85416096,0.96424145
2,CGP_wfn_bfn_reopt,nikuradse_1,0.8523922,0.96435004
3,adam_wfn_bfn_reopt,nikuradse_1,0.83825517,0.96468824
3,gaussian_wfn_bfn_reopt,nikuradse_1,-0.80433774,0.9532415
3,CGP_wfn_bfn_reopt,nikuradse_1,0.8068,0.9645011
4,adam_wfn_bfn_reopt,nikuradse_1,-0.07414746,0.9643312
4,gaussian_wfn_bfn_reopt,nikuradse_1,0.85272485,0.96437377
4,CGP_wfn_bfn_reopt,nikuradse_1,-3.354075,0.9695878
5,adam_wfn_bfn_reopt,nikuradse_1,0.04391104,0.4982561
5,gaussian_wfn_bfn_reopt,nikuradse_1,0.86538386,0.9656728
5,CGP_wfn_bfn_reopt,nikuradse_1,0.8584131,0.96494734
6,adam_wfn_bfn_reopt,nikuradse_1,-0.32665038,0.9589895
6,gaussian_wfn_bfn_reopt,nikuradse_1,0.86053085,0.9655629
6,CGP_wfn_bfn_reopt,nikuradse_1,0.7796572,0.96134037
7,adam_wfn_bfn_reopt,nikuradse_1,0.8531488,0.96288854
7,gaussian_wfn_bfn_reopt,nikuradse_1,0.8565466,0.9641493
7,CGP_wfn_bfn_reopt,nikuradse_1,0.8720354,0.96286213
8,adam_wfn_bfn_reopt,nikuradse_1,0.85757405,0.96402407
8,gaussian_wfn_bfn_reopt,nikuradse_1,0.74041927,0.93000895
8,CGP_wfn_bfn_reopt,nikuradse_1,0.8327135,0.9662968
9,adam_wfn_bfn_reopt,nikuradse_1,0.82356936,0.96457547
9,gaussian_wfn_bfn_reopt,nikuradse_1,0.73346263,0.96430486
9,CGP_wfn_bfn_reopt,nikuradse_1,-0.21703756,0.99088115
10,adam_wfn_bfn_reopt,nikuradse_1,0.8517399,0.9636414
10,gaussian_wfn_bfn_reopt,nikuradse_1,0.8565228,0.9662278
10,CGP_wfn_bfn_reopt,nikuradse_1,0.5455687,0.97248834
11,adam_wfn_bfn_reopt,nikuradse_1,0.7604207,0.92326736
11,gaussian_wfn_bfn_reopt,nikuradse_1,0.816595,0.9643698
11,CGP_wfn_bfn_reopt,nikuradse_1,0.8733618,0.9715401
12,adam_wfn_bfn_reopt,nikuradse_1,0.82436585,0.93192166
12,gaussian_wfn_bfn_reopt,nikuradse_1,0.83428955,0.96471345
12,CGP_wfn_bfn_reopt,nikuradse_1,0.7659353,0.9645248
13,adam_wfn_bfn_reopt,nikuradse_1,0.80115485,0.96505356
13,gaussian_wfn_bfn_reopt,nikuradse_1,0.86320424,0.968472
13,CGP_wfn_bfn_reopt,nikuradse_1,0.83477205,0.9624008
14,adam_wfn_bfn_reopt,nikuradse_1,0.85844696,0.9644955
14,gaussian_wfn_bfn_reopt,nikuradse_1,0.8626996,0.9662852
14,CGP_wfn_bfn_reopt,nikuradse_1,0.8254074,0.96481824
15,adam_wfn_bfn_reopt,nikuradse_1,0.85656977,0.9640787
15,gaussian_wfn_bfn_reopt,nikuradse_1,0.8384568,0.9574208
15,CGP_wfn_bfn_reopt,nikuradse_1,0.7416347,0.9865407
16,adam_wfn_bfn_reopt,nikuradse_1,0.827392,0.9648773
16,gaussian_wfn_bfn_reopt,nikuradse_1,0.85764575,0.9657857
16,CGP_wfn_bfn_reopt,nikuradse_1,0.89594555,0.9751805
17,adam_wfn_bfn_reopt,nikuradse_1,0.79629964,0.96477985
17,gaussian_wfn_bfn_reopt,nikuradse_1,0.85567665,0.9641241
17,CGP_wfn_bfn_reopt,nikuradse_1,0.8421264,0.96457165
18,adam_wfn_bfn_reopt,nikuradse_1,0.5550865,0.96256846
18,gaussian_wfn_bfn_reopt,nikuradse_1,0.84825516,0.9630108
18,CGP_wfn_bfn_reopt,nikuradse_1,0.8395389,0.96721566
19,adam_wfn_bfn_reopt,nikuradse_1,0.73074687,0.9631781
19,gaussian_wfn_bfn_reopt,nikuradse_1,0.3089201,0.9646342
19,CGP_wfn_bfn_reopt,nikuradse_1,0.4529596,0.9607403
20,adam_wfn_bfn_reopt,nikuradse_1,0.86252683,0.9801829
20,gaussian_wfn_bfn_reopt,nikuradse_1,0.85171366,0.9643238
20,CGP_wfn_bfn_reopt,nikuradse_1,0.73547804,0.9696565
21,adam_wfn_bfn_reopt,nikuradse_1,0.88422346,0.964358
21,gaussian_wfn_bfn_reopt,nikuradse_1,0.81384754,0.9654257
21,CGP_wfn_bfn_reopt,nikuradse_1,-55.797306,0.9663343
22,adam_wfn_bfn_reopt,nikuradse_1,0.8591271,0.9682088
22,gaussian_wfn_bfn_reopt,nikuradse_1,0.84543854,0.9552466
22,CGP_wfn_bfn_reopt,nikuradse_1,-49.967667,0.98052126
23,adam_wfn_bfn_reopt,nikuradse_1,0.8444524,0.9659553
23,gaussian_wfn_bfn_reopt,nikuradse_1,0.7157325,0.9684972
23,CGP_wfn_bfn_reopt,nikuradse_1,0.7604406,0.9611783
24,adam_wfn_bfn_reopt,nikuradse_1,-0.03974378,0.9780399
24,gaussian_wfn_bfn_reopt,nikuradse_1,0.8518205,0.96429956
24,CGP_wfn_bfn_reopt,nikuradse_1,0.8300241,0.96453214
25,adam_wfn_bfn_reopt,nikuradse_1,0.83389837,0.9648942
25,gaussian_wfn_bfn_reopt,nikuradse_1,0.87061125,0.96457195
25,CGP_wfn_bfn_reopt,nikuradse_1,-0.06548166,0.9578862
26,adam_wfn_bfn_reopt,nikuradse_1,0.5862893,0.7846273
26,gaussian_wfn_bfn_reopt,nikuradse_1,-1.6462772,0.9671039
26,CGP_wfn_bfn_reopt,nikuradse_1,0.6906591,0.9739743
27,adam_wfn_bfn_reopt,nikuradse_1,0.8307016,0.9503618
27,gaussian_wfn_bfn_reopt,nikuradse_1,0.8554886,0.9650568
27,CGP_wfn_bfn_reopt,nikuradse_1,0.63989204,0.96703386
28,adam_wfn_bfn_reopt,nikuradse_1,0.8317349,0.963707
28,gaussian_wfn_bfn_reopt,nikuradse_1,0.85908335,0.9626489
28,CGP_wfn_bfn_reopt,nikuradse_1,0.8306993,0.9704467
29,adam_wfn_bfn_reopt,nikuradse_1,0.8038232,0.94832444
29,gaussian_wfn_bfn_reopt,nikuradse_1,-4.830207,0.95740396
29,CGP_wfn_bfn_reopt,nikuradse_1,0.86191314,0.9663797
0,adam_wfn_bfn_reopt,nikuradse_2,0.26995534,0.16618931
0,gaussian_wfn_bfn_reopt,nikuradse_2,0.09583074,0.108214915
0,CGP_wfn_bfn_reopt,nikuradse_2,0.9425832,0.96439457
1,adam_wfn_bfn_reopt,nikuradse_2,0.52950656,0.5005888
1,gaussian_wfn_bfn_reopt,nikuradse_2,0.9675696,0.9509053
1,CGP_wfn_bfn_reopt,nikuradse_2,0.9540027,0.9425657
2,adam_wfn_bfn_reopt,nikuradse_2,0.9452245,0.92703265
2,gaussian_wfn_bfn_reopt,nikuradse_2,0.9167599,0.8871948
2,CGP_wfn_bfn_reopt,nikuradse_2,0.8773557,0.86108255
3,adam_wfn_bfn_reopt,nikuradse_2,0.47947365,0.5142252
3,gaussian_wfn_bfn_reopt,nikuradse_2,0.60993254,0.6328951
3,CGP_wfn_bfn_reopt,nikuradse_2,0.83607316,0.83311355
4,adam_wfn_bfn_reopt,nikuradse_2,0.94381547,0.9295221
4,gaussian_wfn_bfn_reopt,nikuradse_2,0.71584344,0.67516863
4,CGP_wfn_bfn_reopt,nikuradse_2,0.91287994,0.89367825
5,adam_wfn_bfn_reopt,nikuradse_2,0.67910576,0.5725416
5,gaussian_wfn_bfn_reopt,nikuradse_2,0.3602569,0.35685825
5,CGP_wfn_bfn_reopt,nikuradse_2,0.92399335,0.9151272
6,adam_wfn_bfn_reopt,nikuradse_2,0.73833704,0.75539523
6,gaussian_wfn_bfn_reopt,nikuradse_2,0.7877952,0.7804672
6,CGP_wfn_bfn_reopt,nikuradse_2,0.83461374,0.85967475
7,adam_wfn_bfn_reopt,nikuradse_2,0.25246507,0.25440872
7,gaussian_wfn_bfn_reopt,nikuradse_2,0.395768,0.42996264
7,CGP_wfn_bfn_reopt,nikuradse_2,0.9718697,0.94982135
8,adam_wfn_bfn_reopt,nikuradse_2,0.69871926,0.7272093
8,gaussian_wfn_bfn_reopt,nikuradse_2,0.68660176,0.65106
8,CGP_wfn_bfn_reopt,nikuradse_2,0.93366015,0.9117757
9,adam_wfn_bfn_reopt,nikuradse_2,0.54200256,0.6040053
9,gaussian_wfn_bfn_reopt,nikuradse_2,0.61481583,0.6420375
9,CGP_wfn_bfn_reopt,nikuradse_2,0.9070919,0.88035274
10,adam_wfn_bfn_reopt,nikuradse_2,0.60981786,0.6266353
10,gaussian_wfn_bfn_reopt,nikuradse_2,0.9021715,0.8675237
10,CGP_wfn_bfn_reopt,nikuradse_2,0.97247666,0.96510446
11,adam_wfn_bfn_reopt,nikuradse_2,0.59245956,0.63003254
11,gaussian_wfn_bfn_reopt,nikuradse_2,-2.6164696,0.8196978
11,CGP_wfn_bfn_reopt,nikuradse_2,0.95854217,0.9361477
12,adam_wfn_bfn_reopt,nikuradse_2,0.221394,0.17849922
12,gaussian_wfn_bfn_reopt,nikuradse_2,0.64207494,0.5528263
12,CGP_wfn_bfn_reopt,nikuradse_2,0.91771924,0.8680926
13,adam_wfn_bfn_reopt,nikuradse_2,0.98199123,0.9677366
13,gaussian_wfn_bfn_reopt,nikuradse_2,0.78453577,0.7694355
13,CGP_wfn_bfn_reopt,nikuradse_2,0.93355685,0.91537476
14,adam_wfn_bfn_reopt,nikuradse_2,0.544697,0.5808977
14,gaussian_wfn_bfn_reopt,nikuradse_2,-0.0042785406,-3.5762787e-07
14,CGP_wfn_bfn_reopt,nikuradse_2,0.861198,0.9205147
15,adam_wfn_bfn_reopt,nikuradse_2,0.30512756,0.29074734
15,gaussian_wfn_bfn_reopt,nikuradse_2,0.96690935,0.95839816
15,CGP_wfn_bfn_reopt,nikuradse_2,0.84240836,0.8496533
16,adam_wfn_bfn_reopt,nikuradse_2,0.72042245,0.6345085
16,gaussian_wfn_bfn_reopt,nikuradse_2,0.7329999,0.7338805
16,CGP_wfn_bfn_reopt,nikuradse_2,0.90597236,0.90387344
17,adam_wfn_bfn_reopt,nikuradse_2,0.44902778,0.54322124
17,gaussian_wfn_bfn_reopt,nikuradse_2,0.85610497,0.8468783
17,CGP_wfn_bfn_reopt,nikuradse_2,0.96853614,0.95213336
18,adam_wfn_bfn_reopt,nikuradse_2,0.5757892,0.61780775
18,gaussian_wfn_bfn_reopt,nikuradse_2,0.849548,0.8067459
18,CGP_wfn_bfn_reopt,nikuradse_2,0.7645659,0.8424276
19,adam_wfn_bfn_reopt,nikuradse_2,0.6984978,0.7112268
19,gaussian_wfn_bfn_reopt,nikuradse_2,0.91930187,0.9074693
19,CGP_wfn_bfn_reopt,nikuradse_2,0.90657246,0.89600134
20,adam_wfn_bfn_reopt,nikuradse_2,0.65324044,0.66483265
20,gaussian_wfn_bfn_reopt,nikuradse_2,0.50045335,0.5925466
20,CGP_wfn_bfn_reopt,nikuradse_2,0.97949344,0.97117895
21,adam_wfn_bfn_reopt,nikuradse_2,0.68523955,0.7075877
21,gaussian_wfn_bfn_reopt,nikuradse_2,0.5388745,0.5608748
21,CGP_wfn_bfn_reopt,nikuradse_2,0.95518076,0.9530387
22,adam_wfn_bfn_reopt,nikuradse_2,0.20246989,0.099653006
22,gaussian_wfn_bfn_reopt,nikuradse_2,0.2652874,0.2100817
22,CGP_wfn_bfn_reopt,nikuradse_2,0.9446218,0.93593425
23,adam_wfn_bfn_reopt,nikuradse_2,0.38436985,0.3343045
23,gaussian_wfn_bfn_reopt,nikuradse_2,0.6280178,0.67459506
23,CGP_wfn_bfn_reopt,nikuradse_2,0.97274286,0.96365684
24,adam_wfn_bfn_reopt,nikuradse_2,0.6885587,0.71894306
24,gaussian_wfn_bfn_reopt,nikuradse_2,0.67312706,0.6919415
24,CGP_wfn_bfn_reopt,nikuradse_2,0.8296375,0.9135399
25,adam_wfn_bfn_reopt,nikuradse_2,0.7560541,0.7645095
25,gaussian_wfn_bfn_reopt,nikuradse_2,0.15792185,0.1876235
25,CGP_wfn_bfn_reopt,nikuradse_2,0.9249775,0.9655112
26,adam_wfn_bfn_reopt,nikuradse_2,0.056455076,0.029099405
26,gaussian_wfn_bfn_reopt,nikuradse_2,0.34407437,0.29563564
26,CGP_wfn_bfn_reopt,nikuradse_2,0.9309497,0.91237193
27,adam_wfn_bfn_reopt,nikuradse_2,0.3270653,0.29846478
27,gaussian_wfn_bfn_reopt,nikuradse_2,0.3517365,0.27896142
27,CGP_wfn_bfn_reopt,nikuradse_2,0.7396847,0.7073635
28,adam_wfn_bfn_reopt,nikuradse_2,0.25961214,0.3242138
28,gaussian_wfn_bfn_reopt,nikuradse_2,0.8789026,0.86523175
28,CGP_wfn_bfn_reopt,nikuradse_2,0.975195,0.9697886
29,adam_wfn_bfn_reopt,nikuradse_2,0.2072432,0.17118686
29,gaussian_wfn_bfn_reopt,nikuradse_2,0.7436749,0.6925645
29,CGP_wfn_bfn_reopt,nikuradse_2,0.93804634,0.94213295
0,adam_wfn_bfn_reopt,flow_stress_phip0.1,0.93456465,0.9323853
0,gaussian_wfn_bfn_reopt,flow_stress_phip0.1,0.9423392,0.9486314
0,CGP_wfn_bfn_reopt,flow_stress_phip0.1,0.7886385,0.76339763
1,adam_wfn_bfn_reopt,flow_stress_phip0.1,0.9620282,0.96658635
1,gaussian_wfn_bfn_reopt,flow_stress_phip0.1,0.9750666,0.98220885
1,CGP_wfn_bfn_reopt,flow_stress_phip0.1,0.9866014,0.9881858
2,adam_wfn_bfn_reopt,flow_stress_phip0.1,0.98970157,0.99310243
2,gaussian_wfn_bfn_reopt,flow_stress_phip0.1,-0.0064326525,-1.1920929e-07
2,CGP_wfn_bfn_reopt,flow_stress_phip0.1,0.9759469,0.9761594
3,adam_wfn_bfn_reopt,flow_stress_phip0.1,0.9846404,0.98440075
3,gaussian_wfn_bfn_reopt,flow_stress_phip0.1,0.9075433,0.91264606
3,CGP_wfn_bfn_reopt,flow_stress_phip0.1,0.9918377,0.9933019
4,adam_wfn_bfn_reopt,flow_stress_phip0.1,0.9523944,0.9597389
4,gaussian_wfn_bfn_reopt,flow_stress_phip0.1,0.96365744,0.96621734
4,CGP_wfn_bfn_reopt,flow_stress_phip0.1,0.980613,0.98570156
5,adam_wfn_bfn_reopt,flow_stress_phip0.1,0.978833,0.9804633
5,gaussian_wfn_bfn_reopt,flow_stress_phip0.1,0.7189928,0.71761894
5,CGP_wfn_bfn_reopt,flow_stress_phip0.1,0.94989663,0.95593524
6,adam_wfn_bfn_reopt,flow_stress_phip0.1,0.9633913,0.96547806
6,gaussian_wfn_bfn_reopt,flow_stress_phip0.1,0.4168169,0.3548668
6,CGP_wfn_bfn_reopt,flow_stress_phip0.1,0.9954637,0.9961455
7,adam_wfn_bfn_reopt,flow_stress_phip0.1,0.99524933,0.99644697
7,gaussian_wfn_bfn_reopt,flow_stress_phip0.1,0.80183715,0.8870009
7,CGP_wfn_bfn_reopt,flow_stress_phip0.1,0.9479195,0.9551794
8,adam_wfn_bfn_reopt,flow_stress_phip0.1,0.9879515,0.9885066
8,gaussian_wfn_bfn_reopt,flow_stress_phip0.1,0.92814994,0.9343423
8,CGP_wfn_bfn_reopt,flow_stress_phip0.1,0.80748314,0.9501326
9,adam_wfn_bfn_reopt,flow_stress_phip0.1,0.9909965,0.99369204
9,gaussian_wfn_bfn_reopt,flow_stress_phip0.1,0.6822176,0.6245408
9,CGP_wfn_bfn_reopt,flow_stress_phip0.1,0.9252589,0.928788
10,adam_wfn_bfn_reopt,flow_stress_phip0.1,-153.97646,0.99256086
10,gaussian_wfn_bfn_reopt,flow_stress_phip0.1,0.92865235,0.9343608
10,CGP_wfn_bfn_reopt,flow_stress_phip0.1,0.9721208,0.9744624
11,adam_wfn_bfn_reopt,flow_stress_phip0.1,0.9718822,0.980149
11,gaussian_wfn_bfn_reopt,flow_stress_phip0.1,0.9737342,0.97502005
11,CGP_wfn_bfn_reopt,flow_stress_phip0.1,0.96046406,0.95742995
12,adam_wfn_bfn_reopt,flow_stress_phip0.1,0.9207772,0.9424463
12,gaussian_wfn_bfn_reopt,flow_stress_phip0.1,0.91036814,0.9129437
12,CGP_wfn_bfn_reopt,flow_stress_phip0.1,0.9922333,0.9920029
13,adam_wfn_bfn_reopt,flow_stress_phip0.1,0.9702739,0.97453886
13,gaussian_wfn_bfn_reopt,flow_stress_phip0.1,0.9300825,0.95289737
13,CGP_wfn_bfn_reopt,flow_stress_phip0.1,0.98886776,0.98807037
14,adam_wfn_bfn_reopt,flow_stress_phip0.1,0.94786775,0.9551611
14,gaussian_wfn_bfn_reopt,flow_stress_phip0.1,0.9434935,0.9525072
14,CGP_wfn_bfn_reopt,flow_stress_phip0.1,0.87873936,0.8745595
15,adam_wfn_bfn_reopt,flow_stress_phip0.1,0.9543583,0.9608679
15,gaussian_wfn_bfn_reopt,flow_stress_phip0.1,0.9136803,0.9152846
15,CGP_wfn_bfn_reopt,flow_stress_phip0.1,0.975748,0.97907096
16,adam_wfn_bfn_reopt,flow_stress_phip0.1,0.8051929,0.9751291
16,gaussian_wfn_bfn_reopt,flow_stress_phip0.1,0.9026036,0.9257624
16,CGP_wfn_bfn_reopt,flow_stress_phip0.1,0.99154246,0.99303913
17,adam_wfn_bfn_reopt,flow_stress_phip0.1,0.8155974,0.98271483
17,gaussian_wfn_bfn_reopt,flow_stress_phip0.1,0.94810474,0.9549248
17,CGP_wfn_bfn_reopt,flow_stress_phip0.1,0.98508966,0.9850387
18,adam_wfn_bfn_reopt,flow_stress_phip0.1,-64.40263,0.90357447
18,gaussian_wfn_bfn_reopt,flow_stress_phip0.1,-0.0070540905,-1.1444092e-05
18,CGP_wfn_bfn_reopt,flow_stress_phip0.1,0.85070336,0.850347
19,adam_wfn_bfn_reopt,flow_stress_phip0.1,0.9175543,0.9473577
19,gaussian_wfn_bfn_reopt,flow_stress_phip0.1,0.9587331,0.9559966
19,CGP_wfn_bfn_reopt,flow_stress_phip0.1,0.98310035,0.9884056
20,adam_wfn_bfn_reopt,flow_stress_phip0.1,-1.4984932,0.9713621
20,gaussian_wfn_bfn_reopt,flow_stress_phip0.1,0.94466406,0.958862
20,CGP_wfn_bfn_reopt,flow_stress_phip0.1,0.3877917,0.4108104
21,adam_wfn_bfn_reopt,flow_stress_phip0.1,0.95750487,0.96605885
21,gaussian_wfn_bfn_reopt,flow_stress_phip0.1,0.96138245,0.96983075
21,CGP_wfn_bfn_reopt,flow_stress_phip0.1,0.9952842,0.99685675
22,adam_wfn_bfn_reopt,flow_stress_phip0.1,0.034724772,0.12656778
22,gaussian_wfn_bfn_reopt,flow_stress_phip0.1,0.6543691,0.6940093
22,CGP_wfn_bfn_reopt,flow_stress_phip0.1,0.9351054,0.9611395
23,adam_wfn_bfn_reopt,flow_stress_phip0.1,0.99339724,0.9947309
23,gaussian_wfn_bfn_reopt,flow_stress_phip0.1,0.97691125,0.98387355
23,CGP_wfn_bfn_reopt,flow_stress_phip0.1,0.97834015,0.9829542
24,adam_wfn_bfn_reopt,flow_stress_phip0.1,0.13521552,0.9294819
24,gaussian_wfn_bfn_reopt,flow_stress_phip0.1,0.6127078,0.7351732
24,CGP_wfn_bfn_reopt,flow_stress_phip0.1,0.96710587,0.975796
25,adam_wfn_bfn_reopt,flow_stress_phip0.1,0.8402982,0.9796252
25,gaussian_wfn_bfn_reopt,flow_stress_phip0.1,0.95040107,0.95809066
25,CGP_wfn_bfn_reopt,flow_stress_phip0.1,0.9311937,0.9875968
26,adam_wfn_bfn_reopt,flow_stress_phip0.1,0.8707509,0.86680233
26,gaussian_wfn_bfn_reopt,flow_stress_phip0.1,0.934934,0.9456947
26,CGP_wfn_bfn_reopt,flow_stress_phip0.1,0.99075276,0.99299765
27,adam_wfn_bfn_reopt,flow_stress_phip0.1,0.96423197,0.97466946
27,gaussian_wfn_bfn_reopt,flow_stress_phip0.1,0.910471,0.9125994
27,CGP_wfn_bfn_reopt,flow_stress_phip0.1,0.9657036,0.9741452
28,adam_wfn_bfn_reopt,flow_stress_phip0.1,-118.85251,0.97412795
28,gaussian_wfn_bfn_reopt,flow_stress_phip0.1,0.82921875,0.86173475
28,CGP_wfn_bfn_reopt,flow_stress_phip0.1,0.99208987,0.9924939
29,adam_wfn_bfn_reopt,flow_stress_phip0.1,0.9831601,0.98372585
29,gaussian_wfn_bfn_reopt,flow_stress_phip0.1,0.022854507,0.02200365
29,CGP_wfn_bfn_reopt,flow_stress_phip0.1,0.93488693,0.9493686
